admin_level,state,district,block,panchayat,admin_id,latitude,longitude,grid_id,grid_lat,grid_lng,distance_km,proximity_weight,mapping_rank
District,ANDAMAN And NICOBAR ISLANDS,NICOBAR,N/A,N/A,IND_DIST_0001,12.222,92.9909,GRID_023_106,12.25,93.0,3.27,0.7291,1
District,ANDAMAN And NICOBAR ISLANDS,NICOBAR,N/A,N/A,IND_DIST_0001,12.222,92.9909,GRID_022_106,12.0,93.0,24.71,0.0964,2
District,ANDAMAN And NICOBAR ISLANDS,NICOBAR,N/A,N/A,IND_DIST_0001,12.222,92.9909,GRID_023_105,12.25,92.75,26.36,0.0904,3
District,ANDAMAN And NICOBAR ISLANDS,NICOBAR,N/A,N/A,IND_DIST_0001,12.222,92.9909,GRID_023_107,12.25,93.25,28.33,0.0841,4
District,ANDAMAN And NICOBAR ISLANDS,SOUTH ANDAMAN,N/A,N/A,IND_DIST_0002,12.402,92.2559,GRID_024_103,12.5,92.25,10.92,0.4181,1
District,ANDAMAN And NICOBAR ISLANDS,SOUTH ANDAMAN,N/A,N/A,IND_DIST_0002,12.402,92.2559,GRID_023_103,12.25,92.25,16.91,0.2698,2
District,ANDAMAN And NICOBAR ISLANDS,SOUTH ANDAMAN,N/A,N/A,IND_DIST_0002,12.402,92.2559,GRID_024_104,12.5,92.5,28.66,0.1592,3
District,ANDAMAN And NICOBAR ISLANDS,SOUTH ANDAMAN,N/A,N/A,IND_DIST_0002,12.402,92.2559,GRID_024_102,12.5,92.0,29.85,0.1529,4
District,ANDAMAN And NICOBAR ISLANDS,N & M ANDAMAN,N/A,N/A,IND_DIST_0003,11.967,92.0009,GRID_022_102,12.0,92.0,3.67,0.7044,1
District,ANDAMAN And NICOBAR ISLANDS,N & M ANDAMAN,N/A,N/A,IND_DIST_0003,11.967,92.0009,GRID_021_102,11.75,92.0,24.13,0.1072,2
District,ANDAMAN And NICOBAR ISLANDS,N & M ANDAMAN,N/A,N/A,IND_DIST_0003,11.967,92.0009,GRID_022_103,12.0,92.25,27.34,0.0946,3
District,ANDAMAN And NICOBAR ISLANDS,N & M ANDAMAN,N/A,N/A,IND_DIST_0003,11.967,92.0009,GRID_022_101,12.0,91.75,27.54,0.0939,4
District,ARUNACHAL PRADESH,LOHIT,N/A,N/A,IND_DIST_0004,27.7304,94.2616,GRID_085_111,27.75,94.25,2.46,0.7719,1
District,ARUNACHAL PRADESH,LOHIT,N/A,N/A,IND_DIST_0004,27.7304,94.2616,GRID_085_112,27.75,94.5,23.56,0.0806,2
District,ARUNACHAL PRADESH,LOHIT,N/A,N/A,IND_DIST_0004,27.7304,94.2616,GRID_084_111,27.5,94.25,25.64,0.0741,3
District,ARUNACHAL PRADESH,LOHIT,N/A,N/A,IND_DIST_0004,27.7304,94.2616,GRID_085_110,27.75,94.0,25.84,0.0735,4
District,ARUNACHAL PRADESH,EAST SIANG,N/A,N/A,IND_DIST_0005,26.4854,93.9016,GRID_080_110,26.5,94.0,9.93,0.4278,1
District,ARUNACHAL PRADESH,EAST SIANG,N/A,N/A,IND_DIST_0005,26.4854,93.9016,GRID_080_109,26.5,93.75,15.17,0.2798,2
District,ARUNACHAL PRADESH,EAST SIANG,N/A,N/A,IND_DIST_0005,26.4854,93.9016,GRID_079_110,26.25,94.0,27.95,0.1519,3
District,ARUNACHAL PRADESH,EAST SIANG,N/A,N/A,IND_DIST_0005,26.4854,93.9016,GRID_079_109,26.25,93.75,30.22,0.1405,4
District,ARUNACHAL PRADESH,SUBANSIRI F.D,N/A,N/A,IND_DIST_0006,27.2204,92.9716,GRID_083_106,27.25,93.0,4.33,0.655,1
District,ARUNACHAL PRADESH,SUBANSIRI F.D,N/A,N/A,IND_DIST_0006,27.2204,92.9716,GRID_083_105,27.25,92.75,22.15,0.1279,2
District,ARUNACHAL PRADESH,SUBANSIRI F.D,N/A,N/A,IND_DIST_0006,27.2204,92.9716,GRID_082_106,27.0,93.0,24.67,0.1149,3
District,ARUNACHAL PRADESH,SUBANSIRI F.D,N/A,N/A,IND_DIST_0006,27.2204,92.9716,GRID_083_107,27.25,93.25,27.72,0.1022,4
District,ARUNACHAL PRADESH,TIRAP,N/A,N/A,IND_DIST_0007,26.9654,92.9566,GRID_082_106,27.0,93.0,5.77,0.5845,1
District,ARUNACHAL PRADESH,TIRAP,N/A,N/A,IND_DIST_0007,26.9654,92.9566,GRID_082_105,27.0,92.75,20.83,0.1619,2
District,ARUNACHAL PRADESH,TIRAP,N/A,N/A,IND_DIST_0007,26.9654,92.9566,GRID_081_106,26.75,93.0,24.34,0.1386,3
District,ARUNACHAL PRADESH,TIRAP,N/A,N/A,IND_DIST_0007,26.9654,92.9566,GRID_082_107,27.0,93.25,29.33,0.115,4
District,ARUNACHAL PRADESH,ANJAW (LOHIT),N/A,N/A,IND_DIST_0008,27.6254,94.2766,GRID_085_111,27.75,94.25,14.1,0.325,1
District,ARUNACHAL PRADESH,ANJAW (LOHIT),N/A,N/A,IND_DIST_0008,27.6254,94.2766,GRID_084_111,27.5,94.25,14.19,0.323,2
District,ARUNACHAL PRADESH,ANJAW (LOHIT),N/A,N/A,IND_DIST_0008,27.6254,94.2766,GRID_085_112,27.75,94.5,26.0,0.1763,3
District,ARUNACHAL PRADESH,ANJAW (LOHIT),N/A,N/A,IND_DIST_0008,27.6254,94.2766,GRID_084_112,27.5,94.5,26.06,0.1758,4
District,ARUNACHAL PRADESH,LOWER DIBANG,N/A,N/A,IND_DIST_0009,27.5204,93.0316,GRID_084_106,27.5,93.0,3.85,0.682,1
District,ARUNACHAL PRADESH,LOWER DIBANG,N/A,N/A,IND_DIST_0009,27.5204,93.0316,GRID_084_107,27.5,93.25,21.66,0.1214,2
District,ARUNACHAL PRADESH,LOWER DIBANG,N/A,N/A,IND_DIST_0009,27.5204,93.0316,GRID_085_106,27.75,93.0,25.72,0.1022,3
District,ARUNACHAL PRADESH,LOWER DIBANG,N/A,N/A,IND_DIST_0009,27.5204,93.0316,GRID_084_105,27.5,92.75,27.86,0.0943,4
District,ARUNACHAL PRADESH,CHANGLANG,N/A,N/A,IND_DIST_0010,26.4854,94.0816,GRID_080_110,26.5,94.0,8.28,0.4842,1
District,ARUNACHAL PRADESH,CHANGLANG,N/A,N/A,IND_DIST_0010,26.4854,94.0816,GRID_080_111,26.5,94.25,16.84,0.2381,2
District,ARUNACHAL PRADESH,CHANGLANG,N/A,N/A,IND_DIST_0010,26.4854,94.0816,GRID_079_110,26.25,94.0,27.41,0.1463,3
District,ARUNACHAL PRADESH,CHANGLANG,N/A,N/A,IND_DIST_0010,26.4854,94.0816,GRID_081_110,26.75,94.0,30.52,0.1314,4
District,ARUNACHAL PRADESH,PAPUM PARE,N/A,N/A,IND_DIST_0011,26.9954,93.1666,GRID_082_107,27.0,93.25,8.28,0.4825,1
District,ARUNACHAL PRADESH,PAPUM PARE,N/A,N/A,IND_DIST_0011,26.9954,93.1666,GRID_082_106,27.0,93.0,16.51,0.2419,2
District,ARUNACHAL PRADESH,PAPUM PARE,N/A,N/A,IND_DIST_0011,26.9954,93.1666,GRID_081_107,26.75,93.25,28.51,0.1401,3
District,ARUNACHAL PRADESH,PAPUM PARE,N/A,N/A,IND_DIST_0011,26.9954,93.1666,GRID_083_107,27.25,93.25,29.49,0.1355,4
District,ARUNACHAL PRADESH,LOW SUBANSIRI,N/A,N/A,IND_DIST_0012,26.5754,93.9166,GRID_080_110,26.5,94.0,11.8,0.3765,1
District,ARUNACHAL PRADESH,LOW SUBANSIRI,N/A,N/A,IND_DIST_0012,26.5754,93.9166,GRID_080_109,26.5,93.75,18.57,0.2391,2
District,ARUNACHAL PRADESH,LOW SUBANSIRI,N/A,N/A,IND_DIST_0012,26.5754,93.9166,GRID_081_110,26.75,94.0,21.11,0.2104,3
District,ARUNACHAL PRADESH,LOW SUBANSIRI,N/A,N/A,IND_DIST_0012,26.5754,93.9166,GRID_081_109,26.75,93.75,25.51,0.174,4
District,ARUNACHAL PRADESH,UPPER SIANG,N/A,N/A,IND_DIST_0013,26.4254,93.7066,GRID_080_109,26.5,93.75,9.35,0.4505,1
District,ARUNACHAL PRADESH,UPPER SIANG,N/A,N/A,IND_DIST_0013,26.4254,93.7066,GRID_079_109,26.25,93.75,19.98,0.2109,2
District,ARUNACHAL PRADESH,UPPER SIANG,N/A,N/A,IND_DIST_0013,26.4254,93.7066,GRID_080_108,26.5,93.5,22.18,0.19,3
District,ARUNACHAL PRADESH,UPPER SIANG,N/A,N/A,IND_DIST_0013,26.4254,93.7066,GRID_079_108,26.25,93.5,28.36,0.1486,4
District,ARUNACHAL PRADESH,WEST SIANG,N/A,N/A,IND_DIST_0014,26.4854,94.2316,GRID_080_111,26.5,94.25,2.45,0.7748,1
District,ARUNACHAL PRADESH,WEST SIANG,N/A,N/A,IND_DIST_0014,26.4854,94.2316,GRID_080_110,26.5,94.0,23.11,0.0821,2
District,ARUNACHAL PRADESH,WEST SIANG,N/A,N/A,IND_DIST_0014,26.4854,94.2316,GRID_079_111,26.25,94.25,26.24,0.0723,3
District,ARUNACHAL PRADESH,WEST SIANG,N/A,N/A,IND_DIST_0014,26.4854,94.2316,GRID_080_112,26.5,94.5,26.76,0.0709,4
District,ARUNACHAL PRADESH,DIBANG VALLEY,N/A,N/A,IND_DIST_0015,26.4404,93.2266,GRID_080_107,26.5,93.25,7.02,0.5321,1
District,ARUNACHAL PRADESH,DIBANG VALLEY,N/A,N/A,IND_DIST_0015,26.4404,93.2266,GRID_079_107,26.25,93.25,21.3,0.1755,2
District,ARUNACHAL PRADESH,DIBANG VALLEY,N/A,N/A,IND_DIST_0015,26.4404,93.2266,GRID_080_106,26.5,93.0,23.51,0.159,3
District,ARUNACHAL PRADESH,DIBANG VALLEY,N/A,N/A,IND_DIST_0015,26.4404,93.2266,GRID_080_108,26.5,93.5,28.01,0.1334,4
District,ARUNACHAL PRADESH,WEST KAMENG,N/A,N/A,IND_DIST_0016,26.5754,93.5266,GRID_080_108,26.5,93.5,8.79,0.4707,1
District,ARUNACHAL PRADESH,WEST KAMENG,N/A,N/A,IND_DIST_0016,26.5754,93.5266,GRID_081_108,26.75,93.5,19.59,0.2112,2
District,ARUNACHAL PRADESH,WEST KAMENG,N/A,N/A,IND_DIST_0016,26.5754,93.5266,GRID_080_109,26.5,93.75,23.75,0.1742,3
District,ARUNACHAL PRADESH,WEST KAMENG,N/A,N/A,IND_DIST_0016,26.5754,93.5266,GRID_080_107,26.5,93.25,28.76,0.1439,4
District,ARUNACHAL PRADESH,EAST KAMENG,N/A,N/A,IND_DIST_0017,26.4104,93.2566,GRID_080_107,26.5,93.25,9.98,0.4339,1
District,ARUNACHAL PRADESH,EAST KAMENG,N/A,N/A,IND_DIST_0017,26.4104,93.2566,GRID_079_107,26.25,93.25,17.85,0.2427,2
District,ARUNACHAL PRADESH,EAST KAMENG,N/A,N/A,IND_DIST_0017,26.4104,93.2566,GRID_080_108,26.5,93.5,26.2,0.1654,3
District,ARUNACHAL PRADESH,EAST KAMENG,N/A,N/A,IND_DIST_0017,26.4104,93.2566,GRID_080_106,26.5,93.0,27.42,0.158,4
District,ARUNACHAL PRADESH,TAWANG(W KAME,N/A,N/A,IND_DIST_0018,27.7154,93.1366,GRID_085_107,27.75,93.25,11.81,0.3676,1
District,ARUNACHAL PRADESH,TAWANG(W KAME,N/A,N/A,IND_DIST_0018,27.7154,93.1366,GRID_085_106,27.75,93.0,13.98,0.3103,2
District,ARUNACHAL PRADESH,TAWANG(W KAME,N/A,N/A,IND_DIST_0018,27.7154,93.1366,GRID_084_107,27.5,93.25,26.43,0.1642,3
District,ARUNACHAL PRADESH,TAWANG(W KAME,N/A,N/A,IND_DIST_0018,27.7154,93.1366,GRID_084_106,27.5,93.0,27.47,0.1579,4
District,ARUNACHAL PRADESH,KURUNG KUMEY,N/A,N/A,IND_DIST_0019,27.5654,93.8266,GRID_084_109,27.5,93.75,10.48,0.4104,1
District,ARUNACHAL PRADESH,KURUNG KUMEY,N/A,N/A,IND_DIST_0019,27.5654,93.8266,GRID_084_110,27.5,94.0,18.58,0.2316,2
District,ARUNACHAL PRADESH,KURUNG KUMEY,N/A,N/A,IND_DIST_0019,27.5654,93.8266,GRID_085_109,27.75,93.75,21.87,0.1968,3
District,ARUNACHAL PRADESH,KURUNG KUMEY,N/A,N/A,IND_DIST_0019,27.5654,93.8266,GRID_085_110,27.75,94.0,26.7,0.1612,4
District,ASSAM,CACHAR,N/A,N/A,IND_DIST_0020,26.0656,92.1876,GRID_078_103,26.0,92.25,9.6,0.4404,1
District,ASSAM,CACHAR,N/A,N/A,IND_DIST_0020,26.0656,92.1876,GRID_078_102,26.0,92.0,20.11,0.2101,2
District,ASSAM,CACHAR,N/A,N/A,IND_DIST_0020,26.0656,92.1876,GRID_079_103,26.25,92.25,21.43,0.1972,3
District,ASSAM,CACHAR,N/A,N/A,IND_DIST_0020,26.0656,92.1876,GRID_079_102,26.25,92.0,27.77,0.1522,4
District,ASSAM,DARRANG,N/A,N/A,IND_DIST_0021,25.6606,93.6576,GRID_077_109,25.75,93.75,13.58,0.3364,1
District,ASSAM,DARRANG,N/A,N/A,IND_DIST_0021,25.6606,93.6576,GRID_077_108,25.75,93.5,18.66,0.2449,2
District,ASSAM,DARRANG,N/A,N/A,IND_DIST_0021,25.6606,93.6576,GRID_076_109,25.5,93.75,20.12,0.2271,3
District,ASSAM,DARRANG,N/A,N/A,IND_DIST_0021,25.6606,93.6576,GRID_076_108,25.5,93.5,23.85,0.1916,4
District,ASSAM,GOALPARA,N/A,N/A,IND_DIST_0022,26.8006,92.5776,GRID_081_104,26.75,92.5,9.54,0.4392,1
District,ASSAM,GOALPARA,N/A,N/A,IND_DIST_0022,26.8006,92.5776,GRID_081_105,26.75,92.75,18.02,0.2326,2
District,ASSAM,GOALPARA,N/A,N/A,IND_DIST_0022,26.8006,92.5776,GRID_082_104,27.0,92.5,23.47,0.1785,3
District,ASSAM,GOALPARA,N/A,N/A,IND_DIST_0022,26.8006,92.5776,GRID_082_105,27.0,92.75,28.0,0.1497,4
District,ASSAM,KAMRUP,N/A,N/A,IND_DIST_0023,26.6506,92.6226,GRID_081_104,26.75,92.5,16.45,0.2812,1
District,ASSAM,KAMRUP,N/A,N/A,IND_DIST_0023,26.6506,92.6226,GRID_081_105,26.75,92.75,16.8,0.2753,2
District,ASSAM,KAMRUP,N/A,N/A,IND_DIST_0023,26.6506,92.6226,GRID_080_104,26.5,92.5,20.71,0.2233,3
District,ASSAM,KAMRUP,N/A,N/A,IND_DIST_0023,26.6506,92.6226,GRID_080_105,26.5,92.75,21.0,0.2203,4
District,ASSAM,LAKHIMPUR,N/A,N/A,IND_DIST_0024,26.8306,93.2676,GRID_081_107,26.75,93.25,9.13,0.4593,1
District,ASSAM,LAKHIMPUR,N/A,N/A,IND_DIST_0024,26.8306,93.2676,GRID_082_107,27.0,93.25,18.92,0.2217,2
District,ASSAM,LAKHIMPUR,N/A,N/A,IND_DIST_0024,26.8306,93.2676,GRID_081_108,26.75,93.5,24.75,0.1695,3
District,ASSAM,LAKHIMPUR,N/A,N/A,IND_DIST_0024,26.8306,93.2676,GRID_081_106,26.75,93.0,28.03,0.1496,4
District,ASSAM,NORTH CACHAR,N/A,N/A,IND_DIST_0025,26.5906,93.4026,GRID_080_108,26.5,93.5,13.98,0.327,1
District,ASSAM,NORTH CACHAR,N/A,N/A,IND_DIST_0025,26.5906,93.4026,GRID_080_107,26.5,93.25,18.22,0.2508,2
District,ASSAM,NORTH CACHAR,N/A,N/A,IND_DIST_0025,26.5906,93.4026,GRID_081_108,26.75,93.5,20.19,0.2263,3
District,ASSAM,NORTH CACHAR,N/A,N/A,IND_DIST_0025,26.5906,93.4026,GRID_081_107,26.75,93.25,23.33,0.1959,4
District,ASSAM,NAGAON,N/A,N/A,IND_DIST_0026,26.4706,93.4326,GRID_080_108,26.5,93.5,7.46,0.515,1
District,ASSAM,NAGAON,N/A,N/A,IND_DIST_0026,26.4706,93.4326,GRID_080_107,26.5,93.25,18.46,0.2081,2
District,ASSAM,NAGAON,N/A,N/A,IND_DIST_0026,26.4706,93.4326,GRID_079_108,26.25,93.5,25.43,0.1511,3
District,ASSAM,NAGAON,N/A,N/A,IND_DIST_0026,26.4706,93.4326,GRID_079_107,26.25,93.25,30.54,0.1258,4
District,ASSAM,SIVASAGAR,N/A,N/A,IND_DIST_0027,26.6056,92.9376,GRID_080_106,26.5,93.0,13.28,0.3432,1
District,ASSAM,SIVASAGAR,N/A,N/A,IND_DIST_0027,26.6056,92.9376,GRID_081_106,26.75,93.0,17.21,0.2648,2
District,ASSAM,SIVASAGAR,N/A,N/A,IND_DIST_0027,26.6056,92.9376,GRID_080_105,26.5,92.75,22.05,0.2067,3
District,ASSAM,SIVASAGAR,N/A,N/A,IND_DIST_0027,26.6056,92.9376,GRID_081_105,26.75,92.75,24.6,0.1853,4
District,ASSAM,BARPETA,N/A,N/A,IND_DIST_0028,26.6506,93.4626,GRID_081_108,26.75,93.5,11.66,0.3844,1
District,ASSAM,BARPETA,N/A,N/A,IND_DIST_0028,26.6506,93.4626,GRID_080_108,26.5,93.5,17.15,0.2613,2
District,ASSAM,BARPETA,N/A,N/A,IND_DIST_0028,26.6506,93.4626,GRID_081_107,26.75,93.25,23.84,0.1881,3
District,ASSAM,BARPETA,N/A,N/A,IND_DIST_0028,26.6506,93.4626,GRID_080_107,26.5,93.25,26.97,0.1662,4
District,ASSAM,DHUBRI,N/A,N/A,IND_DIST_0029,26.5756,92.3676,GRID_080_103,26.5,92.25,14.41,0.3152,1
District,ASSAM,DHUBRI,N/A,N/A,IND_DIST_0029,26.5756,92.3676,GRID_080_104,26.5,92.5,15.63,0.2906,2
District,ASSAM,DHUBRI,N/A,N/A,IND_DIST_0029,26.5756,92.3676,GRID_081_103,26.75,92.25,22.64,0.2005,3
District,ASSAM,DHUBRI,N/A,N/A,IND_DIST_0029,26.5756,92.3676,GRID_081_104,26.75,92.5,23.43,0.1937,4
District,ASSAM,DIBRUGARH,N/A,N/A,IND_DIST_0030,26.5456,93.1326,GRID_080_107,26.5,93.25,12.73,0.3467,1
District,ASSAM,DIBRUGARH,N/A,N/A,IND_DIST_0030,26.5456,93.1326,GRID_080_106,26.5,93.0,14.13,0.3124,2
District,ASSAM,DIBRUGARH,N/A,N/A,IND_DIST_0030,26.5456,93.1326,GRID_081_107,26.75,93.25,25.55,0.1728,3
District,ASSAM,DIBRUGARH,N/A,N/A,IND_DIST_0030,26.5456,93.1326,GRID_081_106,26.75,93.0,26.27,0.1681,4
District,ASSAM,JORHAT,N/A,N/A,IND_DIST_0031,25.5256,92.4876,GRID_076_104,25.5,92.5,3.11,0.7294,1
District,ASSAM,JORHAT,N/A,N/A,IND_DIST_0031,25.5256,92.4876,GRID_076_103,25.5,92.25,24.01,0.0944,2
District,ASSAM,JORHAT,N/A,N/A,IND_DIST_0031,25.5256,92.4876,GRID_077_104,25.75,92.5,24.98,0.0907,3
District,ASSAM,JORHAT,N/A,N/A,IND_DIST_0031,25.5256,92.4876,GRID_076_105,25.5,92.75,26.49,0.0856,4
District,ASSAM,KARIMGANJ,N/A,N/A,IND_DIST_0032,26.6656,92.5026,GRID_081_104,26.75,92.5,9.39,0.451,1
District,ASSAM,KARIMGANJ,N/A,N/A,IND_DIST_0032,26.6656,92.5026,GRID_080_104,26.5,92.5,18.42,0.2299,2
District,ASSAM,KARIMGANJ,N/A,N/A,IND_DIST_0032,26.6656,92.5026,GRID_081_105,26.75,92.75,26.31,0.161,3
District,ASSAM,KARIMGANJ,N/A,N/A,IND_DIST_0032,26.6656,92.5026,GRID_081_103,26.75,92.25,26.79,0.1581,4
District,ASSAM,KOKRAJHAR,N/A,N/A,IND_DIST_0033,26.6206,93.1626,GRID_080_107,26.5,93.25,15.98,0.2898,1
District,ASSAM,KOKRAJHAR,N/A,N/A,IND_DIST_0033,26.6206,93.1626,GRID_081_107,26.75,93.25,16.81,0.2756,2
District,ASSAM,KOKRAJHAR,N/A,N/A,IND_DIST_0033,26.6206,93.1626,GRID_080_106,26.5,93.0,21.01,0.2205,3
District,ASSAM,KOKRAJHAR,N/A,N/A,IND_DIST_0033,26.6206,93.1626,GRID_081_106,26.75,93.0,21.63,0.2141,4
District,ASSAM,SHONITPUR,N/A,N/A,IND_DIST_0034,26.2456,92.2326,GRID_079_103,26.25,92.25,1.8,0.8256,1
District,ASSAM,SHONITPUR,N/A,N/A,IND_DIST_0034,26.2456,92.2326,GRID_079_102,26.25,92.0,23.2,0.0642,2
District,ASSAM,SHONITPUR,N/A,N/A,IND_DIST_0034,26.2456,92.2326,GRID_079_104,26.25,92.5,26.67,0.0558,3
District,ASSAM,SHONITPUR,N/A,N/A,IND_DIST_0034,26.2456,92.2326,GRID_078_103,26.0,92.25,27.36,0.0544,4
District,ASSAM,GOLAGHAT,N/A,N/A,IND_DIST_0035,26.0356,92.2176,GRID_078_103,26.0,92.25,5.11,0.616,1
District,ASSAM,GOLAGHAT,N/A,N/A,IND_DIST_0035,26.0356,92.2176,GRID_078_102,26.0,92.0,22.1,0.1425,2
District,ASSAM,GOLAGHAT,N/A,N/A,IND_DIST_0035,26.0356,92.2176,GRID_079_103,26.25,92.25,24.06,0.1309,3
District,ASSAM,GOLAGHAT,N/A,N/A,IND_DIST_0035,26.0356,92.2176,GRID_078_104,26.0,92.5,28.5,0.1105,4
District,ASSAM,TINSUKIA,N/A,N/A,IND_DIST_0036,25.6606,92.4876,GRID_077_104,25.75,92.5,10.02,0.434,1
District,ASSAM,TINSUKIA,N/A,N/A,IND_DIST_0036,25.6606,92.4876,GRID_076_104,25.5,92.5,17.9,0.2429,2
District,ASSAM,TINSUKIA,N/A,N/A,IND_DIST_0036,25.6606,92.4876,GRID_077_103,25.75,92.25,25.8,0.1685,3
District,ASSAM,TINSUKIA,N/A,N/A,IND_DIST_0036,25.6606,92.4876,GRID_077_105,25.75,92.75,28.11,0.1547,4
District,ASSAM,HAILAKANDI,N/A,N/A,IND_DIST_0037,26.0956,93.1026,GRID_078_106,26.0,93.0,14.77,0.312,1
District,ASSAM,HAILAKANDI,N/A,N/A,IND_DIST_0037,26.0956,93.1026,GRID_078_107,26.0,93.25,18.16,0.2537,2
District,ASSAM,HAILAKANDI,N/A,N/A,IND_DIST_0037,26.0956,93.1026,GRID_079_106,26.25,93.0,19.99,0.2305,3
District,ASSAM,HAILAKANDI,N/A,N/A,IND_DIST_0037,26.0956,93.1026,GRID_079_107,26.25,93.25,22.61,0.2038,4
District,ASSAM,DHEMAJI(LAKHI,N/A,N/A,IND_DIST_0038,26.7256,92.2176,GRID_081_103,26.75,92.25,4.21,0.6627,1
District,ASSAM,DHEMAJI(LAKHI,N/A,N/A,IND_DIST_0038,26.7256,92.2176,GRID_081_102,26.75,92.0,21.78,0.1281,2
District,ASSAM,DHEMAJI(LAKHI,N/A,N/A,IND_DIST_0038,26.7256,92.2176,GRID_080_103,26.5,92.25,25.29,0.1103,3
District,ASSAM,DHEMAJI(LAKHI,N/A,N/A,IND_DIST_0038,26.7256,92.2176,GRID_081_104,26.75,92.5,28.17,0.099,4
District,ASSAM,KARBI ANGLONG,N/A,N/A,IND_DIST_0039,26.5756,92.9676,GRID_080_106,26.5,93.0,9.0,0.4639,1
District,ASSAM,KARBI ANGLONG,N/A,N/A,IND_DIST_0039,26.5756,92.9676,GRID_081_106,26.75,93.0,19.66,0.2125,2
District,ASSAM,KARBI ANGLONG,N/A,N/A,IND_DIST_0039,26.5756,92.9676,GRID_080_105,26.5,92.75,23.22,0.1799,3
District,ASSAM,KARBI ANGLONG,N/A,N/A,IND_DIST_0039,26.5756,92.9676,GRID_081_105,26.75,92.75,29.05,0.1438,4
District,ASSAM,UDALGURI(DARA,N/A,N/A,IND_DIST_0040,25.9156,92.9076,GRID_078_106,26.0,93.0,13.17,0.3448,1
District,ASSAM,UDALGURI(DARA,N/A,N/A,IND_DIST_0040,25.9156,92.9076,GRID_078_105,26.0,92.75,18.34,0.2476,2
District,ASSAM,UDALGURI(DARA,N/A,N/A,IND_DIST_0040,25.9156,92.9076,GRID_077_106,25.75,93.0,20.61,0.2204,3
District,ASSAM,UDALGURI(DARA,N/A,N/A,IND_DIST_0040,25.9156,92.9076,GRID_077_105,25.75,92.75,24.25,0.1873,4
District,ASSAM,KAMRUP METROP,N/A,N/A,IND_DIST_0041,25.4956,92.6826,GRID_076_105,25.5,92.75,6.78,0.5422,1
District,ASSAM,KAMRUP METROP,N/A,N/A,IND_DIST_0041,25.4956,92.6826,GRID_076_104,25.5,92.5,18.33,0.2006,2
District,ASSAM,KAMRUP METROP,N/A,N/A,IND_DIST_0041,25.4956,92.6826,GRID_075_105,25.25,92.75,28.14,0.1307,3
District,ASSAM,KAMRUP METROP,N/A,N/A,IND_DIST_0041,25.4956,92.6826,GRID_077_105,25.75,92.75,29.08,0.1264,4
District,ASSAM,CHIRANG(BONGAI,N/A,N/A,IND_DIST_0042,26.3656,93.6426,GRID_079_109,26.25,93.75,16.73,0.2782,1
District,ASSAM,CHIRANG(BONGAI,N/A,N/A,IND_DIST_0042,26.3656,93.6426,GRID_080_109,26.5,93.75,18.38,0.2532,2
District,ASSAM,CHIRANG(BONGAI,N/A,N/A,IND_DIST_0042,26.3656,93.6426,GRID_079_108,26.25,93.5,19.16,0.2428,3
District,ASSAM,CHIRANG(BONGAI,N/A,N/A,IND_DIST_0042,26.3656,93.6426,GRID_080_108,26.5,93.5,20.61,0.2257,4
District,ASSAM,BAKSA BARPETA,N/A,N/A,IND_DIST_0043,25.9756,92.3826,GRID_078_104,26.0,92.5,12.04,0.3637,1
District,ASSAM,BAKSA BARPETA,N/A,N/A,IND_DIST_0043,25.9756,92.3826,GRID_078_103,26.0,92.25,13.53,0.3238,2
District,ASSAM,BAKSA BARPETA,N/A,N/A,IND_DIST_0043,25.9756,92.3826,GRID_077_104,25.75,92.5,27.7,0.1581,3
District,ASSAM,BAKSA BARPETA,N/A,N/A,IND_DIST_0043,25.9756,92.3826,GRID_077_103,25.75,92.25,28.38,0.1544,4
District,ASSAM,BONGAIGAON,N/A,N/A,IND_DIST_0044,26.1106,93.1026,GRID_078_106,26.0,93.0,16.01,0.2902,1
District,ASSAM,BONGAIGAON,N/A,N/A,IND_DIST_0044,26.1106,93.1026,GRID_079_106,26.25,93.0,18.58,0.2501,2
District,ASSAM,BONGAIGAON,N/A,N/A,IND_DIST_0044,26.1106,93.1026,GRID_078_107,26.0,93.25,19.18,0.2422,3
District,ASSAM,BONGAIGAON,N/A,N/A,IND_DIST_0044,26.1106,93.1026,GRID_079_107,26.25,93.25,21.37,0.2174,4
District,ASSAM,MORIGAON,N/A,N/A,IND_DIST_0045,25.7806,92.2026,GRID_077_103,25.75,92.25,5.84,0.5835,1
District,ASSAM,MORIGAON,N/A,N/A,IND_DIST_0045,25.7806,92.2026,GRID_077_102,25.75,92.0,20.57,0.1657,2
District,ASSAM,MORIGAON,N/A,N/A,IND_DIST_0045,25.7806,92.2026,GRID_078_103,26.0,92.25,24.85,0.1371,3
District,ASSAM,MORIGAON,N/A,N/A,IND_DIST_0045,25.7806,92.2026,GRID_077_104,25.75,92.5,29.98,0.1137,4
District,ASSAM,NALBARI,N/A,N/A,IND_DIST_0046,26.4406,92.7426,GRID_080_105,26.5,92.75,6.65,0.5464,1
District,ASSAM,NALBARI,N/A,N/A,IND_DIST_0046,26.4406,92.7426,GRID_079_105,26.25,92.75,21.21,0.1712,2
District,ASSAM,NALBARI,N/A,N/A,IND_DIST_0046,26.4406,92.7426,GRID_080_104,26.5,92.5,25.03,0.1451,3
District,ASSAM,NALBARI,N/A,N/A,IND_DIST_0046,26.4406,92.7426,GRID_080_106,26.5,93.0,26.46,0.1373,4
District,MEGHALAYA,EAST KHASI HI,N/A,N/A,IND_DIST_0047,26.0138,92.3433,GRID_078_103,26.0,92.25,9.45,0.4447,1
District,MEGHALAYA,EAST KHASI HI,N/A,N/A,IND_DIST_0047,26.0138,92.3433,GRID_078_104,26.0,92.5,15.73,0.2671,2
District,MEGHALAYA,EAST KHASI HI,N/A,N/A,IND_DIST_0047,26.0138,92.3433,GRID_079_103,26.25,92.25,27.87,0.1508,3
District,MEGHALAYA,EAST KHASI HI,N/A,N/A,IND_DIST_0047,26.0138,92.3433,GRID_079_104,26.25,92.5,30.57,0.1375,4
District,MEGHALAYA,JAINTIA HILLS,N/A,N/A,IND_DIST_0048,25.4138,91.9983,GRID_076_102,25.5,92.0,9.59,0.4464,1
District,MEGHALAYA,JAINTIA HILLS,N/A,N/A,IND_DIST_0048,25.4138,91.9983,GRID_075_102,25.25,92.0,18.21,0.235,2
District,MEGHALAYA,JAINTIA HILLS,N/A,N/A,IND_DIST_0048,25.4138,91.9983,GRID_076_101,25.5,91.75,26.71,0.1602,3
District,MEGHALAYA,JAINTIA HILLS,N/A,N/A,IND_DIST_0048,25.4138,91.9983,GRID_076_103,25.5,92.25,27.03,0.1584,4
District,MEGHALAYA,EAST GARO HIL,N/A,N/A,IND_DIST_0049,25.9688,91.3083,GRID_078_099,26.0,91.25,6.78,0.544,1
District,MEGHALAYA,EAST GARO HIL,N/A,N/A,IND_DIST_0049,25.9688,91.3083,GRID_078_100,26.0,91.5,19.47,0.1895,2
District,MEGHALAYA,EAST GARO HIL,N/A,N/A,IND_DIST_0049,25.9688,91.3083,GRID_077_099,25.75,91.25,25.02,0.1475,3
District,MEGHALAYA,EAST GARO HIL,N/A,N/A,IND_DIST_0049,25.9688,91.3083,GRID_077_100,25.75,91.5,30.98,0.1191,4
District,MEGHALAYA,RI-BHOI,N/A,N/A,IND_DIST_0050,24.9788,92.3133,GRID_074_103,25.0,92.25,6.8,0.5439,1
District,MEGHALAYA,RI-BHOI,N/A,N/A,IND_DIST_0050,24.9788,92.3133,GRID_074_104,25.0,92.5,18.96,0.1951,2
District,MEGHALAYA,RI-BHOI,N/A,N/A,IND_DIST_0050,24.9788,92.3133,GRID_073_103,24.75,92.25,26.23,0.141,3
District,MEGHALAYA,RI-BHOI,N/A,N/A,IND_DIST_0050,24.9788,92.3133,GRID_075_103,25.25,92.25,30.82,0.12,4
District,MEGHALAYA,SOUTH GARO HI,N/A,N/A,IND_DIST_0051,25.8188,92.1933,GRID_077_103,25.75,92.25,9.53,0.4436,1
District,MEGHALAYA,SOUTH GARO HI,N/A,N/A,IND_DIST_0051,25.8188,92.1933,GRID_077_102,25.75,92.0,20.81,0.2031,2
District,MEGHALAYA,SOUTH GARO HI,N/A,N/A,IND_DIST_0051,25.8188,92.1933,GRID_078_103,26.0,92.25,20.93,0.2019,3
District,MEGHALAYA,SOUTH GARO HI,N/A,N/A,IND_DIST_0051,25.8188,92.1933,GRID_078_102,26.0,92.0,27.92,0.1514,4
District,MEGHALAYA,W KHASI HILL,N/A,N/A,IND_DIST_0052,25.2188,91.1583,GRID_075_099,25.25,91.25,9.85,0.4306,1
District,MEGHALAYA,W KHASI HILL,N/A,N/A,IND_DIST_0052,25.2188,91.1583,GRID_075_098,25.25,91.0,16.3,0.2604,2
District,MEGHALAYA,W KHASI HILL,N/A,N/A,IND_DIST_0052,25.2188,91.1583,GRID_074_099,25.0,91.25,26.02,0.1631,3
District,MEGHALAYA,W KHASI HILL,N/A,N/A,IND_DIST_0052,25.2188,91.1583,GRID_074_098,25.0,91.0,29.09,0.1459,4
District,MEGHALAYA,WEST GARO HIL,N/A,N/A,IND_DIST_0053,25.7138,91.7883,GRID_077_101,25.75,91.75,5.56,0.5955,1
District,MEGHALAYA,WEST GARO HIL,N/A,N/A,IND_DIST_0053,25.7138,91.7883,GRID_077_102,25.75,92.0,21.58,0.1534,2
District,MEGHALAYA,WEST GARO HIL,N/A,N/A,IND_DIST_0053,25.7138,91.7883,GRID_076_101,25.5,91.75,24.08,0.1375,3
District,MEGHALAYA,WEST GARO HIL,N/A,N/A,IND_DIST_0053,25.7138,91.7883,GRID_077_100,25.75,91.5,29.16,0.1136,4
District,MANIPUR,IMPHAL EAST,N/A,N/A,IND_DIST_0054,25.132,93.8168,GRID_075_109,25.25,93.75,14.74,0.3135,1
District,MANIPUR,IMPHAL EAST,N/A,N/A,IND_DIST_0054,25.132,93.8168,GRID_074_109,25.0,93.75,16.15,0.2862,2
District,MANIPUR,IMPHAL EAST,N/A,N/A,IND_DIST_0054,25.132,93.8168,GRID_075_110,25.25,94.0,22.63,0.2043,3
District,MANIPUR,IMPHAL EAST,N/A,N/A,IND_DIST_0054,25.132,93.8168,GRID_074_110,25.0,94.0,23.58,0.196,4
District,MANIPUR,SENAPATI,N/A,N/A,IND_DIST_0055,24.727,94.0118,GRID_073_110,24.75,94.0,2.82,0.7493,1
District,MANIPUR,SENAPATI,N/A,N/A,IND_DIST_0055,24.727,94.0118,GRID_073_111,24.75,94.25,24.19,0.0874,2
District,MANIPUR,SENAPATI,N/A,N/A,IND_DIST_0055,24.727,94.0118,GRID_072_110,24.5,94.0,25.27,0.0837,3
District,MANIPUR,SENAPATI,N/A,N/A,IND_DIST_0055,24.727,94.0118,GRID_073_109,24.75,93.75,26.56,0.0796,4
District,MANIPUR,TAMENGLONG,N/A,N/A,IND_DIST_0056,24.112,93.3368,GRID_070_107,24.0,93.25,15.26,0.3054,1
District,MANIPUR,TAMENGLONG,N/A,N/A,IND_DIST_0056,24.112,93.3368,GRID_071_107,24.25,93.25,17.69,0.2634,2
District,MANIPUR,TAMENGLONG,N/A,N/A,IND_DIST_0056,24.112,93.3368,GRID_070_108,24.0,93.5,20.73,0.2248,3
District,MANIPUR,TAMENGLONG,N/A,N/A,IND_DIST_0056,24.112,93.3368,GRID_071_108,24.25,93.5,22.57,0.2064,4
District,MANIPUR,CHANDEL,N/A,N/A,IND_DIST_0057,24.907,94.6568,GRID_074_113,25.0,94.75,13.97,0.3292,1
District,MANIPUR,CHANDEL,N/A,N/A,IND_DIST_0057,24.907,94.6568,GRID_074_112,25.0,94.5,18.89,0.2435,2
District,MANIPUR,CHANDEL,N/A,N/A,IND_DIST_0057,24.907,94.6568,GRID_073_113,24.75,94.75,19.83,0.232,3
District,MANIPUR,CHANDEL,N/A,N/A,IND_DIST_0057,24.907,94.6568,GRID_073_112,24.75,94.5,23.56,0.1952,4
District,MANIPUR,UKHRUL,N/A,N/A,IND_DIST_0058,24.712,93.3818,GRID_073_108,24.75,93.5,12.66,0.3504,1
District,MANIPUR,UKHRUL,N/A,N/A,IND_DIST_0058,24.712,93.3818,GRID_073_107,24.75,93.25,13.97,0.3178,2
District,MANIPUR,UKHRUL,N/A,N/A,IND_DIST_0058,24.712,93.3818,GRID_072_108,24.5,93.5,26.43,0.1679,3
District,MANIPUR,UKHRUL,N/A,N/A,IND_DIST_0058,24.712,93.3818,GRID_072_107,24.5,93.25,27.08,0.1639,4
District,MANIPUR,THOUBAL,N/A,N/A,IND_DIST_0059,25.132,94.0418,GRID_075_110,25.25,94.0,13.78,0.3335,1
District,MANIPUR,THOUBAL,N/A,N/A,IND_DIST_0059,25.132,94.0418,GRID_074_110,25.0,94.0,15.27,0.301,2
District,MANIPUR,THOUBAL,N/A,N/A,IND_DIST_0059,25.132,94.0418,GRID_075_111,25.25,94.25,24.72,0.1859,3
District,MANIPUR,THOUBAL,N/A,N/A,IND_DIST_0059,25.132,94.0418,GRID_074_111,25.0,94.25,25.6,0.1795,4
District,MANIPUR,BISHNUPUR,N/A,N/A,IND_DIST_0060,24.352,94.0868,GRID_071_110,24.25,94.0,14.35,0.3225,1
District,MANIPUR,BISHNUPUR,N/A,N/A,IND_DIST_0060,24.352,94.0868,GRID_072_110,24.5,94.0,18.66,0.2481,2
District,MANIPUR,BISHNUPUR,N/A,N/A,IND_DIST_0060,24.352,94.0868,GRID_071_111,24.25,94.25,20.05,0.2308,3
District,MANIPUR,BISHNUPUR,N/A,N/A,IND_DIST_0060,24.352,94.0868,GRID_072_111,24.5,94.25,23.32,0.1985,4
District,MANIPUR,IMPHAL WEST,N/A,N/A,IND_DIST_0061,24.922,93.7418,GRID_074_109,25.0,93.75,8.71,0.4741,1
District,MANIPUR,IMPHAL WEST,N/A,N/A,IND_DIST_0061,24.922,93.7418,GRID_073_109,24.75,93.75,19.14,0.2158,2
District,MANIPUR,IMPHAL WEST,N/A,N/A,IND_DIST_0061,24.922,93.7418,GRID_074_108,25.0,93.5,25.87,0.1596,3
District,MANIPUR,IMPHAL WEST,N/A,N/A,IND_DIST_0061,24.922,93.7418,GRID_074_110,25.0,94.0,27.44,0.1505,4
District,MANIPUR,CHURACHANDPUR,N/A,N/A,IND_DIST_0062,25.492,94.4468,GRID_076_112,25.5,94.5,5.41,0.6037,1
District,MANIPUR,CHURACHANDPUR,N/A,N/A,IND_DIST_0062,25.492,94.4468,GRID_076_111,25.5,94.25,19.77,0.1653,2
District,MANIPUR,CHURACHANDPUR,N/A,N/A,IND_DIST_0062,25.492,94.4468,GRID_075_112,25.25,94.5,27.43,0.1191,3
District,MANIPUR,CHURACHANDPUR,N/A,N/A,IND_DIST_0062,25.492,94.4468,GRID_077_112,25.75,94.5,29.18,0.112,4
District,MIZORAM,AIZAWL,N/A,N/A,IND_DIST_0063,22.4295,93.4626,GRID_064_108,22.5,93.5,8.73,0.4761,1
District,MIZORAM,AIZAWL,N/A,N/A,IND_DIST_0063,22.4295,93.4626,GRID_063_108,22.25,93.5,20.33,0.2045,2
District,MIZORAM,AIZAWL,N/A,N/A,IND_DIST_0063,22.4295,93.4626,GRID_064_107,22.5,93.25,23.21,0.1791,3
District,MIZORAM,AIZAWL,N/A,N/A,IND_DIST_0063,22.4295,93.4626,GRID_063_107,22.25,93.25,29.61,0.1404,4
District,MIZORAM,CHAMPHAI,N/A,N/A,IND_DIST_0064,23.6595,92.3226,GRID_069_103,23.75,92.25,12.49,0.3641,1
District,MIZORAM,CHAMPHAI,N/A,N/A,IND_DIST_0064,23.6595,92.3226,GRID_068_103,23.5,92.25,19.22,0.2366,2
District,MIZORAM,CHAMPHAI,N/A,N/A,IND_DIST_0064,23.6595,92.3226,GRID_069_104,23.75,92.5,20.68,0.2199,3
District,MIZORAM,CHAMPHAI,N/A,N/A,IND_DIST_0064,23.6595,92.3226,GRID_068_104,23.5,92.5,25.33,0.1795,4
District,MIZORAM,KOLASIB,N/A,N/A,IND_DIST_0065,23.4795,92.2476,GRID_068_103,23.5,92.25,2.29,0.788,1
District,MIZORAM,KOLASIB,N/A,N/A,IND_DIST_0065,23.4795,92.2476,GRID_068_102,23.5,92.0,25.35,0.0713,2
District,MIZORAM,KOLASIB,N/A,N/A,IND_DIST_0065,23.4795,92.2476,GRID_067_103,23.25,92.25,25.52,0.0708,3
District,MIZORAM,KOLASIB,N/A,N/A,IND_DIST_0065,23.4795,92.2476,GRID_068_104,23.5,92.5,25.84,0.0699,4
District,MIZORAM,LUNGLEI,N/A,N/A,IND_DIST_0066,22.5195,92.8926,GRID_064_106,22.5,93.0,11.24,0.3932,1
District,MIZORAM,LUNGLEI,N/A,N/A,IND_DIST_0066,22.5195,92.8926,GRID_064_105,22.5,92.75,14.81,0.2986,2
District,MIZORAM,LUNGLEI,N/A,N/A,IND_DIST_0066,22.5195,92.8926,GRID_065_106,22.75,93.0,27.9,0.1585,3
District,MIZORAM,LUNGLEI,N/A,N/A,IND_DIST_0066,22.5195,92.8926,GRID_065_105,22.75,92.75,29.51,0.1498,4
District,MIZORAM,CHHIMTUIPUI,N/A,N/A,IND_DIST_0067,22.5195,93.0726,GRID_064_106,22.5,93.0,7.77,0.5087,1
District,MIZORAM,CHHIMTUIPUI,N/A,N/A,IND_DIST_0067,22.5195,93.0726,GRID_064_107,22.5,93.25,18.35,0.2153,2
District,MIZORAM,CHHIMTUIPUI,N/A,N/A,IND_DIST_0067,22.5195,93.0726,GRID_065_106,22.75,93.0,26.69,0.148,3
District,MIZORAM,CHHIMTUIPUI,N/A,N/A,IND_DIST_0067,22.5195,93.0726,GRID_063_106,22.25,93.0,30.88,0.1279,4
District,MIZORAM,LAWNGTLAI,N/A,N/A,IND_DIST_0068,23.0895,92.9226,GRID_066_106,23.0,93.0,12.72,0.359,1
District,MIZORAM,LAWNGTLAI,N/A,N/A,IND_DIST_0068,23.0895,92.9226,GRID_067_106,23.25,93.0,19.52,0.2339,2
District,MIZORAM,LAWNGTLAI,N/A,N/A,IND_DIST_0068,23.0895,92.9226,GRID_066_105,23.0,92.75,20.27,0.2252,3
District,MIZORAM,LAWNGTLAI,N/A,N/A,IND_DIST_0068,23.0895,92.9226,GRID_067_105,23.25,92.75,25.1,0.1819,4
District,MIZORAM,MAMIT,N/A,N/A,IND_DIST_0069,23.4345,93.3576,GRID_068_107,23.5,93.25,13.17,0.3448,1
District,MIZORAM,MAMIT,N/A,N/A,IND_DIST_0069,23.4345,93.3576,GRID_068_108,23.5,93.5,16.25,0.2795,2
District,MIZORAM,MAMIT,N/A,N/A,IND_DIST_0069,23.4345,93.3576,GRID_067_107,23.25,93.25,23.27,0.1951,3
District,MIZORAM,MAMIT,N/A,N/A,IND_DIST_0069,23.4345,93.3576,GRID_067_108,23.25,93.5,25.14,0.1806,4
District,MIZORAM,SAIHA,N/A,N/A,IND_DIST_0070,23.8395,92.8476,GRID_069_105,23.75,92.75,14.06,0.3282,1
District,MIZORAM,SAIHA,N/A,N/A,IND_DIST_0070,23.8395,92.8476,GRID_069_106,23.75,93.0,18.42,0.2505,2
District,MIZORAM,SAIHA,N/A,N/A,IND_DIST_0070,23.8395,92.8476,GRID_070_105,24.0,92.75,20.42,0.226,3
District,MIZORAM,SAIHA,N/A,N/A,IND_DIST_0070,23.8395,92.8476,GRID_070_106,24.0,93.0,23.63,0.1953,4
District,MIZORAM,SERCHHIP,N/A,N/A,IND_DIST_0071,22.7145,92.6226,GRID_065_104,22.75,92.5,13.18,0.3403,1
District,MIZORAM,SERCHHIP,N/A,N/A,IND_DIST_0071,22.7145,92.6226,GRID_065_105,22.75,92.75,13.65,0.3286,2
District,MIZORAM,SERCHHIP,N/A,N/A,IND_DIST_0071,22.7145,92.6226,GRID_064_104,22.5,92.5,26.97,0.1663,3
District,MIZORAM,SERCHHIP,N/A,N/A,IND_DIST_0071,22.7145,92.6226,GRID_064_105,22.5,92.75,27.2,0.1649,4
District,NAGALAND,KOHIMA,N/A,N/A,IND_DIST_0072,25.4834,93.8574,GRID_076_109,25.5,93.75,10.94,0.3975,1
District,NAGALAND,KOHIMA,N/A,N/A,IND_DIST_0072,25.4834,93.8574,GRID_076_110,25.5,94.0,14.43,0.3012,2
District,NAGALAND,KOHIMA,N/A,N/A,IND_DIST_0072,25.4834,93.8574,GRID_075_109,25.25,93.75,28.11,0.1547,3
District,NAGALAND,KOHIMA,N/A,N/A,IND_DIST_0072,25.4834,93.8574,GRID_075_110,25.25,94.0,29.65,0.1466,4
District,NAGALAND,TUENSANG,N/A,N/A,IND_DIST_0073,26.5484,93.9174,GRID_080_110,26.5,94.0,9.82,0.4302,1
District,NAGALAND,TUENSANG,N/A,N/A,IND_DIST_0073,26.5484,93.9174,GRID_080_109,26.5,93.75,17.5,0.2414,2
District,NAGALAND,TUENSANG,N/A,N/A,IND_DIST_0073,26.5484,93.9174,GRID_081_110,26.75,94.0,23.87,0.177,3
District,NAGALAND,TUENSANG,N/A,N/A,IND_DIST_0073,26.5484,93.9174,GRID_081_109,26.75,93.75,27.92,0.1514,4
District,NAGALAND,MOKOKCHUNG,N/A,N/A,IND_DIST_0074,26.0384,94.8924,GRID_078_114,26.0,95.0,11.57,0.3778,1
District,NAGALAND,MOKOKCHUNG,N/A,N/A,IND_DIST_0074,26.0384,94.8924,GRID_078_113,26.0,94.75,14.86,0.2942,2
District,NAGALAND,MOKOKCHUNG,N/A,N/A,IND_DIST_0074,26.0384,94.8924,GRID_079_114,26.25,95.0,25.86,0.169,3
District,NAGALAND,MOKOKCHUNG,N/A,N/A,IND_DIST_0074,26.0384,94.8924,GRID_079_113,26.25,94.75,27.49,0.159,4
District,NAGALAND,DIMAPUR,N/A,N/A,IND_DIST_0075,26.6834,94.0674,GRID_081_110,26.75,94.0,9.98,0.4273,1
District,NAGALAND,DIMAPUR,N/A,N/A,IND_DIST_0075,26.6834,94.0674,GRID_081_111,26.75,94.25,19.59,0.2177,2
District,NAGALAND,DIMAPUR,N/A,N/A,IND_DIST_0075,26.6834,94.0674,GRID_080_110,26.5,94.0,21.47,0.1987,3
District,NAGALAND,DIMAPUR,N/A,N/A,IND_DIST_0075,26.6834,94.0674,GRID_080_111,26.5,94.25,27.3,0.1562,4
District,NAGALAND,WOKHA,N/A,N/A,IND_DIST_0076,26.8934,95.1174,GRID_082_114,27.0,95.0,16.61,0.2791,1
District,NAGALAND,WOKHA,N/A,N/A,IND_DIST_0076,26.8934,95.1174,GRID_082_115,27.0,95.25,17.7,0.2619,2
District,NAGALAND,WOKHA,N/A,N/A,IND_DIST_0076,26.8934,95.1174,GRID_081_114,26.75,95.0,19.75,0.2348,3
District,NAGALAND,WOKHA,N/A,N/A,IND_DIST_0076,26.8934,95.1174,GRID_081_115,26.75,95.25,20.67,0.2242,4
District,NAGALAND,MON,N/A,N/A,IND_DIST_0077,26.3834,94.9524,GRID_080_114,26.5,95.0,13.8,0.3318,1
District,NAGALAND,MON,N/A,N/A,IND_DIST_0077,26.3834,94.9524,GRID_079_114,26.25,95.0,15.57,0.2941,2
District,NAGALAND,MON,N/A,N/A,IND_DIST_0077,26.3834,94.9524,GRID_080_113,26.5,94.75,23.96,0.1912,3
District,NAGALAND,MON,N/A,N/A,IND_DIST_0077,26.3834,94.9524,GRID_079_113,26.25,94.75,25.04,0.1829,4
District,NAGALAND,ZUNHEBOTO,N/A,N/A,IND_DIST_0078,26.2034,94.3074,GRID_079_111,26.25,94.25,7.72,0.5053,1
District,NAGALAND,ZUNHEBOTO,N/A,N/A,IND_DIST_0078,26.2034,94.3074,GRID_079_112,26.25,94.5,19.9,0.1961,2
District,NAGALAND,ZUNHEBOTO,N/A,N/A,IND_DIST_0078,26.2034,94.3074,GRID_078_111,26.0,94.25,23.33,0.1672,3
District,NAGALAND,ZUNHEBOTO,N/A,N/A,IND_DIST_0078,26.2034,94.3074,GRID_078_112,26.0,94.5,29.69,0.1314,4
District,NAGALAND,PHEK,N/A,N/A,IND_DIST_0079,26.1284,94.5624,GRID_079_112,26.25,94.5,14.89,0.3094,1
District,NAGALAND,PHEK,N/A,N/A,IND_DIST_0079,26.1284,94.5624,GRID_078_112,26.0,94.5,15.58,0.2956,2
District,NAGALAND,PHEK,N/A,N/A,IND_DIST_0079,26.1284,94.5624,GRID_079_113,26.25,94.75,23.09,0.1995,3
District,NAGALAND,PHEK,N/A,N/A,IND_DIST_0079,26.1284,94.5624,GRID_078_113,26.0,94.75,23.56,0.1955,4
District,NAGALAND,KEPHRIE,N/A,N/A,IND_DIST_0080,26.3534,94.1724,GRID_079_111,26.25,94.25,13.86,0.3307,1
District,NAGALAND,KEPHRIE,N/A,N/A,IND_DIST_0080,26.3534,94.1724,GRID_080_111,26.5,94.25,18.04,0.254,2
District,NAGALAND,KEPHRIE,N/A,N/A,IND_DIST_0080,26.3534,94.1724,GRID_079_110,26.25,94.0,20.68,0.2216,3
District,NAGALAND,KEPHRIE,N/A,N/A,IND_DIST_0080,26.3534,94.1724,GRID_080_110,26.5,94.0,23.67,0.1936,4
District,NAGALAND,LONGLENG,N/A,N/A,IND_DIST_0081,26.2334,95.1324,GRID_079_115,26.25,95.25,11.87,0.3683,1
District,NAGALAND,LONGLENG,N/A,N/A,IND_DIST_0081,26.2334,95.1324,GRID_079_114,26.25,95.0,13.33,0.328,2
District,NAGALAND,LONGLENG,N/A,N/A,IND_DIST_0081,26.2334,95.1324,GRID_078_115,26.0,95.25,28.49,0.1535,3
District,NAGALAND,LONGLENG,N/A,N/A,IND_DIST_0081,26.2334,95.1324,GRID_078_114,26.0,95.0,29.13,0.1502,4
District,NAGALAND,PEREN,N/A,N/A,IND_DIST_0082,26.5934,94.9374,GRID_080_114,26.5,95.0,12.11,0.3707,1
District,NAGALAND,PEREN,N/A,N/A,IND_DIST_0082,26.5934,94.9374,GRID_081_114,26.75,95.0,18.49,0.2428,2
District,NAGALAND,PEREN,N/A,N/A,IND_DIST_0082,26.5934,94.9374,GRID_080_113,26.5,94.75,21.34,0.2104,3
District,NAGALAND,PEREN,N/A,N/A,IND_DIST_0082,26.5934,94.9374,GRID_081_113,26.75,94.75,25.49,0.1761,4
District,TRIPURA,NORTH TRIPURA,N/A,N/A,IND_DIST_0083,23.8015,91.3618,GRID_069_099,23.75,91.25,12.74,0.3523,1
District,TRIPURA,NORTH TRIPURA,N/A,N/A,IND_DIST_0083,23.8015,91.3618,GRID_069_100,23.75,91.5,15.18,0.2955,2
District,TRIPURA,NORTH TRIPURA,N/A,N/A,IND_DIST_0083,23.8015,91.3618,GRID_070_099,24.0,91.25,24.83,0.1807,3
District,TRIPURA,NORTH TRIPURA,N/A,N/A,IND_DIST_0083,23.8015,91.3618,GRID_070_100,24.0,91.5,26.16,0.1715,4
District,TRIPURA,SOUTH TRIPURA,N/A,N/A,IND_DIST_0084,24.0115,91.6918,GRID_070_101,24.0,91.75,6.05,0.576,1
District,TRIPURA,SOUTH TRIPURA,N/A,N/A,IND_DIST_0084,24.0115,91.6918,GRID_070_100,24.0,91.5,19.52,0.1784,2
District,TRIPURA,SOUTH TRIPURA,N/A,N/A,IND_DIST_0084,24.0115,91.6918,GRID_071_101,24.25,91.75,27.17,0.1282,3
District,TRIPURA,SOUTH TRIPURA,N/A,N/A,IND_DIST_0084,24.0115,91.6918,GRID_069_101,23.75,91.75,29.67,0.1174,4
District,TRIPURA,WEST TRIPURA,N/A,N/A,IND_DIST_0085,24.4015,91.2868,GRID_072_099,24.5,91.25,11.57,0.389,1
District,TRIPURA,WEST TRIPURA,N/A,N/A,IND_DIST_0085,24.4015,91.2868,GRID_071_099,24.25,91.25,17.25,0.2608,2
District,TRIPURA,WEST TRIPURA,N/A,N/A,IND_DIST_0085,24.4015,91.2868,GRID_072_100,24.5,91.5,24.2,0.1859,3
District,TRIPURA,WEST TRIPURA,N/A,N/A,IND_DIST_0085,24.4015,91.2868,GRID_071_100,24.25,91.5,27.39,0.1643,4
District,TRIPURA,DHALAI,N/A,N/A,IND_DIST_0086,24.0715,91.6618,GRID_070_101,24.0,91.75,11.98,0.3744,1
District,TRIPURA,DHALAI,N/A,N/A,IND_DIST_0086,24.0715,91.6618,GRID_070_100,24.0,91.5,18.25,0.2456,2
District,TRIPURA,DHALAI,N/A,N/A,IND_DIST_0086,24.0715,91.6618,GRID_071_101,24.25,91.75,21.77,0.2059,3
District,TRIPURA,DHALAI,N/A,N/A,IND_DIST_0086,24.0715,91.6618,GRID_071_100,24.25,91.5,25.76,0.1741,4
District,WEST BENGAL,COOCH BEHAR,N/A,N/A,IND_DIST_0087,22.9418,88.08,GRID_066_086,23.0,88.0,10.44,0.417,1
District,WEST BENGAL,COOCH BEHAR,N/A,N/A,IND_DIST_0087,22.9418,88.08,GRID_066_087,23.0,88.25,18.57,0.2344,2
District,WEST BENGAL,COOCH BEHAR,N/A,N/A,IND_DIST_0087,22.9418,88.08,GRID_065_086,22.75,88.0,22.85,0.1905,3
District,WEST BENGAL,COOCH BEHAR,N/A,N/A,IND_DIST_0087,22.9418,88.08,GRID_065_087,22.75,88.25,27.54,0.1581,4
District,WEST BENGAL,DARJEELING,N/A,N/A,IND_DIST_0088,22.7918,88.53,GRID_065_088,22.75,88.5,5.57,0.598,1
District,WEST BENGAL,DARJEELING,N/A,N/A,IND_DIST_0088,22.7918,88.53,GRID_065_089,22.75,88.75,23.03,0.1447,2
District,WEST BENGAL,DARJEELING,N/A,N/A,IND_DIST_0088,22.7918,88.53,GRID_066_088,23.0,88.5,23.35,0.1427,3
District,WEST BENGAL,DARJEELING,N/A,N/A,IND_DIST_0088,22.7918,88.53,GRID_065_087,22.75,88.25,29.08,0.1146,4
District,WEST BENGAL,JALPAIGURI,N/A,N/A,IND_DIST_0089,22.6568,88.545,GRID_065_088,22.75,88.5,11.34,0.3956,1
District,WEST BENGAL,JALPAIGURI,N/A,N/A,IND_DIST_0089,22.6568,88.545,GRID_064_088,22.5,88.5,18.04,0.2488,2
District,WEST BENGAL,JALPAIGURI,N/A,N/A,IND_DIST_0089,22.6568,88.545,GRID_065_089,22.75,88.75,23.44,0.1914,3
District,WEST BENGAL,JALPAIGURI,N/A,N/A,IND_DIST_0089,22.6568,88.545,GRID_064_089,22.5,88.75,27.33,0.1642,4
District,WEST BENGAL,MALDA,N/A,N/A,IND_DIST_0090,23.6468,87.525,GRID_069_084,23.75,87.5,11.75,0.3864,1
District,WEST BENGAL,MALDA,N/A,N/A,IND_DIST_0090,23.6468,87.525,GRID_068_084,23.5,87.5,16.52,0.2749,2
District,WEST BENGAL,MALDA,N/A,N/A,IND_DIST_0090,23.6468,87.525,GRID_069_085,23.75,87.75,25.62,0.1773,3
District,WEST BENGAL,MALDA,N/A,N/A,IND_DIST_0090,23.6468,87.525,GRID_068_085,23.5,87.75,28.15,0.1614,4
District,WEST BENGAL,SOUTH DINAJPUR,N/A,N/A,IND_DIST_0091,23.2868,87.42,GRID_067_084,23.25,87.5,9.14,0.4571,1
District,WEST BENGAL,SOUTH DINAJPUR,N/A,N/A,IND_DIST_0091,23.2868,87.42,GRID_067_083,23.25,87.25,17.84,0.2341,2
District,WEST BENGAL,SOUTH DINAJPUR,N/A,N/A,IND_DIST_0091,23.2868,87.42,GRID_068_084,23.5,87.5,25.07,0.1666,3
District,WEST BENGAL,SOUTH DINAJPUR,N/A,N/A,IND_DIST_0091,23.2868,87.42,GRID_068_083,23.5,87.25,29.38,0.1422,4
District,WEST BENGAL,NORTH DINAJPUR,N/A,N/A,IND_DIST_0092,23.3768,88.41,GRID_068_088,23.5,88.5,16.49,0.2843,1
District,WEST BENGAL,NORTH DINAJPUR,N/A,N/A,IND_DIST_0092,23.3768,88.41,GRID_067_088,23.25,88.5,16.83,0.2785,2
District,WEST BENGAL,NORTH DINAJPUR,N/A,N/A,IND_DIST_0092,23.3768,88.41,GRID_068_087,23.5,88.25,21.31,0.22,3
District,WEST BENGAL,NORTH DINAJPUR,N/A,N/A,IND_DIST_0092,23.3768,88.41,GRID_067_087,23.25,88.25,21.58,0.2172,4
District,SIKKIM,NORTH SIKKIM,N/A,N/A,IND_DIST_0093,27.488,88.0772,GRID_084_086,27.5,88.0,7.73,0.5026,1
District,SIKKIM,NORTH SIKKIM,N/A,N/A,IND_DIST_0093,27.488,88.0772,GRID_084_087,27.5,88.25,17.1,0.2273,2
District,SIKKIM,NORTH SIKKIM,N/A,N/A,IND_DIST_0093,27.488,88.0772,GRID_083_086,27.25,88.0,27.54,0.1411,3
District,SIKKIM,NORTH SIKKIM,N/A,N/A,IND_DIST_0093,27.488,88.0772,GRID_085_086,27.75,88.0,30.11,0.129,4
District,SIKKIM,EAST SIKKIM,N/A,N/A,IND_DIST_0094,28.028,87.9422,GRID_086_086,28.0,88.0,6.47,0.5534,1
District,SIKKIM,EAST SIKKIM,N/A,N/A,IND_DIST_0094,28.028,87.9422,GRID_086_085,28.0,87.75,19.12,0.1873,2
District,SIKKIM,EAST SIKKIM,N/A,N/A,IND_DIST_0094,28.028,87.9422,GRID_087_086,28.25,88.0,25.33,0.1414,3
District,SIKKIM,EAST SIKKIM,N/A,N/A,IND_DIST_0094,28.028,87.9422,GRID_086_087,28.0,88.25,30.38,0.1179,4
District,SIKKIM,WEST SIKKIM,N/A,N/A,IND_DIST_0095,27.788,88.5872,GRID_085_088,27.75,88.5,9.56,0.4359,1
District,SIKKIM,WEST SIKKIM,N/A,N/A,IND_DIST_0095,27.788,88.5872,GRID_085_089,27.75,88.75,16.57,0.2516,2
District,SIKKIM,WEST SIKKIM,N/A,N/A,IND_DIST_0095,27.788,88.5872,GRID_086_088,28.0,88.5,25.08,0.1662,3
District,SIKKIM,WEST SIKKIM,N/A,N/A,IND_DIST_0095,27.788,88.5872,GRID_086_089,28.0,88.75,28.49,0.1463,4
District,SIKKIM,SOUTH SIKKIM,N/A,N/A,IND_DIST_0096,26.978,89.0972,GRID_082_090,27.0,89.0,9.94,0.4254,1
District,SIKKIM,SOUTH SIKKIM,N/A,N/A,IND_DIST_0096,26.978,89.0972,GRID_082_091,27.0,89.25,15.34,0.2756,2
District,SIKKIM,SOUTH SIKKIM,N/A,N/A,IND_DIST_0096,26.978,89.0972,GRID_081_090,26.75,89.0,27.12,0.1558,3
District,SIKKIM,SOUTH SIKKIM,N/A,N/A,IND_DIST_0096,26.978,89.0972,GRID_081_091,26.75,89.25,29.54,0.1431,4
District,WEST BENGAL,BANKURA,N/A,N/A,IND_DIST_0097,22.7618,88.515,GRID_065_088,22.75,88.5,2.02,0.8102,1
District,WEST BENGAL,BANKURA,N/A,N/A,IND_DIST_0097,22.7618,88.515,GRID_065_089,22.75,88.75,24.13,0.0679,2
District,WEST BENGAL,BANKURA,N/A,N/A,IND_DIST_0097,22.7618,88.515,GRID_066_088,23.0,88.5,26.53,0.0617,3
District,WEST BENGAL,BANKURA,N/A,N/A,IND_DIST_0097,22.7618,88.515,GRID_065_087,22.75,88.25,27.2,0.0602,4
District,WEST BENGAL,BIRBHUM,N/A,N/A,IND_DIST_0098,23.0318,87.885,GRID_066_086,23.0,88.0,12.29,0.3626,1
District,WEST BENGAL,BIRBHUM,N/A,N/A,IND_DIST_0098,23.0318,87.885,GRID_066_085,23.0,87.75,14.26,0.3125,2
District,WEST BENGAL,BIRBHUM,N/A,N/A,IND_DIST_0098,23.0318,87.885,GRID_067_086,23.25,88.0,26.96,0.1653,3
District,WEST BENGAL,BIRBHUM,N/A,N/A,IND_DIST_0098,23.0318,87.885,GRID_067_085,23.25,87.75,27.91,0.1596,4
District,WEST BENGAL,BURDWAN,N/A,N/A,IND_DIST_0099,22.8218,87.375,GRID_065_083,22.75,87.25,15.1,0.3049,1
District,WEST BENGAL,BURDWAN,N/A,N/A,IND_DIST_0099,22.8218,87.375,GRID_065_084,22.75,87.5,15.1,0.3049,2
District,WEST BENGAL,BURDWAN,N/A,N/A,IND_DIST_0099,22.8218,87.375,GRID_066_083,23.0,87.25,23.59,0.1951,3
District,WEST BENGAL,BURDWAN,N/A,N/A,IND_DIST_0099,22.8218,87.375,GRID_066_084,23.0,87.5,23.59,0.1951,4
District,WEST BENGAL,HOOGHLY,N/A,N/A,IND_DIST_0100,22.8818,87.465,GRID_066_084,23.0,87.5,13.62,0.3391,1
District,WEST BENGAL,HOOGHLY,N/A,N/A,IND_DIST_0100,22.8818,87.465,GRID_065_084,22.75,87.5,15.09,0.3062,2
District,WEST BENGAL,HOOGHLY,N/A,N/A,IND_DIST_0100,22.8818,87.465,GRID_066_083,23.0,87.25,25.64,0.1802,3
District,WEST BENGAL,HOOGHLY,N/A,N/A,IND_DIST_0100,22.8818,87.465,GRID_065_083,22.75,87.25,26.46,0.1746,4
District,WEST BENGAL,HOWRAH,N/A,N/A,IND_DIST_0101,23.0618,87.795,GRID_066_085,23.0,87.75,8.27,0.4902,1
District,WEST BENGAL,HOWRAH,N/A,N/A,IND_DIST_0101,23.0618,87.795,GRID_067_085,23.25,87.75,21.43,0.1892,2
District,WEST BENGAL,HOWRAH,N/A,N/A,IND_DIST_0101,23.0618,87.795,GRID_066_086,23.0,88.0,22.07,0.1837,3
District,WEST BENGAL,HOWRAH,N/A,N/A,IND_DIST_0101,23.0618,87.795,GRID_067_086,23.25,88.0,29.62,0.1369,4
District,WEST BENGAL,PURULIA,N/A,N/A,IND_DIST_0102,22.8068,87.54,GRID_065_084,22.75,87.5,7.53,0.5188,1
District,WEST BENGAL,PURULIA,N/A,N/A,IND_DIST_0102,22.8068,87.54,GRID_066_084,23.0,87.5,21.87,0.1786,2
District,WEST BENGAL,PURULIA,N/A,N/A,IND_DIST_0102,22.8068,87.54,GRID_065_085,22.75,87.75,22.44,0.1741,3
District,WEST BENGAL,PURULIA,N/A,N/A,IND_DIST_0102,22.8068,87.54,GRID_065_083,22.75,87.25,30.4,0.1285,4
District,WEST BENGAL,MURSHIDABAD,N/A,N/A,IND_DIST_0103,23.4368,88.35,GRID_068_087,23.5,88.25,12.39,0.3635,1
District,WEST BENGAL,MURSHIDABAD,N/A,N/A,IND_DIST_0103,23.4368,88.35,GRID_068_088,23.5,88.5,16.84,0.2674,2
District,WEST BENGAL,MURSHIDABAD,N/A,N/A,IND_DIST_0103,23.4368,88.35,GRID_067_087,23.25,88.25,23.14,0.1945,3
District,WEST BENGAL,MURSHIDABAD,N/A,N/A,IND_DIST_0103,23.4368,88.35,GRID_067_088,23.25,88.5,25.81,0.1745,4
District,WEST BENGAL,NADIA,N/A,N/A,IND_DIST_0104,23.4218,87.735,GRID_068_085,23.5,87.75,8.83,0.4722,1
District,WEST BENGAL,NADIA,N/A,N/A,IND_DIST_0104,23.4218,87.735,GRID_067_085,23.25,87.75,19.16,0.2175,2
District,WEST BENGAL,NADIA,N/A,N/A,IND_DIST_0104,23.4218,87.735,GRID_068_084,23.5,87.5,25.5,0.1635,3
District,WEST BENGAL,NADIA,N/A,N/A,IND_DIST_0104,23.4218,87.735,GRID_068_086,23.5,88.0,28.39,0.1468,4
District,WEST BENGAL,NORTH 24 PARG,N/A,N/A,IND_DIST_0105,22.6718,87.42,GRID_065_084,22.75,87.5,11.96,0.3773,1
District,WEST BENGAL,NORTH 24 PARG,N/A,N/A,IND_DIST_0105,22.6718,87.42,GRID_065_083,22.75,87.25,19.49,0.2315,2
District,WEST BENGAL,NORTH 24 PARG,N/A,N/A,IND_DIST_0105,22.6718,87.42,GRID_064_084,22.5,87.5,20.79,0.2169,3
District,WEST BENGAL,NORTH 24 PARG,N/A,N/A,IND_DIST_0105,22.6718,87.42,GRID_064_083,22.5,87.25,25.88,0.1743,4
District,WEST BENGAL,SOUTH 24 PARG,N/A,N/A,IND_DIST_0106,22.7618,88.095,GRID_065_086,22.75,88.0,9.83,0.4377,1
District,WEST BENGAL,SOUTH 24 PARG,N/A,N/A,IND_DIST_0106,22.7618,88.095,GRID_065_087,22.75,88.25,15.95,0.2698,2
District,WEST BENGAL,SOUTH 24 PARG,N/A,N/A,IND_DIST_0106,22.7618,88.095,GRID_066_086,23.0,88.0,28.22,0.1525,3
District,WEST BENGAL,SOUTH 24 PARG,N/A,N/A,IND_DIST_0106,22.7618,88.095,GRID_064_086,22.5,88.0,30.7,0.1401,4
District,WEST BENGAL,EAST MIDNAPOR,N/A,N/A,IND_DIST_0107,23.1218,88.44,GRID_066_088,23.0,88.5,14.87,0.3122,1
District,WEST BENGAL,EAST MIDNAPOR,N/A,N/A,IND_DIST_0107,23.1218,88.44,GRID_067_088,23.25,88.5,15.52,0.2991,2
District,WEST BENGAL,EAST MIDNAPOR,N/A,N/A,IND_DIST_0107,23.1218,88.44,GRID_066_087,23.0,88.25,23.69,0.1959,3
District,WEST BENGAL,EAST MIDNAPOR,N/A,N/A,IND_DIST_0107,23.1218,88.44,GRID_067_087,23.25,88.25,24.09,0.1927,4
District,WEST BENGAL,WEST MIDNAPOR,N/A,N/A,IND_DIST_0108,23.5268,87.315,GRID_068_083,23.5,87.25,7.27,0.5273,1
District,WEST BENGAL,WEST MIDNAPOR,N/A,N/A,IND_DIST_0108,23.5268,87.315,GRID_068_084,23.5,87.5,19.1,0.2006,2
District,WEST BENGAL,WEST MIDNAPOR,N/A,N/A,IND_DIST_0108,23.5268,87.315,GRID_069_083,23.75,87.25,25.69,0.1492,3
District,WEST BENGAL,WEST MIDNAPOR,N/A,N/A,IND_DIST_0108,23.5268,87.315,GRID_069_084,23.75,87.5,31.16,0.1229,4
District,WEST BENGAL,KOLKATA,N/A,N/A,IND_DIST_0109,23.0168,88.41,GRID_066_088,23.0,88.5,9.4,0.4508,1
District,WEST BENGAL,KOLKATA,N/A,N/A,IND_DIST_0109,23.0168,88.41,GRID_066_087,23.0,88.25,16.48,0.2571,2
District,WEST BENGAL,KOLKATA,N/A,N/A,IND_DIST_0109,23.0168,88.41,GRID_067_088,23.25,88.5,27.52,0.154,3
District,WEST BENGAL,KOLKATA,N/A,N/A,IND_DIST_0109,23.0168,88.41,GRID_067_087,23.25,88.25,30.66,0.1382,4
District,ORISSA,BALASORE,N/A,N/A,IND_DIST_0110,20.2767,84.5435,GRID_055_072,20.25,84.5,5.42,0.6096,1
District,ORISSA,BALASORE,N/A,N/A,IND_DIST_0110,20.2767,84.5435,GRID_055_073,20.25,84.75,21.74,0.152,2
District,ORISSA,BALASORE,N/A,N/A,IND_DIST_0110,20.2767,84.5435,GRID_056_072,20.5,84.5,25.24,0.131,3
District,ORISSA,BALASORE,N/A,N/A,IND_DIST_0110,20.2767,84.5435,GRID_055_071,20.25,84.25,30.76,0.1075,4
District,ORISSA,BOLANGIR,N/A,N/A,IND_DIST_0111,21.0117,85.8035,GRID_058_077,21.0,85.75,5.7,0.5944,1
District,ORISSA,BOLANGIR,N/A,N/A,IND_DIST_0111,21.0117,85.8035,GRID_058_078,21.0,86.0,20.44,0.1659,2
District,ORISSA,BOLANGIR,N/A,N/A,IND_DIST_0111,21.0117,85.8035,GRID_059_077,21.25,85.75,27.07,0.1252,3
District,ORISSA,BOLANGIR,N/A,N/A,IND_DIST_0111,21.0117,85.8035,GRID_057_077,20.75,85.75,29.63,0.1144,4
District,ORISSA,KANDHAMAL/PHU,N/A,N/A,IND_DIST_0112,21.3867,84.9035,GRID_060_074,21.5,85.0,16.08,0.2935,1
District,ORISSA,KANDHAMAL/PHU,N/A,N/A,IND_DIST_0112,21.3867,84.9035,GRID_059_074,21.25,85.0,18.19,0.2593,2
District,ORISSA,KANDHAMAL/PHU,N/A,N/A,IND_DIST_0112,21.3867,84.9035,GRID_060_073,21.5,84.75,20.28,0.2327,3
District,ORISSA,KANDHAMAL/PHU,N/A,N/A,IND_DIST_0112,21.3867,84.9035,GRID_059_073,21.25,84.75,22.0,0.2145,4
District,ORISSA,CUTTACK,N/A,N/A,IND_DIST_0113,20.2767,85.7435,GRID_055_077,20.25,85.75,3.05,0.7381,1
District,ORISSA,CUTTACK,N/A,N/A,IND_DIST_0113,20.2767,85.7435,GRID_056_077,20.5,85.75,24.84,0.0905,2
District,ORISSA,CUTTACK,N/A,N/A,IND_DIST_0113,20.2767,85.7435,GRID_055_076,20.25,85.5,25.57,0.0879,3
District,ORISSA,CUTTACK,N/A,N/A,IND_DIST_0113,20.2767,85.7435,GRID_055_078,20.25,86.0,26.92,0.0835,4
District,ORISSA,DHENKANAL,N/A,N/A,IND_DIST_0114,21.4167,85.1285,GRID_060_075,21.5,85.25,15.62,0.2989,1
District,ORISSA,DHENKANAL,N/A,N/A,IND_DIST_0114,21.4167,85.1285,GRID_060_074,21.5,85.0,16.21,0.2881,2
District,ORISSA,DHENKANAL,N/A,N/A,IND_DIST_0114,21.4167,85.1285,GRID_059_075,21.25,85.25,22.4,0.2084,3
District,ORISSA,DHENKANAL,N/A,N/A,IND_DIST_0114,21.4167,85.1285,GRID_059_074,21.25,85.0,22.82,0.2046,4
District,ORISSA,GANJAM,N/A,N/A,IND_DIST_0115,20.6967,84.5585,GRID_057_072,20.75,84.5,8.49,0.4831,1
District,ORISSA,GANJAM,N/A,N/A,IND_DIST_0115,20.6967,84.5585,GRID_057_073,20.75,84.75,20.78,0.1975,2
District,ORISSA,GANJAM,N/A,N/A,IND_DIST_0115,20.6967,84.5585,GRID_056_072,20.5,84.5,22.7,0.1807,3
District,ORISSA,GANJAM,N/A,N/A,IND_DIST_0115,20.6967,84.5585,GRID_056_073,20.5,84.75,29.59,0.1387,4
District,ORISSA,KALAHANDI,N/A,N/A,IND_DIST_0116,20.9967,84.9635,GRID_058_074,21.0,85.0,3.81,0.6929,1
District,ORISSA,KALAHANDI,N/A,N/A,IND_DIST_0116,20.9967,84.9635,GRID_058_073,21.0,84.75,22.17,0.119,2
District,ORISSA,KALAHANDI,N/A,N/A,IND_DIST_0116,20.9967,84.9635,GRID_057_074,20.75,85.0,27.69,0.0953,3
District,ORISSA,KALAHANDI,N/A,N/A,IND_DIST_0116,20.9967,84.9635,GRID_059_074,21.25,85.0,28.42,0.0928,4
District,ORISSA,KEONDJHARGARH,N/A,N/A,IND_DIST_0117,20.4417,84.7535,GRID_056_073,20.5,84.75,6.49,0.5591,1
District,ORISSA,KEONDJHARGARH,N/A,N/A,IND_DIST_0117,20.4417,84.7535,GRID_055_073,20.25,84.75,21.32,0.1703,2
District,ORISSA,KEONDJHARGARH,N/A,N/A,IND_DIST_0117,20.4417,84.7535,GRID_056_074,20.5,85.0,26.48,0.1371,3
District,ORISSA,KEONDJHARGARH,N/A,N/A,IND_DIST_0117,20.4417,84.7535,GRID_056_072,20.5,84.5,27.19,0.1335,4
District,ORISSA,KORAPUT,N/A,N/A,IND_DIST_0118,20.9217,84.9335,GRID_058_074,21.0,85.0,11.11,0.4017,1
District,ORISSA,KORAPUT,N/A,N/A,IND_DIST_0118,20.9217,84.9335,GRID_057_074,20.75,85.0,20.3,0.2198,2
District,ORISSA,KORAPUT,N/A,N/A,IND_DIST_0118,20.9217,84.9335,GRID_058_073,21.0,84.75,20.95,0.2131,3
District,ORISSA,KORAPUT,N/A,N/A,IND_DIST_0118,20.9217,84.9335,GRID_057_073,20.75,84.75,26.98,0.1654,4
District,ORISSA,MAYURBHANJ,N/A,N/A,IND_DIST_0119,20.9217,85.0385,GRID_058_074,21.0,85.0,9.58,0.4493,1
District,ORISSA,MAYURBHANJ,N/A,N/A,IND_DIST_0119,20.9217,85.0385,GRID_057_074,20.75,85.0,19.51,0.2207,2
District,ORISSA,MAYURBHANJ,N/A,N/A,IND_DIST_0119,20.9217,85.0385,GRID_058_075,21.0,85.25,23.62,0.1822,3
District,ORISSA,MAYURBHANJ,N/A,N/A,IND_DIST_0119,20.9217,85.0385,GRID_057_075,20.75,85.25,29.11,0.1478,4
District,ORISSA,PURI,N/A,N/A,IND_DIST_0120,20.7117,84.9635,GRID_057_074,20.75,85.0,5.7,0.5948,1
District,ORISSA,PURI,N/A,N/A,IND_DIST_0120,20.7117,84.9635,GRID_057_073,20.75,84.75,22.61,0.1501,2
District,ORISSA,PURI,N/A,N/A,IND_DIST_0120,20.7117,84.9635,GRID_056_074,20.5,85.0,23.84,0.1423,3
District,ORISSA,PURI,N/A,N/A,IND_DIST_0120,20.7117,84.9635,GRID_057_075,20.75,85.25,30.1,0.1127,4
District,ORISSA,SAMBALPUR,N/A,N/A,IND_DIST_0121,20.7267,84.4385,GRID_057_072,20.75,84.5,6.9,0.5445,1
District,ORISSA,SAMBALPUR,N/A,N/A,IND_DIST_0121,20.7267,84.4385,GRID_057_071,20.75,84.25,19.77,0.19,2
District,ORISSA,SAMBALPUR,N/A,N/A,IND_DIST_0121,20.7267,84.4385,GRID_056_072,20.5,84.5,26.01,0.1445,3
District,ORISSA,SAMBALPUR,N/A,N/A,IND_DIST_0121,20.7267,84.4385,GRID_058_072,21.0,84.5,31.05,0.121,4
District,ORISSA,SUNDARGARH,N/A,N/A,IND_DIST_0122,21.4917,85.0085,GRID_060_074,21.5,85.0,1.27,0.8726,1
District,ORISSA,SUNDARGARH,N/A,N/A,IND_DIST_0122,21.4917,85.0085,GRID_060_075,21.5,85.25,25.0,0.0445,2
District,ORISSA,SUNDARGARH,N/A,N/A,IND_DIST_0122,21.4917,85.0085,GRID_060_073,21.5,84.75,26.76,0.0416,3
District,ORISSA,SUNDARGARH,N/A,N/A,IND_DIST_0122,21.4917,85.0085,GRID_059_074,21.25,85.0,26.89,0.0414,4
District,ORISSA,BHADRAK,N/A,N/A,IND_DIST_0123,21.5667,85.1435,GRID_060_075,21.5,85.25,13.28,0.3448,1
District,ORISSA,BHADRAK,N/A,N/A,IND_DIST_0123,21.5667,85.1435,GRID_060_074,21.5,85.0,16.59,0.2759,2
District,ORISSA,BHADRAK,N/A,N/A,IND_DIST_0123,21.5667,85.1435,GRID_061_075,21.75,85.25,23.16,0.1977,3
District,ORISSA,BHADRAK,N/A,N/A,IND_DIST_0123,21.5667,85.1435,GRID_061_074,21.75,85.0,25.21,0.1816,4
District,ORISSA,JAJPUR,N/A,N/A,IND_DIST_0124,20.9217,85.2935,GRID_058_075,21.0,85.25,9.81,0.4415,1
District,ORISSA,JAJPUR,N/A,N/A,IND_DIST_0124,20.9217,85.2935,GRID_057_075,20.75,85.25,19.62,0.2207,2
District,ORISSA,JAJPUR,N/A,N/A,IND_DIST_0124,20.9217,85.2935,GRID_058_076,21.0,85.5,23.14,0.1871,3
District,ORISSA,JAJPUR,N/A,N/A,IND_DIST_0124,20.9217,85.2935,GRID_057_076,20.75,85.5,28.72,0.1507,4
District,ORISSA,KENDRAPARA,N/A,N/A,IND_DIST_0125,21.2217,84.7085,GRID_059_073,21.25,84.75,5.33,0.6126,1
District,ORISSA,KENDRAPARA,N/A,N/A,IND_DIST_0125,21.2217,84.7085,GRID_059_072,21.25,84.5,21.84,0.1495,2
District,ORISSA,KENDRAPARA,N/A,N/A,IND_DIST_0125,21.2217,84.7085,GRID_058_073,21.0,84.75,25.02,0.1305,3
District,ORISSA,KENDRAPARA,N/A,N/A,IND_DIST_0125,21.2217,84.7085,GRID_059_074,21.25,85.0,30.38,0.1075,4
District,ORISSA,ANGUL,N/A,N/A,IND_DIST_0126,20.5317,85.4435,GRID_056_076,20.5,85.5,6.86,0.5472,1
District,ORISSA,ANGUL,N/A,N/A,IND_DIST_0126,20.5317,85.4435,GRID_056_075,20.5,85.25,20.46,0.1835,2
District,ORISSA,ANGUL,N/A,N/A,IND_DIST_0126,20.5317,85.4435,GRID_057_076,20.75,85.5,24.98,0.1503,3
District,ORISSA,ANGUL,N/A,N/A,IND_DIST_0126,20.5317,85.4435,GRID_057_075,20.75,85.25,31.54,0.119,4
District,ORISSA,NAWAPARA,N/A,N/A,IND_DIST_0127,20.3067,85.0085,GRID_055_074,20.25,85.0,6.37,0.5646,1
District,ORISSA,NAWAPARA,N/A,N/A,IND_DIST_0127,20.3067,85.0085,GRID_056_074,20.5,85.0,21.51,0.1671,2
District,ORISSA,NAWAPARA,N/A,N/A,IND_DIST_0127,20.3067,85.0085,GRID_055_075,20.25,85.25,25.97,0.1384,3
District,ORISSA,NAWAPARA,N/A,N/A,IND_DIST_0127,20.3067,85.0085,GRID_055_073,20.25,84.75,27.69,0.1298,4
District,ORISSA,MALKANGIRI,N/A,N/A,IND_DIST_0128,21.1617,84.4385,GRID_059_072,21.25,84.5,11.71,0.3862,1
District,ORISSA,MALKANGIRI,N/A,N/A,IND_DIST_0128,21.1617,84.4385,GRID_058_072,21.0,84.5,19.08,0.237,2
District,ORISSA,MALKANGIRI,N/A,N/A,IND_DIST_0128,21.1617,84.4385,GRID_059_071,21.25,84.25,21.87,0.2067,3
District,ORISSA,MALKANGIRI,N/A,N/A,IND_DIST_0128,21.1617,84.4385,GRID_058_071,21.0,84.25,26.57,0.1702,4
District,ORISSA,NAWARANGPUR,N/A,N/A,IND_DIST_0129,21.4617,84.6035,GRID_060_072,21.5,84.5,11.53,0.3862,1
District,ORISSA,NAWARANGPUR,N/A,N/A,IND_DIST_0129,21.4617,84.6035,GRID_060_073,21.5,84.75,15.75,0.2827,2
District,ORISSA,NAWARANGPUR,N/A,N/A,IND_DIST_0129,21.4617,84.6035,GRID_059_072,21.25,84.5,25.87,0.1721,3
District,ORISSA,NAWARANGPUR,N/A,N/A,IND_DIST_0129,21.4617,84.6035,GRID_059_073,21.25,84.75,28.01,0.1589,4
District,ORISSA,NAYAGARH,N/A,N/A,IND_DIST_0130,20.5767,85.6385,GRID_056_077,20.5,85.75,14.41,0.3227,1
District,ORISSA,NAYAGARH,N/A,N/A,IND_DIST_0130,20.5767,85.6385,GRID_056_076,20.5,85.5,16.75,0.2774,2
District,ORISSA,NAYAGARH,N/A,N/A,IND_DIST_0130,20.5767,85.6385,GRID_057_077,20.75,85.75,22.49,0.2067,3
District,ORISSA,NAYAGARH,N/A,N/A,IND_DIST_0130,20.5767,85.6385,GRID_057_076,20.75,85.5,24.06,0.1932,4
District,ORISSA,KHURDA,N/A,N/A,IND_DIST_0131,20.9817,84.3935,GRID_058_072,21.0,84.5,11.24,0.3958,1
District,ORISSA,KHURDA,N/A,N/A,IND_DIST_0131,20.9817,84.3935,GRID_058_071,21.0,84.25,15.04,0.296,2
District,ORISSA,KHURDA,N/A,N/A,IND_DIST_0131,20.9817,84.3935,GRID_057_072,20.75,84.5,28.04,0.1587,3
District,ORISSA,KHURDA,N/A,N/A,IND_DIST_0131,20.9817,84.3935,GRID_057_071,20.75,84.25,29.77,0.1495,4
District,ORISSA,BARGARH,N/A,N/A,IND_DIST_0132,21.6417,84.7385,GRID_061_073,21.75,84.75,12.1,0.3816,1
District,ORISSA,BARGARH,N/A,N/A,IND_DIST_0132,21.6417,84.7385,GRID_060_073,21.5,84.75,15.8,0.2922,2
District,ORISSA,BARGARH,N/A,N/A,IND_DIST_0132,21.6417,84.7385,GRID_061_072,21.75,84.5,27.43,0.1684,3
District,ORISSA,BARGARH,N/A,N/A,IND_DIST_0132,21.6417,84.7385,GRID_060_072,21.5,84.5,29.27,0.1578,4
District,ORISSA,JHARSUGUDA,N/A,N/A,IND_DIST_0133,20.9517,85.0385,GRID_058_074,21.0,85.0,6.7,0.5525,1
District,ORISSA,JHARSUGUDA,N/A,N/A,IND_DIST_0133,20.9517,85.0385,GRID_058_075,21.0,85.25,22.61,0.1636,2
District,ORISSA,JHARSUGUDA,N/A,N/A,IND_DIST_0133,20.9517,85.0385,GRID_057_074,20.75,85.0,22.78,0.1624,3
District,ORISSA,JHARSUGUDA,N/A,N/A,IND_DIST_0133,20.9517,85.0385,GRID_058_073,21.0,84.75,30.43,0.1215,4
District,ORISSA,DEOGARH,N/A,N/A,IND_DIST_0134,21.2067,85.4885,GRID_059_076,21.25,85.5,4.96,0.6279,1
District,ORISSA,DEOGARH,N/A,N/A,IND_DIST_0134,21.2067,85.4885,GRID_058_076,21.0,85.5,23.01,0.1353,2
District,ORISSA,DEOGARH,N/A,N/A,IND_DIST_0134,21.2067,85.4885,GRID_059_075,21.25,85.25,25.18,0.1237,3
District,ORISSA,DEOGARH,N/A,N/A,IND_DIST_0134,21.2067,85.4885,GRID_059_077,21.25,85.75,27.53,0.1131,4
District,ORISSA,RAYAGADA,N/A,N/A,IND_DIST_0135,20.9217,85.4885,GRID_058_076,21.0,85.5,8.79,0.4757,1
District,ORISSA,RAYAGADA,N/A,N/A,IND_DIST_0135,20.9217,85.4885,GRID_057_076,20.75,85.5,19.13,0.2185,2
District,ORISSA,RAYAGADA,N/A,N/A,IND_DIST_0135,20.9217,85.4885,GRID_058_075,21.0,85.25,26.25,0.1592,3
District,ORISSA,RAYAGADA,N/A,N/A,IND_DIST_0135,20.9217,85.4885,GRID_058_077,21.0,85.75,28.51,0.1466,4
District,ORISSA,GAJAPATI,N/A,N/A,IND_DIST_0136,21.5667,85.4735,GRID_060_076,21.5,85.5,7.91,0.5056,1
District,ORISSA,GAJAPATI,N/A,N/A,IND_DIST_0136,21.5667,85.4735,GRID_061_076,21.75,85.5,20.57,0.1944,2
District,ORISSA,GAJAPATI,N/A,N/A,IND_DIST_0136,21.5667,85.4735,GRID_060_075,21.5,85.25,24.28,0.1647,3
District,ORISSA,GAJAPATI,N/A,N/A,IND_DIST_0136,21.5667,85.4735,GRID_060_077,21.5,85.75,29.55,0.1353,4
District,ORISSA,JAGATSINGHAPU,N/A,N/A,IND_DIST_0137,21.6117,84.4835,GRID_060_072,21.5,84.5,12.54,0.369,1
District,ORISSA,JAGATSINGHAPU,N/A,N/A,IND_DIST_0137,21.6117,84.4835,GRID_061_072,21.75,84.5,15.47,0.299,2
District,ORISSA,JAGATSINGHAPU,N/A,N/A,IND_DIST_0137,21.6117,84.4835,GRID_060_071,21.5,84.25,27.16,0.1704,3
District,ORISSA,JAGATSINGHAPU,N/A,N/A,IND_DIST_0137,21.6117,84.4835,GRID_061_071,21.75,84.25,28.61,0.1617,4
District,ORISSA,BOUDHGARH,N/A,N/A,IND_DIST_0138,21.5817,84.6635,GRID_060_073,21.5,84.75,12.75,0.3591,1
District,ORISSA,BOUDHGARH,N/A,N/A,IND_DIST_0138,21.5817,84.6635,GRID_060_072,21.5,84.5,19.2,0.2385,2
District,ORISSA,BOUDHGARH,N/A,N/A,IND_DIST_0138,21.5817,84.6635,GRID_061_073,21.75,84.75,20.74,0.2208,3
District,ORISSA,BOUDHGARH,N/A,N/A,IND_DIST_0138,21.5817,84.6635,GRID_061_072,21.75,84.5,25.21,0.1816,4
District,ORISSA,SONEPUR,N/A,N/A,IND_DIST_0139,21.0867,85.2035,GRID_058_075,21.0,85.25,10.78,0.4123,1
District,ORISSA,SONEPUR,N/A,N/A,IND_DIST_0139,21.0867,85.2035,GRID_059_075,21.25,85.25,18.79,0.2366,2
District,ORISSA,SONEPUR,N/A,N/A,IND_DIST_0139,21.0867,85.2035,GRID_058_074,21.0,85.0,23.22,0.1915,3
District,ORISSA,SONEPUR,N/A,N/A,IND_DIST_0139,21.0867,85.2035,GRID_059_074,21.25,85.0,27.84,0.1597,4
District,JHARKHAND,BOKARO,N/A,N/A,IND_DIST_0140,23.1302,85.6549,GRID_067_077,23.25,85.75,16.49,0.2848,1
District,JHARKHAND,BOKARO,N/A,N/A,IND_DIST_0140,23.1302,85.6549,GRID_066_077,23.0,85.75,17.44,0.2693,2
District,JHARKHAND,BOKARO,N/A,N/A,IND_DIST_0140,23.1302,85.6549,GRID_067_076,23.25,85.5,20.69,0.227,3
District,JHARKHAND,BOKARO,N/A,N/A,IND_DIST_0140,23.1302,85.6549,GRID_066_076,23.0,85.5,21.46,0.2188,4
District,JHARKHAND,DHANBAD,N/A,N/A,IND_DIST_0141,23.4152,84.5299,GRID_068_072,23.5,84.5,9.91,0.4385,1
District,JHARKHAND,DHANBAD,N/A,N/A,IND_DIST_0141,23.4152,84.5299,GRID_067_072,23.25,84.5,18.62,0.2334,2
District,JHARKHAND,DHANBAD,N/A,N/A,IND_DIST_0141,23.4152,84.5299,GRID_068_073,23.5,84.75,24.35,0.1785,3
District,JHARKHAND,DHANBAD,N/A,N/A,IND_DIST_0141,23.4152,84.5299,GRID_067_073,23.25,84.75,29.02,0.1497,4
District,JHARKHAND,DUMKA,N/A,N/A,IND_DIST_0142,24.0902,85.6699,GRID_070_077,24.0,85.75,12.91,0.3534,1
District,JHARKHAND,DUMKA,N/A,N/A,IND_DIST_0142,24.0902,85.6699,GRID_071_077,24.25,85.75,19.54,0.2336,2
District,JHARKHAND,DUMKA,N/A,N/A,IND_DIST_0142,24.0902,85.6699,GRID_070_076,24.0,85.5,19.96,0.2287,3
District,JHARKHAND,DUMKA,N/A,N/A,IND_DIST_0142,24.0902,85.6699,GRID_071_076,24.25,85.5,24.75,0.1844,4
District,JHARKHAND,HAZARIBAG,N/A,N/A,IND_DIST_0143,23.0552,84.7249,GRID_066_073,23.0,84.75,6.65,0.5509,1
District,JHARKHAND,HAZARIBAG,N/A,N/A,IND_DIST_0143,23.0552,84.7249,GRID_067_073,23.25,84.75,21.81,0.168,2
District,JHARKHAND,HAZARIBAG,N/A,N/A,IND_DIST_0143,23.0552,84.7249,GRID_066_072,23.0,84.5,23.82,0.1539,3
District,JHARKHAND,HAZARIBAG,N/A,N/A,IND_DIST_0143,23.0552,84.7249,GRID_066_074,23.0,85.0,28.81,0.1272,4
District,JHARKHAND,PALAMU,N/A,N/A,IND_DIST_0144,23.5952,84.7249,GRID_068_073,23.5,84.75,10.89,0.4103,1
District,JHARKHAND,PALAMU,N/A,N/A,IND_DIST_0144,23.5952,84.7249,GRID_069_073,23.75,84.75,17.4,0.2568,2
District,JHARKHAND,PALAMU,N/A,N/A,IND_DIST_0144,23.5952,84.7249,GRID_068_072,23.5,84.5,25.25,0.177,3
District,JHARKHAND,PALAMU,N/A,N/A,IND_DIST_0144,23.5952,84.7249,GRID_069_072,23.75,84.5,28.65,0.156,4
District,JHARKHAND,RANCHI,N/A,N/A,IND_DIST_0145,23.2202,84.7699,GRID_067_073,23.25,84.75,3.89,0.684,1
District,JHARKHAND,RANCHI,N/A,N/A,IND_DIST_0145,23.2202,84.7699,GRID_067_074,23.25,85.0,23.74,0.112,2
District,JHARKHAND,RANCHI,N/A,N/A,IND_DIST_0145,23.2202,84.7699,GRID_066_073,23.0,84.75,24.57,0.1082,3
District,JHARKHAND,RANCHI,N/A,N/A,IND_DIST_0145,23.2202,84.7699,GRID_067_072,23.25,84.5,27.78,0.0957,4
District,JHARKHAND,SAHIBGANJ,N/A,N/A,IND_DIST_0146,23.8952,85.6249,GRID_070_076,24.0,85.5,17.23,0.272,1
District,JHARKHAND,SAHIBGANJ,N/A,N/A,IND_DIST_0146,23.8952,85.6249,GRID_070_077,24.0,85.75,17.25,0.2718,2
District,JHARKHAND,SAHIBGANJ,N/A,N/A,IND_DIST_0146,23.8952,85.6249,GRID_069_076,23.75,85.5,20.54,0.2282,3
District,JHARKHAND,SAHIBGANJ,N/A,N/A,IND_DIST_0146,23.8952,85.6249,GRID_069_077,23.75,85.75,20.56,0.228,4
District,JHARKHAND,WEST SINGHBHUM,N/A,N/A,IND_DIST_0147,24.0602,85.1599,GRID_070_075,24.0,85.25,11.34,0.39,1
District,JHARKHAND,WEST SINGHBHUM,N/A,N/A,IND_DIST_0147,24.0602,85.1599,GRID_070_074,24.0,85.0,17.56,0.2517,2
District,JHARKHAND,WEST SINGHBHUM,N/A,N/A,IND_DIST_0147,24.0602,85.1599,GRID_071_075,24.25,85.25,23.0,0.1922,3
District,JHARKHAND,WEST SINGHBHUM,N/A,N/A,IND_DIST_0147,24.0602,85.1599,GRID_071_074,24.25,85.0,26.62,0.1661,4
District,JHARKHAND,DEOGHAR,N/A,N/A,IND_DIST_0148,22.9202,85.4299,GRID_066_076,23.0,85.5,11.41,0.3916,1
District,JHARKHAND,DEOGHAR,N/A,N/A,IND_DIST_0148,22.9202,85.4299,GRID_065_076,22.75,85.5,20.24,0.2207,2
District,JHARKHAND,DEOGHAR,N/A,N/A,IND_DIST_0148,22.9202,85.4299,GRID_066_075,23.0,85.25,20.45,0.2186,3
District,JHARKHAND,DEOGHAR,N/A,N/A,IND_DIST_0148,22.9202,85.4299,GRID_065_075,22.75,85.25,26.42,0.1691,4
District,JHARKHAND,GIRIDIH,N/A,N/A,IND_DIST_0149,23.5052,85.8949,GRID_068_078,23.5,86.0,10.73,0.4087,1
District,JHARKHAND,GIRIDIH,N/A,N/A,IND_DIST_0149,23.5052,85.8949,GRID_068_077,23.5,85.75,14.79,0.2967,2
District,JHARKHAND,GIRIDIH,N/A,N/A,IND_DIST_0149,23.5052,85.8949,GRID_069_078,23.75,86.0,29.25,0.15,3
District,JHARKHAND,GIRIDIH,N/A,N/A,IND_DIST_0149,23.5052,85.8949,GRID_067_078,23.25,86.0,30.34,0.1446,4
District,JHARKHAND,GODDA,N/A,N/A,IND_DIST_0150,24.3002,84.6349,GRID_071_073,24.25,84.75,12.93,0.3464,1
District,JHARKHAND,GODDA,N/A,N/A,IND_DIST_0150,24.3002,84.6349,GRID_071_072,24.25,84.5,14.77,0.3033,2
District,JHARKHAND,GODDA,N/A,N/A,IND_DIST_0150,24.3002,84.6349,GRID_072_073,24.5,84.75,25.09,0.1786,3
District,JHARKHAND,GODDA,N/A,N/A,IND_DIST_0150,24.3002,84.6349,GRID_072_072,24.5,84.5,26.08,0.1718,4
District,JHARKHAND,GUMLA,N/A,N/A,IND_DIST_0151,24.0752,84.6499,GRID_070_073,24.0,84.75,13.16,0.3459,1
District,JHARKHAND,GUMLA,N/A,N/A,IND_DIST_0151,24.0752,84.6499,GRID_070_072,24.0,84.5,17.37,0.2621,2
District,JHARKHAND,GUMLA,N/A,N/A,IND_DIST_0151,24.0752,84.6499,GRID_071_073,24.25,84.75,21.93,0.2076,3
District,JHARKHAND,GUMLA,N/A,N/A,IND_DIST_0151,24.0752,84.6499,GRID_071_072,24.25,84.5,24.68,0.1845,4
District,JHARKHAND,LOHARDAGA,N/A,N/A,IND_DIST_0152,23.5802,85.6399,GRID_068_077,23.5,85.75,14.34,0.3214,1
District,JHARKHAND,LOHARDAGA,N/A,N/A,IND_DIST_0152,23.5802,85.6399,GRID_068_076,23.5,85.5,16.82,0.2739,2
District,JHARKHAND,LOHARDAGA,N/A,N/A,IND_DIST_0152,23.5802,85.6399,GRID_069_077,23.75,85.75,21.96,0.2098,3
District,JHARKHAND,LOHARDAGA,N/A,N/A,IND_DIST_0152,23.5802,85.6399,GRID_069_076,23.75,85.5,23.65,0.1948,4
District,JHARKHAND,CHATRA,N/A,N/A,IND_DIST_0153,22.8602,85.8049,GRID_065_077,22.75,85.75,13.48,0.3421,1
District,JHARKHAND,CHATRA,N/A,N/A,IND_DIST_0153,22.8602,85.8049,GRID_066_077,23.0,85.75,16.53,0.279,2
District,JHARKHAND,CHATRA,N/A,N/A,IND_DIST_0153,22.8602,85.8049,GRID_065_078,22.75,86.0,23.45,0.1967,3
District,JHARKHAND,CHATRA,N/A,N/A,IND_DIST_0153,22.8602,85.8049,GRID_066_078,23.0,86.0,25.31,0.1822,4
District,JHARKHAND,KODERMA,N/A,N/A,IND_DIST_0154,22.9052,85.7149,GRID_066_077,23.0,85.75,11.14,0.4022,1
District,JHARKHAND,KODERMA,N/A,N/A,IND_DIST_0154,22.9052,85.7149,GRID_065_077,22.75,85.75,17.63,0.2541,2
District,JHARKHAND,KODERMA,N/A,N/A,IND_DIST_0154,22.9052,85.7149,GRID_066_076,23.0,85.5,24.4,0.1836,3
District,JHARKHAND,KODERMA,N/A,N/A,IND_DIST_0154,22.9052,85.7149,GRID_065_076,22.75,85.5,27.98,0.1601,4
District,JHARKHAND,PAKUR,N/A,N/A,IND_DIST_0155,23.1302,85.2649,GRID_067_075,23.25,85.25,13.41,0.3464,1
District,JHARKHAND,PAKUR,N/A,N/A,IND_DIST_0155,23.1302,85.2649,GRID_066_075,23.0,85.25,14.56,0.3191,2
District,JHARKHAND,PAKUR,N/A,N/A,IND_DIST_0155,23.1302,85.2649,GRID_067_076,23.25,85.5,27.48,0.1691,3
District,JHARKHAND,PAKUR,N/A,N/A,IND_DIST_0155,23.1302,85.2649,GRID_066_076,23.0,85.5,28.07,0.1655,4
District,JHARKHAND,EAST SINGHBHU,N/A,N/A,IND_DIST_0156,24.2402,84.8149,GRID_071_073,24.25,84.75,6.67,0.5487,1
District,JHARKHAND,EAST SINGHBHU,N/A,N/A,IND_DIST_0156,24.2402,84.8149,GRID_071_074,24.25,85.0,18.8,0.1947,2
District,JHARKHAND,EAST SINGHBHU,N/A,N/A,IND_DIST_0156,24.2402,84.8149,GRID_070_073,24.0,84.75,27.51,0.133,3
District,JHARKHAND,EAST SINGHBHU,N/A,N/A,IND_DIST_0156,24.2402,84.8149,GRID_072_073,24.5,84.75,29.63,0.1235,4
District,JHARKHAND,GARHWA,N/A,N/A,IND_DIST_0157,23.2802,85.1899,GRID_067_075,23.25,85.25,7.0,0.5384,1
District,JHARKHAND,GARHWA,N/A,N/A,IND_DIST_0157,23.2802,85.1899,GRID_067_074,23.25,85.0,19.69,0.1914,2
District,JHARKHAND,GARHWA,N/A,N/A,IND_DIST_0157,23.2802,85.1899,GRID_068_075,23.5,85.25,25.2,0.1495,3
District,JHARKHAND,GARHWA,N/A,N/A,IND_DIST_0157,23.2802,85.1899,GRID_068_074,23.5,85.0,31.19,0.1208,4
District,JHARKHAND,SERAIKELA-KHA,N/A,N/A,IND_DIST_0158,23.7152,85.7749,GRID_069_077,23.75,85.75,4.63,0.6431,1
District,JHARKHAND,SERAIKELA-KHA,N/A,N/A,IND_DIST_0158,23.7152,85.7749,GRID_069_078,23.75,86.0,23.24,0.128,2
District,JHARKHAND,SERAIKELA-KHA,N/A,N/A,IND_DIST_0158,23.7152,85.7749,GRID_068_077,23.5,85.75,24.06,0.1236,3
District,JHARKHAND,SERAIKELA-KHA,N/A,N/A,IND_DIST_0158,23.7152,85.7749,GRID_069_076,23.75,85.5,28.25,0.1053,4
District,JHARKHAND,JAMTARA,N/A,N/A,IND_DIST_0159,23.5202,84.8599,GRID_068_073,23.5,84.75,11.43,0.386,1
District,JHARKHAND,JAMTARA,N/A,N/A,IND_DIST_0159,23.5202,84.8599,GRID_068_074,23.5,85.0,14.46,0.3051,2
District,JHARKHAND,JAMTARA,N/A,N/A,IND_DIST_0159,23.5202,84.8599,GRID_069_073,23.75,84.75,27.9,0.1581,3
District,JHARKHAND,JAMTARA,N/A,N/A,IND_DIST_0159,23.5202,84.8599,GRID_069_074,23.75,85.0,29.27,0.1507,4
District,JHARKHAND,LATEHAR,N/A,N/A,IND_DIST_0160,23.9702,84.9649,GRID_070_074,24.0,85.0,4.87,0.6313,1
District,JHARKHAND,LATEHAR,N/A,N/A,IND_DIST_0160,23.9702,84.9649,GRID_070_073,24.0,84.75,22.08,0.1392,2
District,JHARKHAND,LATEHAR,N/A,N/A,IND_DIST_0160,23.9702,84.9649,GRID_069_074,23.75,85.0,24.74,0.1242,3
District,JHARKHAND,LATEHAR,N/A,N/A,IND_DIST_0160,23.9702,84.9649,GRID_070_075,24.0,85.25,29.15,0.1054,4
District,JHARKHAND,SIMDEGA,N/A,N/A,IND_DIST_0161,24.1352,84.6949,GRID_071_073,24.25,84.75,13.93,0.3309,1
District,JHARKHAND,SIMDEGA,N/A,N/A,IND_DIST_0161,24.1352,84.6949,GRID_070_073,24.0,84.75,16.04,0.2875,2
District,JHARKHAND,SIMDEGA,N/A,N/A,IND_DIST_0161,24.1352,84.6949,GRID_071_072,24.25,84.5,23.53,0.196,3
District,JHARKHAND,SIMDEGA,N/A,N/A,IND_DIST_0161,24.1352,84.6949,GRID_070_072,24.0,84.5,24.85,0.1856,4
District,JHARKHAND,KHUNTI(RANCHI,N/A,N/A,IND_DIST_0162,23.5652,84.6499,GRID_068_073,23.5,84.75,12.52,0.3604,1
District,JHARKHAND,KHUNTI(RANCHI,N/A,N/A,IND_DIST_0162,23.5652,84.6499,GRID_068_072,23.5,84.5,16.91,0.2667,2
District,JHARKHAND,KHUNTI(RANCHI,N/A,N/A,IND_DIST_0162,23.5652,84.6499,GRID_069_073,23.75,84.75,22.94,0.1967,3
District,JHARKHAND,KHUNTI(RANCHI,N/A,N/A,IND_DIST_0162,23.5652,84.6499,GRID_069_072,23.75,84.5,25.6,0.1762,4
District,JHARKHAND,RAMGARH,N/A,N/A,IND_DIST_0163,23.0702,85.7449,GRID_066_077,23.0,85.75,7.82,0.506,1
District,JHARKHAND,RAMGARH,N/A,N/A,IND_DIST_0163,23.0702,85.7449,GRID_067_077,23.25,85.75,20.0,0.1979,2
District,JHARKHAND,RAMGARH,N/A,N/A,IND_DIST_0163,23.0702,85.7449,GRID_066_076,23.0,85.5,26.25,0.1508,3
District,JHARKHAND,RAMGARH,N/A,N/A,IND_DIST_0163,23.0702,85.7449,GRID_066_078,23.0,86.0,27.25,0.1453,4
District,BIHAR,BHAGALPUR,N/A,N/A,IND_DIST_0164,25.7261,85.4781,GRID_077_076,25.75,85.5,3.45,0.7081,1
District,BIHAR,BHAGALPUR,N/A,N/A,IND_DIST_0164,25.7261,85.4781,GRID_077_075,25.75,85.25,23.0,0.1061,2
District,BIHAR,BHAGALPUR,N/A,N/A,IND_DIST_0164,25.7261,85.4781,GRID_076_076,25.5,85.5,25.24,0.0967,3
District,BIHAR,BHAGALPUR,N/A,N/A,IND_DIST_0164,25.7261,85.4781,GRID_077_077,25.75,85.75,27.36,0.0892,4
District,BIHAR,EAST CHAMPARAN,N/A,N/A,IND_DIST_0165,25.3211,85.5981,GRID_075_076,25.25,85.5,12.64,0.356,1
District,BIHAR,EAST CHAMPARAN,N/A,N/A,IND_DIST_0165,25.3211,85.5981,GRID_075_077,25.25,85.75,17.2,0.2617,2
District,BIHAR,EAST CHAMPARAN,N/A,N/A,IND_DIST_0165,25.3211,85.5981,GRID_076_076,25.5,85.5,22.2,0.2027,3
District,BIHAR,EAST CHAMPARAN,N/A,N/A,IND_DIST_0165,25.3211,85.5981,GRID_076_077,25.5,85.75,25.07,0.1795,4
District,BIHAR,DARBHANGA,N/A,N/A,IND_DIST_0166,24.8711,85.2231,GRID_073_075,24.75,85.25,13.74,0.3355,1
District,BIHAR,DARBHANGA,N/A,N/A,IND_DIST_0166,24.8711,85.2231,GRID_074_075,25.0,85.25,14.59,0.316,2
District,BIHAR,DARBHANGA,N/A,N/A,IND_DIST_0166,24.8711,85.2231,GRID_073_074,24.75,85.0,26.24,0.1757,3
District,BIHAR,DARBHANGA,N/A,N/A,IND_DIST_0166,24.8711,85.2231,GRID_074_074,25.0,85.0,26.67,0.1728,4
District,BIHAR,GAYA,N/A,N/A,IND_DIST_0167,25.1111,85.2081,GRID_074_075,25.0,85.25,13.05,0.3504,1
District,BIHAR,GAYA,N/A,N/A,IND_DIST_0167,25.1111,85.2081,GRID_075_075,25.25,85.25,16.01,0.2857,2
District,BIHAR,GAYA,N/A,N/A,IND_DIST_0167,25.1111,85.2081,GRID_074_074,25.0,85.0,24.33,0.188,3
District,BIHAR,GAYA,N/A,N/A,IND_DIST_0167,25.1111,85.2081,GRID_075_074,25.25,85.0,26.02,0.1758,4
District,BIHAR,MUNGER,N/A,N/A,IND_DIST_0168,25.7561,84.7131,GRID_077_073,25.75,84.75,3.76,0.6925,1
District,BIHAR,MUNGER,N/A,N/A,IND_DIST_0168,25.7561,84.7131,GRID_077_072,25.75,84.5,21.35,0.1219,2
District,BIHAR,MUNGER,N/A,N/A,IND_DIST_0168,25.7561,84.7131,GRID_078_073,26.0,84.75,27.37,0.0951,3
District,BIHAR,MUNGER,N/A,N/A,IND_DIST_0168,25.7561,84.7131,GRID_076_073,25.5,84.75,28.72,0.0906,4
District,BIHAR,MUZAFFARPUR,N/A,N/A,IND_DIST_0169,25.5611,85.2231,GRID_076_075,25.5,85.25,7.31,0.5227,1
District,BIHAR,MUZAFFARPUR,N/A,N/A,IND_DIST_0169,25.5611,85.2231,GRID_077_075,25.75,85.25,21.18,0.1804,2
District,BIHAR,MUZAFFARPUR,N/A,N/A,IND_DIST_0169,25.5611,85.2231,GRID_076_074,25.5,85.0,23.39,0.1633,3
District,BIHAR,MUZAFFARPUR,N/A,N/A,IND_DIST_0169,25.5611,85.2231,GRID_076_076,25.5,85.5,28.6,0.1336,4
District,BIHAR,WEST CHAMPARAN,N/A,N/A,IND_DIST_0170,25.8161,85.7481,GRID_077_077,25.75,85.75,7.35,0.52,1
District,BIHAR,WEST CHAMPARAN,N/A,N/A,IND_DIST_0170,25.8161,85.7481,GRID_078_077,26.0,85.75,20.45,0.1869,2
District,BIHAR,WEST CHAMPARAN,N/A,N/A,IND_DIST_0170,25.8161,85.7481,GRID_077_076,25.75,85.5,25.91,0.1476,3
District,BIHAR,WEST CHAMPARAN,N/A,N/A,IND_DIST_0170,25.8161,85.7481,GRID_077_078,25.75,86.0,26.27,0.1455,4
District,BIHAR,PURNEA,N/A,N/A,IND_DIST_0171,24.4211,84.6531,GRID_072_073,24.5,84.75,13.16,0.3461,1
District,BIHAR,PURNEA,N/A,N/A,IND_DIST_0171,24.4211,84.6531,GRID_072_072,24.5,84.5,17.81,0.2557,2
District,BIHAR,PURNEA,N/A,N/A,IND_DIST_0171,24.4211,84.6531,GRID_071_073,24.25,84.75,21.41,0.2127,3
District,BIHAR,PURNEA,N/A,N/A,IND_DIST_0171,24.4211,84.6531,GRID_071_072,24.25,84.5,24.55,0.1855,4
District,BIHAR,GOPALGANJ,N/A,N/A,IND_DIST_0172,25.3811,84.8931,GRID_076_074,25.5,85.0,17.03,0.2744,1
District,BIHAR,GOPALGANJ,N/A,N/A,IND_DIST_0172,25.3811,84.8931,GRID_075_074,25.25,85.0,18.11,0.2581,2
District,BIHAR,GOPALGANJ,N/A,N/A,IND_DIST_0172,25.3811,84.8931,GRID_076_073,25.5,84.75,19.53,0.2393,3
District,BIHAR,GOPALGANJ,N/A,N/A,IND_DIST_0172,25.3811,84.8931,GRID_075_073,25.25,84.75,20.48,0.2282,4
District,BIHAR,MADHUBANI,N/A,N/A,IND_DIST_0173,24.6311,85.5831,GRID_073_076,24.75,85.5,15.66,0.2973,1
District,BIHAR,MADHUBANI,N/A,N/A,IND_DIST_0173,24.6311,85.5831,GRID_072_076,24.5,85.5,16.83,0.2767,2
District,BIHAR,MADHUBANI,N/A,N/A,IND_DIST_0173,24.6311,85.5831,GRID_073_077,24.75,85.75,21.43,0.2173,3
District,BIHAR,MADHUBANI,N/A,N/A,IND_DIST_0173,24.6311,85.5831,GRID_072_077,24.5,85.75,22.3,0.2088,4
District,BIHAR,AURANGABAD,N/A,N/A,IND_DIST_0174,25.6511,85.0731,GRID_077_074,25.75,85.0,13.21,0.3454,1
District,BIHAR,AURANGABAD,N/A,N/A,IND_DIST_0174,25.6511,85.0731,GRID_076_074,25.5,85.0,18.33,0.249,2
District,BIHAR,AURANGABAD,N/A,N/A,IND_DIST_0174,25.6511,85.0731,GRID_077_075,25.75,85.25,20.86,0.2188,3
District,BIHAR,AURANGABAD,N/A,N/A,IND_DIST_0174,25.6511,85.0731,GRID_076_075,25.5,85.25,24.44,0.1868,4
District,BIHAR,BEGUSARAI,N/A,N/A,IND_DIST_0175,25.8311,85.1481,GRID_077_075,25.75,85.25,13.62,0.3343,1
District,BIHAR,BEGUSARAI,N/A,N/A,IND_DIST_0175,25.8311,85.1481,GRID_077_074,25.75,85.0,17.35,0.2623,2
District,BIHAR,BEGUSARAI,N/A,N/A,IND_DIST_0175,25.8311,85.1481,GRID_078_075,26.0,85.25,21.37,0.213,3
District,BIHAR,BEGUSARAI,N/A,N/A,IND_DIST_0175,25.8311,85.1481,GRID_078_074,26.0,85.0,23.92,0.1903,4
District,BIHAR,BHOJPUR,N/A,N/A,IND_DIST_0176,24.4661,85.2381,GRID_072_075,24.5,85.25,3.96,0.6782,1
District,BIHAR,BHOJPUR,N/A,N/A,IND_DIST_0176,24.4661,85.2381,GRID_071_075,24.25,85.25,24.06,0.1115,2
District,BIHAR,BHOJPUR,N/A,N/A,IND_DIST_0176,24.4661,85.2381,GRID_072_074,24.5,85.0,24.39,0.11,3
District,BIHAR,BHOJPUR,N/A,N/A,IND_DIST_0176,24.4661,85.2381,GRID_072_076,24.5,85.5,26.77,0.1002,4
District,BIHAR,NALANDA,N/A,N/A,IND_DIST_0177,24.4361,84.7731,GRID_072_073,24.5,84.75,7.48,0.5175,1
District,BIHAR,NALANDA,N/A,N/A,IND_DIST_0177,24.4361,84.7731,GRID_071_073,24.25,84.75,20.83,0.1859,2
District,BIHAR,NALANDA,N/A,N/A,IND_DIST_0177,24.4361,84.7731,GRID_072_074,24.5,85.0,24.04,0.161,3
District,BIHAR,NALANDA,N/A,N/A,IND_DIST_0177,24.4361,84.7731,GRID_072_072,24.5,84.5,28.54,0.1356,4
District,BIHAR,PATNA,N/A,N/A,IND_DIST_0178,24.6311,85.8231,GRID_073_077,24.75,85.75,15.14,0.3064,1
District,BIHAR,PATNA,N/A,N/A,IND_DIST_0178,24.6311,85.8231,GRID_072_077,24.5,85.75,16.34,0.2839,2
District,BIHAR,PATNA,N/A,N/A,IND_DIST_0178,24.6311,85.8231,GRID_073_078,24.75,86.0,22.23,0.2087,3
District,BIHAR,PATNA,N/A,N/A,IND_DIST_0178,24.6311,85.8231,GRID_072_078,24.5,86.0,23.08,0.2011,4
District,BIHAR,KATIHAR,N/A,N/A,IND_DIST_0179,25.2911,85.0581,GRID_075_074,25.25,85.0,7.42,0.5183,1
District,BIHAR,KATIHAR,N/A,N/A,IND_DIST_0179,25.2911,85.0581,GRID_075_075,25.25,85.25,19.83,0.1939,2
District,BIHAR,KATIHAR,N/A,N/A,IND_DIST_0179,25.2911,85.0581,GRID_076_074,25.5,85.0,23.95,0.1605,3
District,BIHAR,KATIHAR,N/A,N/A,IND_DIST_0179,25.2911,85.0581,GRID_076_075,25.5,85.25,30.19,0.1274,4
District,BIHAR,KHAGARIA,N/A,N/A,IND_DIST_0180,25.7861,84.8031,GRID_077_073,25.75,84.75,6.66,0.5488,1
District,BIHAR,KHAGARIA,N/A,N/A,IND_DIST_0180,25.7861,84.8031,GRID_077_074,25.75,85.0,20.12,0.1817,2
District,BIHAR,KHAGARIA,N/A,N/A,IND_DIST_0180,25.7861,84.8031,GRID_078_073,26.0,84.75,24.37,0.15,3
District,BIHAR,KHAGARIA,N/A,N/A,IND_DIST_0180,25.7861,84.8031,GRID_077_072,25.75,84.5,30.62,0.1194,4
District,BIHAR,SARAN,N/A,N/A,IND_DIST_0181,24.4961,84.7431,GRID_072_073,24.5,84.75,0.82,0.9132,1
District,BIHAR,SARAN,N/A,N/A,IND_DIST_0181,24.4961,84.7431,GRID_072_072,24.5,84.5,24.6,0.0305,2
District,BIHAR,SARAN,N/A,N/A,IND_DIST_0181,24.4961,84.7431,GRID_072_074,24.5,85.0,26.0,0.0289,3
District,BIHAR,SARAN,N/A,N/A,IND_DIST_0181,24.4961,84.7431,GRID_071_073,24.25,84.75,27.37,0.0274,4
District,BIHAR,MADHEPURA,N/A,N/A,IND_DIST_0182,25.3961,85.7031,GRID_076_077,25.5,85.75,12.48,0.3639,1
District,BIHAR,MADHEPURA,N/A,N/A,IND_DIST_0182,25.3961,85.7031,GRID_075_077,25.25,85.75,16.92,0.2684,2
District,BIHAR,MADHEPURA,N/A,N/A,IND_DIST_0182,25.3961,85.7031,GRID_076_076,25.5,85.5,23.44,0.1937,3
District,BIHAR,MADHEPURA,N/A,N/A,IND_DIST_0182,25.3961,85.7031,GRID_075_076,25.25,85.5,26.09,0.174,4
District,BIHAR,NAWADA,N/A,N/A,IND_DIST_0183,25.6511,84.9081,GRID_077_074,25.75,85.0,14.34,0.3212,1
District,BIHAR,NAWADA,N/A,N/A,IND_DIST_0183,25.6511,84.9081,GRID_076_074,25.5,85.0,19.16,0.2404,2
District,BIHAR,NAWADA,N/A,N/A,IND_DIST_0183,25.6511,84.9081,GRID_077_073,25.75,84.75,19.28,0.2389,3
District,BIHAR,NAWADA,N/A,N/A,IND_DIST_0183,25.6511,84.9081,GRID_076_073,25.5,84.75,23.1,0.1994,4
District,BIHAR,ROHTAS,N/A,N/A,IND_DIST_0184,25.0361,85.8531,GRID_074_077,25.0,85.75,11.14,0.3917,1
District,BIHAR,ROHTAS,N/A,N/A,IND_DIST_0184,25.0361,85.8531,GRID_074_078,25.0,86.0,15.34,0.2844,2
District,BIHAR,ROHTAS,N/A,N/A,IND_DIST_0184,25.0361,85.8531,GRID_075_077,25.25,85.75,25.95,0.1681,3
District,BIHAR,ROHTAS,N/A,N/A,IND_DIST_0184,25.0361,85.8531,GRID_075_078,25.25,86.0,28.01,0.1558,4
District,BIHAR,SAMASTIPUR,N/A,N/A,IND_DIST_0185,25.6361,85.8981,GRID_077_078,25.75,86.0,16.27,0.2864,1
District,BIHAR,SAMASTIPUR,N/A,N/A,IND_DIST_0185,25.6361,85.8981,GRID_076_078,25.5,86.0,18.26,0.2551,2
District,BIHAR,SAMASTIPUR,N/A,N/A,IND_DIST_0185,25.6361,85.8981,GRID_077_077,25.75,85.75,19.51,0.2388,3
District,BIHAR,SAMASTIPUR,N/A,N/A,IND_DIST_0185,25.6361,85.8981,GRID_076_077,25.5,85.75,21.21,0.2197,4
District,BIHAR,SITAMARHI,N/A,N/A,IND_DIST_0186,25.0961,85.2531,GRID_074_075,25.0,85.25,10.69,0.4156,1
District,BIHAR,SITAMARHI,N/A,N/A,IND_DIST_0186,25.0961,85.2531,GRID_075_075,25.25,85.25,17.12,0.2596,2
District,BIHAR,SITAMARHI,N/A,N/A,IND_DIST_0186,25.0961,85.2531,GRID_074_076,25.0,85.5,27.07,0.1641,3
District,BIHAR,SITAMARHI,N/A,N/A,IND_DIST_0186,25.0961,85.2531,GRID_074_074,25.0,85.0,27.65,0.1607,4
District,BIHAR,SIWAN,N/A,N/A,IND_DIST_0187,25.6511,85.6881,GRID_077_077,25.75,85.75,12.63,0.3593,1
District,BIHAR,SIWAN,N/A,N/A,IND_DIST_0187,25.6511,85.6881,GRID_076_077,25.5,85.75,17.91,0.2533,2
District,BIHAR,SIWAN,N/A,N/A,IND_DIST_0187,25.6511,85.6881,GRID_077_076,25.75,85.5,21.82,0.2079,3
District,BIHAR,SIWAN,N/A,N/A,IND_DIST_0187,25.6511,85.6881,GRID_076_076,25.5,85.5,25.26,0.1796,4
District,BIHAR,VAISHALI,N/A,N/A,IND_DIST_0188,25.2461,85.7781,GRID_075_077,25.25,85.75,2.86,0.7495,1
District,BIHAR,VAISHALI,N/A,N/A,IND_DIST_0188,25.2461,85.7781,GRID_075_078,25.25,86.0,22.32,0.096,2
District,BIHAR,VAISHALI,N/A,N/A,IND_DIST_0188,25.2461,85.7781,GRID_074_077,25.0,85.75,27.51,0.0779,3
District,BIHAR,VAISHALI,N/A,N/A,IND_DIST_0188,25.2461,85.7781,GRID_075_076,25.25,85.5,27.97,0.0766,4
District,BIHAR,JAHANABAD,N/A,N/A,IND_DIST_0189,25.2311,84.8781,GRID_075_074,25.25,85.0,12.44,0.3543,1
District,BIHAR,JAHANABAD,N/A,N/A,IND_DIST_0189,25.2311,84.8781,GRID_075_073,25.25,84.75,13.05,0.3376,2
District,BIHAR,JAHANABAD,N/A,N/A,IND_DIST_0189,25.2311,84.8781,GRID_074_074,25.0,85.0,28.48,0.1548,3
District,BIHAR,JAHANABAD,N/A,N/A,IND_DIST_0189,25.2311,84.8781,GRID_074_073,25.0,84.75,28.75,0.1533,4
District,BIHAR,BUXAR,N/A,N/A,IND_DIST_0190,25.6511,84.8331,GRID_077_073,25.75,84.75,13.79,0.3326,1
District,BIHAR,BUXAR,N/A,N/A,IND_DIST_0190,25.6511,84.8331,GRID_076_073,25.5,84.75,18.76,0.2446,2
District,BIHAR,BUXAR,N/A,N/A,IND_DIST_0190,25.6511,84.8331,GRID_077_074,25.75,85.0,20.01,0.2293,3
District,BIHAR,BUXAR,N/A,N/A,IND_DIST_0190,25.6511,84.8331,GRID_076_074,25.5,85.0,23.72,0.1935,4
District,BIHAR,ARARIA,N/A,N/A,IND_DIST_0191,25.3661,85.8831,GRID_075_078,25.25,86.0,17.46,0.2679,1
District,BIHAR,ARARIA,N/A,N/A,IND_DIST_0191,25.3661,85.8831,GRID_075_077,25.25,85.75,18.59,0.2516,2
District,BIHAR,ARARIA,N/A,N/A,IND_DIST_0191,25.3661,85.8831,GRID_076_078,25.5,86.0,18.96,0.2467,3
District,BIHAR,ARARIA,N/A,N/A,IND_DIST_0191,25.3661,85.8831,GRID_076_077,25.5,85.75,20.01,0.2338,4
District,BIHAR,BANKA,N/A,N/A,IND_DIST_0192,24.3761,85.0731,GRID_072_074,24.5,85.0,15.64,0.2971,1
District,BIHAR,BANKA,N/A,N/A,IND_DIST_0192,24.3761,85.0731,GRID_071_074,24.25,85.0,15.86,0.293,2
District,BIHAR,BANKA,N/A,N/A,IND_DIST_0192,24.3761,85.0731,GRID_072_075,24.5,85.25,22.59,0.2057,3
District,BIHAR,BANKA,N/A,N/A,IND_DIST_0192,24.3761,85.0731,GRID_071_075,24.25,85.25,22.76,0.2042,4
District,BIHAR,BHABUA,N/A,N/A,IND_DIST_0193,24.6011,84.6531,GRID_072_073,24.5,84.75,14.91,0.3112,1
District,BIHAR,BHABUA,N/A,N/A,IND_DIST_0193,24.6011,84.6531,GRID_072_072,24.5,84.5,19.14,0.2426,2
District,BIHAR,BHABUA,N/A,N/A,IND_DIST_0193,24.6011,84.6531,GRID_073_073,24.75,84.75,19.24,0.2413,3
District,BIHAR,BHABUA,N/A,N/A,IND_DIST_0193,24.6011,84.6531,GRID_073_072,24.75,84.5,22.66,0.2049,4
District,BIHAR,JAMUI,N/A,N/A,IND_DIST_0194,24.5711,84.6981,GRID_072_073,24.5,84.75,9.49,0.4468,1
District,BIHAR,JAMUI,N/A,N/A,IND_DIST_0194,24.5711,84.6981,GRID_073_073,24.75,84.75,20.57,0.2061,2
District,BIHAR,JAMUI,N/A,N/A,IND_DIST_0194,24.5711,84.6981,GRID_072_072,24.5,84.5,21.54,0.1968,3
District,BIHAR,JAMUI,N/A,N/A,IND_DIST_0194,24.5711,84.6981,GRID_073_072,24.75,84.5,28.22,0.1502,4
District,BIHAR,KISHANGANJ,N/A,N/A,IND_DIST_0195,24.3761,85.9281,GRID_072_078,24.5,86.0,15.58,0.2981,1
District,BIHAR,KISHANGANJ,N/A,N/A,IND_DIST_0195,24.3761,85.9281,GRID_071_078,24.25,86.0,15.8,0.294,2
District,BIHAR,KISHANGANJ,N/A,N/A,IND_DIST_0195,24.3761,85.9281,GRID_072_077,24.5,85.75,22.69,0.2047,3
District,BIHAR,KISHANGANJ,N/A,N/A,IND_DIST_0195,24.3761,85.9281,GRID_071_077,24.25,85.75,22.85,0.2032,4
District,BIHAR,SHEIKHPURA,N/A,N/A,IND_DIST_0196,25.7111,84.8481,GRID_077_073,25.75,84.75,10.74,0.4025,1
District,BIHAR,SHEIKHPURA,N/A,N/A,IND_DIST_0196,25.7111,84.8481,GRID_077_074,25.75,85.0,15.82,0.2732,2
District,BIHAR,SHEIKHPURA,N/A,N/A,IND_DIST_0196,25.7111,84.8481,GRID_076_073,25.5,84.75,25.45,0.1698,3
District,BIHAR,SHEIKHPURA,N/A,N/A,IND_DIST_0196,25.7111,84.8481,GRID_076_074,25.5,85.0,27.98,0.1544,4
District,BIHAR,SUPAUL,N/A,N/A,IND_DIST_0197,25.1411,85.5831,GRID_075_076,25.25,85.5,14.72,0.3146,1
District,BIHAR,SUPAUL,N/A,N/A,IND_DIST_0197,25.1411,85.5831,GRID_074_076,25.0,85.5,17.78,0.2604,2
District,BIHAR,SUPAUL,N/A,N/A,IND_DIST_0197,25.1411,85.5831,GRID_075_077,25.25,85.75,20.7,0.2236,3
District,BIHAR,SUPAUL,N/A,N/A,IND_DIST_0197,25.1411,85.5831,GRID_074_077,25.0,85.75,22.99,0.2014,4
District,BIHAR,LAKHISARAI,N/A,N/A,IND_DIST_0198,24.4361,85.3731,GRID_072_075,24.5,85.25,14.34,0.3165,1
District,BIHAR,LAKHISARAI,N/A,N/A,IND_DIST_0198,24.4361,85.3731,GRID_072_076,24.5,85.5,14.68,0.3093,2
District,BIHAR,LAKHISARAI,N/A,N/A,IND_DIST_0198,24.4361,85.3731,GRID_071_075,24.25,85.25,24.16,0.1879,3
District,BIHAR,LAKHISARAI,N/A,N/A,IND_DIST_0198,24.4361,85.3731,GRID_071_076,24.25,85.5,24.36,0.1863,4
District,BIHAR,SHEOHAR,N/A,N/A,IND_DIST_0199,25.4711,85.2081,GRID_076_075,25.5,85.25,5.29,0.6089,1
District,BIHAR,SHEOHAR,N/A,N/A,IND_DIST_0199,25.4711,85.2081,GRID_076_074,25.5,85.0,21.13,0.1525,2
District,BIHAR,SHEOHAR,N/A,N/A,IND_DIST_0199,25.4711,85.2081,GRID_075_075,25.25,85.25,24.94,0.1292,3
District,BIHAR,SHEOHAR,N/A,N/A,IND_DIST_0199,25.4711,85.2081,GRID_076_076,25.5,85.5,29.48,0.1093,4
District,BIHAR,ARWAL,N/A,N/A,IND_DIST_0200,25.2011,84.6681,GRID_075_073,25.25,84.75,9.87,0.4307,1
District,BIHAR,ARWAL,N/A,N/A,IND_DIST_0200,25.2011,84.6681,GRID_075_072,25.25,84.5,17.76,0.2393,2
District,BIHAR,ARWAL,N/A,N/A,IND_DIST_0200,25.2011,84.6681,GRID_074_073,25.0,84.75,23.83,0.1784,3
District,BIHAR,ARWAL,N/A,N/A,IND_DIST_0200,25.2011,84.6681,GRID_074_072,25.0,84.5,28.05,0.1516,4
District,BIHAR,SAHARSA,N/A,N/A,IND_DIST_0201,24.3611,85.1481,GRID_071_075,24.25,85.25,16.1,0.2904,1
District,BIHAR,SAHARSA,N/A,N/A,IND_DIST_0201,24.3611,85.1481,GRID_072_075,24.5,85.25,18.57,0.2518,2
District,BIHAR,SAHARSA,N/A,N/A,IND_DIST_0201,24.3611,85.1481,GRID_071_074,24.25,85.0,19.44,0.2406,3
District,BIHAR,SAHARSA,N/A,N/A,IND_DIST_0201,24.3611,85.1481,GRID_072_074,24.5,85.0,21.53,0.2172,4
District,UTTAR PRADESH,ALLAHABAD,N/A,N/A,IND_DIST_0202,26.2467,81.2762,GRID_079_059,26.25,81.25,2.64,0.7635,1
District,UTTAR PRADESH,ALLAHABAD,N/A,N/A,IND_DIST_0202,26.2467,81.2762,GRID_079_060,26.25,81.5,22.32,0.0902,2
District,UTTAR PRADESH,ALLAHABAD,N/A,N/A,IND_DIST_0202,26.2467,81.2762,GRID_079_058,26.25,81.0,27.55,0.0731,3
District,UTTAR PRADESH,ALLAHABAD,N/A,N/A,IND_DIST_0202,26.2467,81.2762,GRID_078_059,26.0,81.25,27.56,0.0731,4
District,UTTAR PRADESH,AZAMGARH,N/A,N/A,IND_DIST_0203,26.6517,80.8262,GRID_081_057,26.75,80.75,13.3,0.3424,1
District,UTTAR PRADESH,AZAMGARH,N/A,N/A,IND_DIST_0203,26.6517,80.8262,GRID_080_057,26.5,80.75,18.49,0.2462,2
District,UTTAR PRADESH,AZAMGARH,N/A,N/A,IND_DIST_0203,26.6517,80.8262,GRID_081_058,26.75,81.0,20.43,0.2228,3
District,UTTAR PRADESH,AZAMGARH,N/A,N/A,IND_DIST_0203,26.6517,80.8262,GRID_080_058,26.5,81.0,24.15,0.1885,4
District,UTTAR PRADESH,BAHRAICH,N/A,N/A,IND_DIST_0204,26.7417,80.8862,GRID_081_058,26.75,81.0,11.34,0.3843,1
District,UTTAR PRADESH,BAHRAICH,N/A,N/A,IND_DIST_0204,26.7417,80.8862,GRID_081_057,26.75,80.75,13.56,0.3214,2
District,UTTAR PRADESH,BAHRAICH,N/A,N/A,IND_DIST_0204,26.7417,80.8862,GRID_080_058,26.5,81.0,29.16,0.1494,3
District,UTTAR PRADESH,BAHRAICH,N/A,N/A,IND_DIST_0204,26.7417,80.8862,GRID_080_057,26.5,80.75,30.09,0.1448,4
District,UTTAR PRADESH,BALLIA,N/A,N/A,IND_DIST_0205,26.9517,80.7962,GRID_082_057,27.0,80.75,7.06,0.5312,1
District,UTTAR PRADESH,BALLIA,N/A,N/A,IND_DIST_0205,26.9517,80.7962,GRID_082_058,27.0,81.0,20.9,0.1794,2
District,UTTAR PRADESH,BALLIA,N/A,N/A,IND_DIST_0205,26.9517,80.7962,GRID_081_057,26.75,80.75,22.89,0.1638,3
District,UTTAR PRADESH,BALLIA,N/A,N/A,IND_DIST_0205,26.9517,80.7962,GRID_082_056,27.0,80.5,29.84,0.1256,4
District,UTTAR PRADESH,BANDA,N/A,N/A,IND_DIST_0206,26.7867,81.4562,GRID_081_060,26.75,81.5,5.96,0.5762,1
District,UTTAR PRADESH,BANDA,N/A,N/A,IND_DIST_0206,26.7867,81.4562,GRID_081_059,26.75,81.25,20.87,0.1646,2
District,UTTAR PRADESH,BANDA,N/A,N/A,IND_DIST_0206,26.7867,81.4562,GRID_082_060,27.0,81.5,24.11,0.1425,3
District,UTTAR PRADESH,BANDA,N/A,N/A,IND_DIST_0206,26.7867,81.4562,GRID_081_061,26.75,81.75,29.45,0.1167,4
District,UTTAR PRADESH,BARABANKI,N/A,N/A,IND_DIST_0207,26.7717,80.3912,GRID_081_056,26.75,80.5,11.07,0.3905,1
District,UTTAR PRADESH,BARABANKI,N/A,N/A,IND_DIST_0207,26.7717,80.3912,GRID_081_055,26.75,80.25,14.23,0.3038,2
District,UTTAR PRADESH,BARABANKI,N/A,N/A,IND_DIST_0207,26.7717,80.3912,GRID_082_056,27.0,80.5,27.58,0.1567,3
District,UTTAR PRADESH,BARABANKI,N/A,N/A,IND_DIST_0207,26.7717,80.3912,GRID_082_055,27.0,80.25,28.99,0.1491,4
District,UTTAR PRADESH,BASTI,N/A,N/A,IND_DIST_0208,26.1267,80.4512,GRID_079_056,26.25,80.5,14.55,0.3157,1
District,UTTAR PRADESH,BASTI,N/A,N/A,IND_DIST_0208,26.1267,80.4512,GRID_078_056,26.0,80.5,14.91,0.3081,2
District,UTTAR PRADESH,BASTI,N/A,N/A,IND_DIST_0208,26.1267,80.4512,GRID_079_055,26.25,80.25,24.31,0.189,3
District,UTTAR PRADESH,BASTI,N/A,N/A,IND_DIST_0208,26.1267,80.4512,GRID_078_055,26.0,80.25,24.54,0.1872,4
District,UTTAR PRADESH,DEORIA,N/A,N/A,IND_DIST_0209,26.2617,80.3312,GRID_079_055,26.25,80.25,8.2,0.487,1
District,UTTAR PRADESH,DEORIA,N/A,N/A,IND_DIST_0209,26.2617,80.3312,GRID_079_056,26.25,80.5,16.88,0.2366,2
District,UTTAR PRADESH,DEORIA,N/A,N/A,IND_DIST_0209,26.2617,80.3312,GRID_080_055,26.5,80.25,27.7,0.1442,3
District,UTTAR PRADESH,DEORIA,N/A,N/A,IND_DIST_0209,26.2617,80.3312,GRID_078_055,26.0,80.25,30.21,0.1322,4
District,UTTAR PRADESH,FAIZABAD,N/A,N/A,IND_DIST_0210,26.3667,80.4662,GRID_079_056,26.25,80.5,13.41,0.3415,1
District,UTTAR PRADESH,FAIZABAD,N/A,N/A,IND_DIST_0210,26.3667,80.4662,GRID_080_056,26.5,80.5,15.2,0.3013,2
District,UTTAR PRADESH,FAIZABAD,N/A,N/A,IND_DIST_0210,26.3667,80.4662,GRID_079_055,26.25,80.25,25.16,0.182,3
District,UTTAR PRADESH,FAIZABAD,N/A,N/A,IND_DIST_0210,26.3667,80.4662,GRID_080_055,26.5,80.25,26.14,0.1752,4
District,UTTAR PRADESH,FARRUKHABAD,N/A,N/A,IND_DIST_0211,27.0267,81.1862,GRID_082_059,27.0,81.25,6.98,0.5341,1
District,UTTAR PRADESH,FARRUKHABAD,N/A,N/A,IND_DIST_0211,27.0267,81.1862,GRID_082_058,27.0,81.0,18.68,0.1996,2
District,UTTAR PRADESH,FARRUKHABAD,N/A,N/A,IND_DIST_0211,27.0267,81.1862,GRID_083_059,27.25,81.25,25.62,0.1456,3
District,UTTAR PRADESH,FARRUKHABAD,N/A,N/A,IND_DIST_0211,27.0267,81.1862,GRID_083_058,27.25,81.0,30.92,0.1206,4
District,UTTAR PRADESH,FATEHPUR,N/A,N/A,IND_DIST_0212,26.8617,81.1112,GRID_081_058,26.75,81.0,16.62,0.2794,1
District,UTTAR PRADESH,FATEHPUR,N/A,N/A,IND_DIST_0212,26.8617,81.1112,GRID_081_059,26.75,81.25,18.55,0.2503,2
District,UTTAR PRADESH,FATEHPUR,N/A,N/A,IND_DIST_0212,26.8617,81.1112,GRID_082_058,27.0,81.0,18.92,0.2453,3
District,UTTAR PRADESH,FATEHPUR,N/A,N/A,IND_DIST_0212,26.8617,81.1112,GRID_082_059,27.0,81.25,20.64,0.225,4
District,UTTAR PRADESH,GHAZIPUR,N/A,N/A,IND_DIST_0213,26.1417,80.2262,GRID_079_055,26.25,80.25,12.27,0.371,1
District,UTTAR PRADESH,GHAZIPUR,N/A,N/A,IND_DIST_0213,26.1417,80.2262,GRID_078_055,26.0,80.25,15.93,0.2857,2
District,UTTAR PRADESH,GHAZIPUR,N/A,N/A,IND_DIST_0213,26.1417,80.2262,GRID_079_054,26.25,80.0,25.58,0.178,3
District,UTTAR PRADESH,GHAZIPUR,N/A,N/A,IND_DIST_0213,26.1417,80.2262,GRID_078_054,26.0,80.0,27.54,0.1653,4
District,UTTAR PRADESH,GONDA,N/A,N/A,IND_DIST_0214,27.2367,81.3062,GRID_083_059,27.25,81.25,5.75,0.5862,1
District,UTTAR PRADESH,GONDA,N/A,N/A,IND_DIST_0214,27.2367,81.3062,GRID_083_060,27.25,81.5,19.22,0.1754,2
District,UTTAR PRADESH,GONDA,N/A,N/A,IND_DIST_0214,27.2367,81.3062,GRID_082_059,27.0,81.25,26.9,0.1253,3
District,UTTAR PRADESH,GONDA,N/A,N/A,IND_DIST_0214,27.2367,81.3062,GRID_084_059,27.5,81.25,29.8,0.1131,4
District,UTTAR PRADESH,GORAKHPUR,N/A,N/A,IND_DIST_0215,26.7117,80.1962,GRID_081_055,26.75,80.25,6.83,0.5406,1
District,UTTAR PRADESH,GORAKHPUR,N/A,N/A,IND_DIST_0215,26.7117,80.1962,GRID_081_054,26.75,80.0,19.94,0.1852,2
District,UTTAR PRADESH,GORAKHPUR,N/A,N/A,IND_DIST_0215,26.7117,80.1962,GRID_080_055,26.5,80.25,24.14,0.153,3
District,UTTAR PRADESH,GORAKHPUR,N/A,N/A,IND_DIST_0215,26.7117,80.1962,GRID_081_056,26.75,80.5,30.47,0.1212,4
District,UTTAR PRADESH,HARDOI,N/A,N/A,IND_DIST_0216,26.7867,81.1112,GRID_081_058,26.75,81.0,11.77,0.3706,1
District,UTTAR PRADESH,HARDOI,N/A,N/A,IND_DIST_0216,26.7867,81.1112,GRID_081_059,26.75,81.25,14.37,0.3035,2
District,UTTAR PRADESH,HARDOI,N/A,N/A,IND_DIST_0216,26.7867,81.1112,GRID_082_058,27.0,81.0,26.16,0.1668,3
District,UTTAR PRADESH,HARDOI,N/A,N/A,IND_DIST_0216,26.7867,81.1112,GRID_082_059,27.0,81.25,27.42,0.1591,4
District,UTTAR PRADESH,JAUNPUR,N/A,N/A,IND_DIST_0217,26.8917,80.2562,GRID_082_055,27.0,80.25,12.06,0.3787,1
District,UTTAR PRADESH,JAUNPUR,N/A,N/A,IND_DIST_0217,26.8917,80.2562,GRID_081_055,26.75,80.25,15.77,0.2896,2
District,UTTAR PRADESH,JAUNPUR,N/A,N/A,IND_DIST_0217,26.8917,80.2562,GRID_082_056,27.0,80.5,27.0,0.1691,3
District,UTTAR PRADESH,JAUNPUR,N/A,N/A,IND_DIST_0217,26.8917,80.2562,GRID_082_054,27.0,80.0,28.11,0.1625,4
District,UTTAR PRADESH,KANPUR NAGAR,N/A,N/A,IND_DIST_0218,26.4267,80.4662,GRID_080_056,26.5,80.5,8.82,0.4699,1
District,UTTAR PRADESH,KANPUR NAGAR,N/A,N/A,IND_DIST_0218,26.4267,80.4662,GRID_079_056,26.25,80.5,19.93,0.2079,2
District,UTTAR PRADESH,KANPUR NAGAR,N/A,N/A,IND_DIST_0218,26.4267,80.4662,GRID_080_055,26.5,80.25,23.01,0.1801,3
District,UTTAR PRADESH,KANPUR NAGAR,N/A,N/A,IND_DIST_0218,26.4267,80.4662,GRID_079_055,26.25,80.25,29.16,0.1421,4
District,UTTAR PRADESH,KHERI LAKHIMP,N/A,N/A,IND_DIST_0219,26.7267,80.4812,GRID_081_056,26.75,80.5,3.19,0.7227,1
District,UTTAR PRADESH,KHERI LAKHIMP,N/A,N/A,IND_DIST_0219,26.7267,80.4812,GRID_081_055,26.75,80.25,23.11,0.0999,2
District,UTTAR PRADESH,KHERI LAKHIMP,N/A,N/A,IND_DIST_0219,26.7267,80.4812,GRID_080_056,26.5,80.5,25.28,0.0913,3
District,UTTAR PRADESH,KHERI LAKHIMP,N/A,N/A,IND_DIST_0219,26.7267,80.4812,GRID_081_057,26.75,80.75,26.82,0.0861,4
District,UTTAR PRADESH,LUCKNOW,N/A,N/A,IND_DIST_0220,27.3417,80.2112,GRID_083_055,27.25,80.25,10.89,0.4044,1
District,UTTAR PRADESH,LUCKNOW,N/A,N/A,IND_DIST_0220,27.3417,80.2112,GRID_084_055,27.5,80.25,18.01,0.2445,2
District,UTTAR PRADESH,LUCKNOW,N/A,N/A,IND_DIST_0220,27.3417,80.2112,GRID_083_054,27.25,80.0,23.23,0.1896,3
District,UTTAR PRADESH,LUCKNOW,N/A,N/A,IND_DIST_0220,27.3417,80.2112,GRID_084_054,27.5,80.0,27.28,0.1615,4
District,UTTAR PRADESH,MIRZAPUR,N/A,N/A,IND_DIST_0221,26.8917,80.1962,GRID_082_055,27.0,80.25,13.17,0.3456,1
District,UTTAR PRADESH,MIRZAPUR,N/A,N/A,IND_DIST_0221,26.8917,80.1962,GRID_081_055,26.75,80.25,16.64,0.2736,2
District,UTTAR PRADESH,MIRZAPUR,N/A,N/A,IND_DIST_0221,26.8917,80.1962,GRID_082_054,27.0,80.0,22.87,0.199,3
District,UTTAR PRADESH,MIRZAPUR,N/A,N/A,IND_DIST_0221,26.8917,80.1962,GRID_081_054,26.75,80.0,25.05,0.1817,4
District,UTTAR PRADESH,PRATAPGARH,N/A,N/A,IND_DIST_0222,27.5217,81.1712,GRID_084_059,27.5,81.25,8.14,0.4877,1
District,UTTAR PRADESH,PRATAPGARH,N/A,N/A,IND_DIST_0222,27.5217,81.1712,GRID_084_058,27.5,81.0,17.06,0.2327,2
District,UTTAR PRADESH,PRATAPGARH,N/A,N/A,IND_DIST_0222,27.5217,81.1712,GRID_085_059,27.75,81.25,26.55,0.1495,3
District,UTTAR PRADESH,PRATAPGARH,N/A,N/A,IND_DIST_0222,27.5217,81.1712,GRID_085_058,27.75,81.0,30.48,0.1302,4
District,UTTAR PRADESH,RAE BARELI,N/A,N/A,IND_DIST_0223,26.4417,80.9612,GRID_080_058,26.5,81.0,7.55,0.5135,1
District,UTTAR PRADESH,RAE BARELI,N/A,N/A,IND_DIST_0223,26.4417,80.9612,GRID_079_058,26.25,81.0,21.66,0.1789,2
District,UTTAR PRADESH,RAE BARELI,N/A,N/A,IND_DIST_0223,26.4417,80.9612,GRID_080_057,26.5,80.75,22.0,0.1761,3
District,UTTAR PRADESH,RAE BARELI,N/A,N/A,IND_DIST_0223,26.4417,80.9612,GRID_080_059,26.5,81.25,29.47,0.1315,4
District,UTTAR PRADESH,SITAPUR,N/A,N/A,IND_DIST_0224,27.5067,80.7212,GRID_084_057,27.5,80.75,2.94,0.7412,1
District,UTTAR PRADESH,SITAPUR,N/A,N/A,IND_DIST_0224,27.5067,80.7212,GRID_084_056,27.5,80.5,21.83,0.0997,2
District,UTTAR PRADESH,SITAPUR,N/A,N/A,IND_DIST_0224,27.5067,80.7212,GRID_085_057,27.75,80.75,27.2,0.08,3
District,UTTAR PRADESH,SITAPUR,N/A,N/A,IND_DIST_0224,27.5067,80.7212,GRID_084_058,27.5,81.0,27.51,0.0791,4
District,UTTAR PRADESH,SULTANPUR,N/A,N/A,IND_DIST_0225,26.6067,81.4562,GRID_080_060,26.5,81.5,12.64,0.359,1
District,UTTAR PRADESH,SULTANPUR,N/A,N/A,IND_DIST_0225,26.6067,81.4562,GRID_081_060,26.75,81.5,16.52,0.2747,2
District,UTTAR PRADESH,SULTANPUR,N/A,N/A,IND_DIST_0225,26.6067,81.4562,GRID_080_059,26.5,81.25,23.69,0.1915,3
District,UTTAR PRADESH,SULTANPUR,N/A,N/A,IND_DIST_0225,26.6067,81.4562,GRID_081_059,26.75,81.25,25.95,0.1748,4
District,UTTAR PRADESH,UNNAO,N/A,N/A,IND_DIST_0226,26.6217,81.2162,GRID_080_059,26.5,81.25,13.94,0.3288,1
District,UTTAR PRADESH,UNNAO,N/A,N/A,IND_DIST_0226,26.6217,81.2162,GRID_081_059,26.75,81.25,14.66,0.3129,2
District,UTTAR PRADESH,UNNAO,N/A,N/A,IND_DIST_0226,26.6217,81.2162,GRID_080_058,26.5,81.0,25.41,0.1805,3
District,UTTAR PRADESH,UNNAO,N/A,N/A,IND_DIST_0226,26.6217,81.2162,GRID_081_058,26.75,81.0,25.79,0.1778,4
District,UTTAR PRADESH,VARANASI,N/A,N/A,IND_DIST_0227,26.1717,80.9912,GRID_079_058,26.25,81.0,8.75,0.4715,1
District,UTTAR PRADESH,VARANASI,N/A,N/A,IND_DIST_0227,26.1717,80.9912,GRID_078_058,26.0,81.0,19.11,0.2159,2
District,UTTAR PRADESH,VARANASI,N/A,N/A,IND_DIST_0227,26.1717,80.9912,GRID_079_057,26.25,80.75,25.59,0.1612,3
District,UTTAR PRADESH,VARANASI,N/A,N/A,IND_DIST_0227,26.1717,80.9912,GRID_079_059,26.25,81.25,27.25,0.1514,4
District,UTTAR PRADESH,SONBHADRA,N/A,N/A,IND_DIST_0228,26.2767,80.3612,GRID_079_055,26.25,80.25,11.48,0.3792,1
District,UTTAR PRADESH,SONBHADRA,N/A,N/A,IND_DIST_0228,26.2767,80.3612,GRID_079_056,26.25,80.5,14.16,0.3075,2
District,UTTAR PRADESH,SONBHADRA,N/A,N/A,IND_DIST_0228,26.2767,80.3612,GRID_080_055,26.5,80.25,27.19,0.1601,3
District,UTTAR PRADESH,SONBHADRA,N/A,N/A,IND_DIST_0228,26.2767,80.3612,GRID_080_056,26.5,80.5,28.42,0.1532,4
District,UTTAR PRADESH,MAHARAJGANJ,N/A,N/A,IND_DIST_0229,27.1767,81.3662,GRID_083_059,27.25,81.25,14.09,0.3205,1
District,UTTAR PRADESH,MAHARAJGANJ,N/A,N/A,IND_DIST_0229,27.1767,81.3662,GRID_083_060,27.25,81.5,15.54,0.2906,2
District,UTTAR PRADESH,MAHARAJGANJ,N/A,N/A,IND_DIST_0229,27.1767,81.3662,GRID_082_059,27.0,81.25,22.77,0.1983,3
District,UTTAR PRADESH,MAHARAJGANJ,N/A,N/A,IND_DIST_0229,27.1767,81.3662,GRID_082_060,27.0,81.5,23.7,0.1906,4
District,UTTAR PRADESH,MAU,N/A,N/A,IND_DIST_0230,26.7867,80.3012,GRID_081_055,26.75,80.25,6.52,0.553,1
District,UTTAR PRADESH,MAU,N/A,N/A,IND_DIST_0230,26.7867,80.3012,GRID_081_056,26.75,80.5,20.15,0.1789,2
District,UTTAR PRADESH,MAU,N/A,N/A,IND_DIST_0230,26.7867,80.3012,GRID_082_055,27.0,80.25,24.26,0.1486,3
District,UTTAR PRADESH,MAU,N/A,N/A,IND_DIST_0230,26.7867,80.3012,GRID_081_054,26.75,80.0,30.18,0.1195,4
District,UTTAR PRADESH,SIDDHARTH NGR,N/A,N/A,IND_DIST_0231,26.1117,81.3962,GRID_078_060,26.0,81.5,16.18,0.2874,1
District,UTTAR PRADESH,SIDDHARTH NGR,N/A,N/A,IND_DIST_0231,26.1117,81.3962,GRID_079_060,26.25,81.5,18.54,0.2508,2
District,UTTAR PRADESH,SIDDHARTH NGR,N/A,N/A,IND_DIST_0231,26.1117,81.3962,GRID_078_059,26.0,81.25,19.17,0.2425,3
District,UTTAR PRADESH,SIDDHARTH NGR,N/A,N/A,IND_DIST_0231,26.1117,81.3962,GRID_079_059,26.25,81.25,21.2,0.2193,4
District,UTTAR PRADESH,KUSHINAGAR,N/A,N/A,IND_DIST_0232,27.2817,80.8412,GRID_083_057,27.25,80.75,9.68,0.4328,1
District,UTTAR PRADESH,KUSHINAGAR,N/A,N/A,IND_DIST_0232,27.2817,80.8412,GRID_083_058,27.25,81.0,16.09,0.2604,2
District,UTTAR PRADESH,KUSHINAGAR,N/A,N/A,IND_DIST_0232,27.2817,80.8412,GRID_084_057,27.5,80.75,25.89,0.1618,3
District,UTTAR PRADESH,KUSHINAGAR,N/A,N/A,IND_DIST_0232,27.2817,80.8412,GRID_084_058,27.5,81.0,28.9,0.145,4
District,UTTAR PRADESH,AMBEDKAR NAGAR,N/A,N/A,IND_DIST_0233,27.0267,81.3812,GRID_082_060,27.0,81.5,12.14,0.359,1
District,UTTAR PRADESH,AMBEDKAR NAGAR,N/A,N/A,IND_DIST_0233,27.0267,81.3812,GRID_082_059,27.0,81.25,13.33,0.3268,2
District,UTTAR PRADESH,AMBEDKAR NAGAR,N/A,N/A,IND_DIST_0233,27.0267,81.3812,GRID_083_060,27.25,81.5,27.47,0.1586,3
District,UTTAR PRADESH,AMBEDKAR NAGAR,N/A,N/A,IND_DIST_0233,27.0267,81.3812,GRID_083_059,27.25,81.25,28.02,0.1555,4
District,UTTAR PRADESH,KANNAUJ,N/A,N/A,IND_DIST_0234,27.0867,81.2462,GRID_082_059,27.0,81.25,9.65,0.443,1
District,UTTAR PRADESH,KANNAUJ,N/A,N/A,IND_DIST_0234,27.0867,81.2462,GRID_083_059,27.25,81.25,18.16,0.2353,2
District,UTTAR PRADESH,KANNAUJ,N/A,N/A,IND_DIST_0234,27.0867,81.2462,GRID_082_058,27.0,81.0,26.22,0.163,3
District,UTTAR PRADESH,KANNAUJ,N/A,N/A,IND_DIST_0234,27.0867,81.2462,GRID_082_060,27.0,81.5,26.92,0.1587,4
District,UTTAR PRADESH,BALRAMPUR,N/A,N/A,IND_DIST_0235,26.3067,80.5262,GRID_079_056,26.25,80.5,6.82,0.5402,1
District,UTTAR PRADESH,BALRAMPUR,N/A,N/A,IND_DIST_0235,26.3067,80.5262,GRID_080_056,26.5,80.5,21.65,0.1703,2
District,UTTAR PRADESH,BALRAMPUR,N/A,N/A,IND_DIST_0235,26.3067,80.5262,GRID_079_057,26.25,80.75,23.19,0.159,3
District,UTTAR PRADESH,BALRAMPUR,N/A,N/A,IND_DIST_0235,26.3067,80.5262,GRID_079_055,26.25,80.25,28.25,0.1305,4
District,UTTAR PRADESH,KAUSHAMBI,N/A,N/A,IND_DIST_0236,26.5317,80.2712,GRID_080_055,26.5,80.25,4.11,0.6676,1
District,UTTAR PRADESH,KAUSHAMBI,N/A,N/A,IND_DIST_0236,26.5317,80.2712,GRID_080_056,26.5,80.5,23.04,0.119,2
District,UTTAR PRADESH,KAUSHAMBI,N/A,N/A,IND_DIST_0236,26.5317,80.2712,GRID_081_055,26.75,80.25,24.37,0.1126,3
District,UTTAR PRADESH,KAUSHAMBI,N/A,N/A,IND_DIST_0236,26.5317,80.2712,GRID_080_054,26.5,80.0,27.21,0.1008,4
District,UTTAR PRADESH,SAHUJI MAHARA,N/A,N/A,IND_DIST_0237,26.5017,81.5912,GRID_080_060,26.5,81.5,9.08,0.4555,1
District,UTTAR PRADESH,SAHUJI MAHARA,N/A,N/A,IND_DIST_0237,26.5017,81.5912,GRID_080_061,26.5,81.75,15.8,0.2617,2
District,UTTAR PRADESH,SAHUJI MAHARA,N/A,N/A,IND_DIST_0237,26.5017,81.5912,GRID_081_060,26.75,81.5,29.06,0.1423,3
District,UTTAR PRADESH,SAHUJI MAHARA,N/A,N/A,IND_DIST_0237,26.5017,81.5912,GRID_079_060,26.25,81.5,29.43,0.1405,4
District,UTTAR PRADESH,KANPUR DEHAT,N/A,N/A,IND_DIST_0238,26.3667,81.4112,GRID_079_060,26.25,81.5,15.71,0.295,1
District,UTTAR PRADESH,KANPUR DEHAT,N/A,N/A,IND_DIST_0238,26.3667,81.4112,GRID_080_060,26.5,81.5,17.26,0.2685,2
District,UTTAR PRADESH,KANPUR DEHAT,N/A,N/A,IND_DIST_0238,26.3667,81.4112,GRID_079_059,26.25,81.25,20.65,0.2244,3
District,UTTAR PRADESH,KANPUR DEHAT,N/A,N/A,IND_DIST_0238,26.3667,81.4112,GRID_080_059,26.5,81.25,21.85,0.2121,4
District,UTTAR PRADESH,CHANDAULI,N/A,N/A,IND_DIST_0239,26.2317,80.8412,GRID_079_057,26.25,80.75,9.32,0.4478,1
District,UTTAR PRADESH,CHANDAULI,N/A,N/A,IND_DIST_0239,26.2317,80.8412,GRID_079_058,26.25,81.0,15.97,0.2614,2
District,UTTAR PRADESH,CHANDAULI,N/A,N/A,IND_DIST_0239,26.2317,80.8412,GRID_078_057,26.0,80.75,27.33,0.1528,3
District,UTTAR PRADESH,CHANDAULI,N/A,N/A,IND_DIST_0239,26.2317,80.8412,GRID_078_058,26.0,81.0,30.25,0.138,4
District,UTTAR PRADESH,SANT KABIR NGR,N/A,N/A,IND_DIST_0240,27.1317,80.7512,GRID_083_057,27.25,80.75,13.15,0.3524,1
District,UTTAR PRADESH,SANT KABIR NGR,N/A,N/A,IND_DIST_0240,27.1317,80.7512,GRID_082_057,27.0,80.75,14.64,0.3166,2
District,UTTAR PRADESH,SANT KABIR NGR,N/A,N/A,IND_DIST_0240,27.1317,80.7512,GRID_083_058,27.25,81.0,27.9,0.1661,3
District,UTTAR PRADESH,SANT KABIR NGR,N/A,N/A,IND_DIST_0240,27.1317,80.7512,GRID_083_056,27.25,80.5,28.11,0.1649,4
District,UTTAR PRADESH,SANT RAVIDAS,N/A,N/A,IND_DIST_0241,27.0117,81.2612,GRID_082_059,27.0,81.25,1.71,0.8315,1
District,UTTAR PRADESH,SANT RAVIDAS,N/A,N/A,IND_DIST_0241,27.0117,81.2612,GRID_082_060,27.0,81.5,23.69,0.06,2
District,UTTAR PRADESH,SANT RAVIDAS,N/A,N/A,IND_DIST_0241,27.0117,81.2612,GRID_082_058,27.0,81.0,25.91,0.0549,3
District,UTTAR PRADESH,SANT RAVIDAS,N/A,N/A,IND_DIST_0241,27.0117,81.2612,GRID_083_059,27.25,81.25,26.52,0.0536,4
District,UTTAR PRADESH,SHRAVASTI NGR,N/A,N/A,IND_DIST_0242,26.9367,80.5112,GRID_082_056,27.0,80.5,7.13,0.5272,1
District,UTTAR PRADESH,SHRAVASTI NGR,N/A,N/A,IND_DIST_0242,26.9367,80.5112,GRID_081_056,26.75,80.5,20.79,0.1807,2
District,UTTAR PRADESH,SHRAVASTI NGR,N/A,N/A,IND_DIST_0242,26.9367,80.5112,GRID_082_057,27.0,80.75,24.69,0.1521,3
District,UTTAR PRADESH,SHRAVASTI NGR,N/A,N/A,IND_DIST_0242,26.9367,80.5112,GRID_082_055,27.0,80.25,26.83,0.14,4
District,UTTAR PRADESH,AGRA,N/A,N/A,IND_DIST_0243,26.8917,81.0962,GRID_082_058,27.0,81.0,15.36,0.3008,1
District,UTTAR PRADESH,AGRA,N/A,N/A,IND_DIST_0243,26.8917,81.0962,GRID_081_058,26.75,81.0,18.42,0.2508,2
District,UTTAR PRADESH,AGRA,N/A,N/A,IND_DIST_0243,26.8917,81.0962,GRID_082_059,27.0,81.25,19.43,0.2378,3
District,UTTAR PRADESH,AGRA,N/A,N/A,IND_DIST_0243,26.8917,81.0962,GRID_081_059,26.75,81.25,21.94,0.2106,4
District,UTTAR PRADESH,ALIGARH,N/A,N/A,IND_DIST_0244,27.5367,81.1712,GRID_084_059,27.5,81.25,8.78,0.4633,1
District,UTTAR PRADESH,ALIGARH,N/A,N/A,IND_DIST_0244,27.5367,81.1712,GRID_084_058,27.5,81.0,17.37,0.2341,2
District,UTTAR PRADESH,ALIGARH,N/A,N/A,IND_DIST_0244,27.5367,81.1712,GRID_085_059,27.75,81.25,24.96,0.1629,3
District,UTTAR PRADESH,ALIGARH,N/A,N/A,IND_DIST_0244,27.5367,81.1712,GRID_085_058,27.75,81.0,29.1,0.1397,4
District,UTTAR PRADESH,BAREILLY,N/A,N/A,IND_DIST_0245,27.0117,80.7212,GRID_082_057,27.0,80.75,3.14,0.7278,1
District,UTTAR PRADESH,BAREILLY,N/A,N/A,IND_DIST_0245,27.0117,80.7212,GRID_082_056,27.0,80.5,21.95,0.104,2
District,UTTAR PRADESH,BAREILLY,N/A,N/A,IND_DIST_0245,27.0117,80.7212,GRID_083_057,27.25,80.75,26.65,0.0856,3
District,UTTAR PRADESH,BAREILLY,N/A,N/A,IND_DIST_0245,27.0117,80.7212,GRID_082_058,27.0,81.0,27.65,0.0825,4
District,UTTAR PRADESH,BIJNOR,N/A,N/A,IND_DIST_0246,27.2217,81.6212,GRID_083_060,27.25,81.5,12.39,0.3518,1
District,UTTAR PRADESH,BIJNOR,N/A,N/A,IND_DIST_0246,27.2217,81.6212,GRID_083_061,27.25,81.75,13.12,0.3322,2
District,UTTAR PRADESH,BIJNOR,N/A,N/A,IND_DIST_0246,27.2217,81.6212,GRID_082_060,27.0,81.5,27.42,0.159,3
District,UTTAR PRADESH,BIJNOR,N/A,N/A,IND_DIST_0246,27.2217,81.6212,GRID_082_061,27.0,81.75,27.75,0.157,4
District,UTTAR PRADESH,BADAUN,N/A,N/A,IND_DIST_0247,26.8317,80.9312,GRID_081_058,26.75,81.0,11.37,0.3887,1
District,UTTAR PRADESH,BADAUN,N/A,N/A,IND_DIST_0247,26.8317,80.9312,GRID_082_058,27.0,81.0,19.92,0.2218,2
District,UTTAR PRADESH,BADAUN,N/A,N/A,IND_DIST_0247,26.8317,80.9312,GRID_081_057,26.75,80.75,20.15,0.2192,3
District,UTTAR PRADESH,BADAUN,N/A,N/A,IND_DIST_0247,26.8317,80.9312,GRID_082_057,27.0,80.75,25.94,0.1703,4
District,UTTAR PRADESH,BULANDSHAHAR,N/A,N/A,IND_DIST_0248,27.4017,80.3912,GRID_084_056,27.5,80.5,15.32,0.3002,1
District,UTTAR PRADESH,BULANDSHAHAR,N/A,N/A,IND_DIST_0248,27.4017,80.3912,GRID_084_055,27.5,80.25,17.71,0.2597,2
District,UTTAR PRADESH,BULANDSHAHAR,N/A,N/A,IND_DIST_0248,27.4017,80.3912,GRID_083_056,27.25,80.5,20.0,0.23,3
District,UTTAR PRADESH,BULANDSHAHAR,N/A,N/A,IND_DIST_0248,27.4017,80.3912,GRID_083_055,27.25,80.25,21.89,0.2101,4
District,UTTAR PRADESH,ETAH,N/A,N/A,IND_DIST_0249,27.0267,80.6162,GRID_082_056,27.0,80.5,11.89,0.366,1
District,UTTAR PRADESH,ETAH,N/A,N/A,IND_DIST_0249,27.0267,80.6162,GRID_082_057,27.0,80.75,13.58,0.3203,2
District,UTTAR PRADESH,ETAH,N/A,N/A,IND_DIST_0249,27.0267,80.6162,GRID_083_056,27.25,80.5,27.36,0.159,3
District,UTTAR PRADESH,ETAH,N/A,N/A,IND_DIST_0249,27.0267,80.6162,GRID_083_057,27.25,80.75,28.14,0.1546,4
District,UTTAR PRADESH,ETAWAH,N/A,N/A,IND_DIST_0250,27.0117,81.6662,GRID_082_061,27.0,81.75,8.4,0.4787,1
District,UTTAR PRADESH,ETAWAH,N/A,N/A,IND_DIST_0250,27.0117,81.6662,GRID_082_060,27.0,81.5,16.52,0.2435,2
District,UTTAR PRADESH,ETAWAH,N/A,N/A,IND_DIST_0250,27.0117,81.6662,GRID_083_061,27.25,81.75,27.77,0.1449,3
District,UTTAR PRADESH,ETAWAH,N/A,N/A,IND_DIST_0250,27.0117,81.6662,GRID_081_061,26.75,81.75,30.26,0.1329,4
District,UTTAR PRADESH,HAMIRPUR,N/A,N/A,IND_DIST_0251,27.4317,81.6512,GRID_084_061,27.5,81.75,12.36,0.3596,1
District,UTTAR PRADESH,HAMIRPUR,N/A,N/A,IND_DIST_0251,27.4317,81.6512,GRID_084_060,27.5,81.5,16.74,0.2655,2
District,UTTAR PRADESH,HAMIRPUR,N/A,N/A,IND_DIST_0251,27.4317,81.6512,GRID_083_061,27.25,81.75,22.44,0.1981,3
District,UTTAR PRADESH,HAMIRPUR,N/A,N/A,IND_DIST_0251,27.4317,81.6512,GRID_083_060,27.25,81.5,25.12,0.1769,4
District,UTTAR PRADESH,JALAUN,N/A,N/A,IND_DIST_0252,26.8167,80.8862,GRID_081_058,26.75,81.0,13.51,0.3323,1
District,UTTAR PRADESH,JALAUN,N/A,N/A,IND_DIST_0252,26.8167,80.8862,GRID_081_057,26.75,80.75,15.42,0.2912,2
District,UTTAR PRADESH,JALAUN,N/A,N/A,IND_DIST_0252,26.8167,80.8862,GRID_082_058,27.0,81.0,23.3,0.1928,3
District,UTTAR PRADESH,JALAUN,N/A,N/A,IND_DIST_0252,26.8167,80.8862,GRID_082_057,27.0,80.75,24.45,0.1837,4
District,UTTAR PRADESH,JHANSI,N/A,N/A,IND_DIST_0253,27.1167,80.2112,GRID_082_055,27.0,80.25,13.53,0.3376,1
District,UTTAR PRADESH,JHANSI,N/A,N/A,IND_DIST_0253,27.1167,80.2112,GRID_083_055,27.25,80.25,15.31,0.2984,2
District,UTTAR PRADESH,JHANSI,N/A,N/A,IND_DIST_0253,27.1167,80.2112,GRID_082_054,27.0,80.0,24.61,0.1856,3
District,UTTAR PRADESH,JHANSI,N/A,N/A,IND_DIST_0253,27.1167,80.2112,GRID_083_054,27.25,80.0,25.61,0.1784,4
District,UTTAR PRADESH,LALITPUR,N/A,N/A,IND_DIST_0254,27.2067,80.7512,GRID_083_057,27.25,80.75,4.82,0.6281,1
District,UTTAR PRADESH,LALITPUR,N/A,N/A,IND_DIST_0254,27.2067,80.7512,GRID_082_057,27.0,80.75,22.98,0.1316,2
District,UTTAR PRADESH,LALITPUR,N/A,N/A,IND_DIST_0254,27.2067,80.7512,GRID_083_058,27.25,81.0,25.07,0.1207,3
District,UTTAR PRADESH,LALITPUR,N/A,N/A,IND_DIST_0254,27.2067,80.7512,GRID_083_056,27.25,80.5,25.3,0.1196,4
District,UTTAR PRADESH,MAINPURI,N/A,N/A,IND_DIST_0255,26.4717,81.5912,GRID_080_060,26.5,81.5,9.61,0.4367,1
District,UTTAR PRADESH,MAINPURI,N/A,N/A,IND_DIST_0255,26.4717,81.5912,GRID_080_061,26.5,81.75,16.11,0.2604,2
District,UTTAR PRADESH,MAINPURI,N/A,N/A,IND_DIST_0255,26.4717,81.5912,GRID_079_060,26.25,81.5,26.27,0.1597,3
District,UTTAR PRADESH,MAINPURI,N/A,N/A,IND_DIST_0255,26.4717,81.5912,GRID_079_061,26.25,81.75,29.29,0.1432,4
District,UTTAR PRADESH,MATHURA,N/A,N/A,IND_DIST_0256,26.6067,81.3512,GRID_080_059,26.5,81.25,15.56,0.2975,1
District,UTTAR PRADESH,MATHURA,N/A,N/A,IND_DIST_0256,26.6067,81.3512,GRID_081_059,26.75,81.25,18.84,0.2456,2
District,UTTAR PRADESH,MATHURA,N/A,N/A,IND_DIST_0256,26.6067,81.3512,GRID_080_060,26.5,81.5,18.97,0.244,3
District,UTTAR PRADESH,MATHURA,N/A,N/A,IND_DIST_0256,26.6067,81.3512,GRID_081_060,26.75,81.5,21.74,0.2129,4
District,UTTAR PRADESH,MEERUT,N/A,N/A,IND_DIST_0257,28.98,77.7,GRID_090_045,29.0,77.75,5.35,0.602,1
District,UTTAR PRADESH,MEERUT,N/A,N/A,IND_DIST_0257,28.98,77.7,GRID_090_044,29.0,77.5,19.58,0.1644,2
District,UTTAR PRADESH,MEERUT,N/A,N/A,IND_DIST_0257,28.98,77.7,GRID_089_045,28.75,77.75,26.03,0.1236,3
District,UTTAR PRADESH,MEERUT,N/A,N/A,IND_DIST_0257,28.98,77.7,GRID_090_046,29.0,78.0,29.26,0.11,4
District,UTTAR PRADESH,MORADABAD,N/A,N/A,IND_DIST_0258,26.2017,81.5162,GRID_079_060,26.25,81.5,5.61,0.5914,1
District,UTTAR PRADESH,MORADABAD,N/A,N/A,IND_DIST_0258,26.2017,81.5162,GRID_078_060,26.0,81.5,22.49,0.1475,2
District,UTTAR PRADESH,MORADABAD,N/A,N/A,IND_DIST_0258,26.2017,81.5162,GRID_079_061,26.25,81.75,23.93,0.1386,3
District,UTTAR PRADESH,MORADABAD,N/A,N/A,IND_DIST_0258,26.2017,81.5162,GRID_079_059,26.25,81.25,27.09,0.1224,4
District,UTTAR PRADESH,MUZAFFARNAGAR,N/A,N/A,IND_DIST_0259,26.4717,80.7062,GRID_080_057,26.5,80.75,5.38,0.6037,1
District,UTTAR PRADESH,MUZAFFARNAGAR,N/A,N/A,IND_DIST_0259,26.4717,80.7062,GRID_080_056,26.5,80.5,20.76,0.1563,2
District,UTTAR PRADESH,MUZAFFARNAGAR,N/A,N/A,IND_DIST_0259,26.4717,80.7062,GRID_079_057,26.25,80.75,25.04,0.1296,3
District,UTTAR PRADESH,MUZAFFARNAGAR,N/A,N/A,IND_DIST_0259,26.4717,80.7062,GRID_080_058,26.5,81.0,29.41,0.1104,4
District,UTTAR PRADESH,PILIBHIT,N/A,N/A,IND_DIST_0260,26.9217,80.8862,GRID_082_058,27.0,81.0,14.25,0.3186,1
District,UTTAR PRADESH,PILIBHIT,N/A,N/A,IND_DIST_0260,26.9217,80.8862,GRID_082_057,27.0,80.75,16.06,0.2826,2
District,UTTAR PRADESH,PILIBHIT,N/A,N/A,IND_DIST_0260,26.9217,80.8862,GRID_081_058,26.75,81.0,22.18,0.2047,3
District,UTTAR PRADESH,PILIBHIT,N/A,N/A,IND_DIST_0260,26.9217,80.8862,GRID_081_057,26.75,80.75,23.39,0.1941,4
District,UTTAR PRADESH,RAMPUR,N/A,N/A,IND_DIST_0261,26.6067,80.9462,GRID_080_058,26.5,81.0,13.02,0.3495,1
District,UTTAR PRADESH,RAMPUR,N/A,N/A,IND_DIST_0261,26.6067,80.9462,GRID_081_058,26.75,81.0,16.81,0.2707,2
District,UTTAR PRADESH,RAMPUR,N/A,N/A,IND_DIST_0261,26.6067,80.9462,GRID_080_057,26.5,80.75,22.84,0.1992,3
District,UTTAR PRADESH,RAMPUR,N/A,N/A,IND_DIST_0261,26.6067,80.9462,GRID_081_057,26.75,80.75,25.18,0.1807,4
District,UTTAR PRADESH,SAHARANPUR,N/A,N/A,IND_DIST_0262,27.1617,80.2862,GRID_083_055,27.25,80.25,10.45,0.4176,1
District,UTTAR PRADESH,SAHARANPUR,N/A,N/A,IND_DIST_0262,27.1617,80.2862,GRID_082_055,27.0,80.25,18.33,0.238,2
District,UTTAR PRADESH,SAHARANPUR,N/A,N/A,IND_DIST_0262,27.1617,80.2862,GRID_083_056,27.25,80.5,23.31,0.1872,3
District,UTTAR PRADESH,SAHARANPUR,N/A,N/A,IND_DIST_0262,27.1617,80.2862,GRID_082_056,27.0,80.5,27.77,0.1571,4
District,UTTAR PRADESH,SHAHJAHANPUR,N/A,N/A,IND_DIST_0263,27.3117,81.4112,GRID_083_060,27.25,81.5,11.14,0.3912,1
District,UTTAR PRADESH,SHAHJAHANPUR,N/A,N/A,IND_DIST_0263,27.3117,81.4112,GRID_083_059,27.25,81.25,17.35,0.2512,2
District,UTTAR PRADESH,SHAHJAHANPUR,N/A,N/A,IND_DIST_0263,27.3117,81.4112,GRID_084_060,27.5,81.5,22.7,0.192,3
District,UTTAR PRADESH,SHAHJAHANPUR,N/A,N/A,IND_DIST_0263,27.3117,81.4112,GRID_084_059,27.5,81.25,26.3,0.1657,4
District,UTTAR PRADESH,GHAZIABAD,N/A,N/A,IND_DIST_0264,26.3517,81.5612,GRID_079_060,26.25,81.5,12.85,0.3534,1
District,UTTAR PRADESH,GHAZIABAD,N/A,N/A,IND_DIST_0264,26.3517,81.5612,GRID_080_060,26.5,81.5,17.58,0.2583,2
District,UTTAR PRADESH,GHAZIABAD,N/A,N/A,IND_DIST_0264,26.3517,81.5612,GRID_079_061,26.25,81.75,21.96,0.2068,3
District,UTTAR PRADESH,GHAZIABAD,N/A,N/A,IND_DIST_0264,26.3517,81.5612,GRID_080_061,26.5,81.75,25.01,0.1816,4
District,UTTAR PRADESH,FIROZABAD,N/A,N/A,IND_DIST_0265,27.1167,80.7362,GRID_082_057,27.0,80.75,13.05,0.3526,1
District,UTTAR PRADESH,FIROZABAD,N/A,N/A,IND_DIST_0265,27.1167,80.7362,GRID_083_057,27.25,80.75,14.89,0.3091,2
District,UTTAR PRADESH,FIROZABAD,N/A,N/A,IND_DIST_0265,27.1167,80.7362,GRID_082_056,27.0,80.5,26.75,0.172,3
District,UTTAR PRADESH,FIROZABAD,N/A,N/A,IND_DIST_0265,27.1167,80.7362,GRID_083_056,27.25,80.5,27.67,0.1663,4
District,UTTAR PRADESH,MAHOBA,N/A,N/A,IND_DIST_0266,26.4567,81.5012,GRID_080_060,26.5,81.5,4.82,0.6291,1
District,UTTAR PRADESH,MAHOBA,N/A,N/A,IND_DIST_0266,26.4567,81.5012,GRID_079_060,26.25,81.5,22.98,0.1318,2
District,UTTAR PRADESH,MAHOBA,N/A,N/A,IND_DIST_0266,26.4567,81.5012,GRID_080_061,26.5,81.75,25.23,0.1201,3
District,UTTAR PRADESH,MAHOBA,N/A,N/A,IND_DIST_0266,26.4567,81.5012,GRID_080_059,26.5,81.25,25.46,0.119,4
District,UTTAR PRADESH,MAHAMAYA NAGA,N/A,N/A,IND_DIST_0267,26.1867,80.9312,GRID_079_058,26.25,81.0,9.83,0.4323,1
District,UTTAR PRADESH,MAHAMAYA NAGA,N/A,N/A,IND_DIST_0267,26.1867,80.9312,GRID_079_057,26.25,80.75,19.4,0.2191,2
District,UTTAR PRADESH,MAHAMAYA NAGA,N/A,N/A,IND_DIST_0267,26.1867,80.9312,GRID_078_058,26.0,81.0,21.87,0.1943,3
District,UTTAR PRADESH,MAHAMAYA NAGA,N/A,N/A,IND_DIST_0267,26.1867,80.9312,GRID_078_057,26.0,80.75,27.54,0.1543,4
District,UTTAR PRADESH,AURAIYA,N/A,N/A,IND_DIST_0268,26.9967,80.5262,GRID_082_056,27.0,80.5,2.62,0.7639,1
District,UTTAR PRADESH,AURAIYA,N/A,N/A,IND_DIST_0268,26.9967,80.5262,GRID_082_057,27.0,80.75,22.18,0.0903,2
District,UTTAR PRADESH,AURAIYA,N/A,N/A,IND_DIST_0268,26.9967,80.5262,GRID_082_055,27.0,80.25,27.37,0.0732,3
District,UTTAR PRADESH,AURAIYA,N/A,N/A,IND_DIST_0268,26.9967,80.5262,GRID_081_056,26.75,80.5,27.55,0.0727,4
District,UTTAR PRADESH,BAGPAT,N/A,N/A,IND_DIST_0269,27.3417,81.5612,GRID_083_060,27.25,81.5,11.85,0.3763,1
District,UTTAR PRADESH,BAGPAT,N/A,N/A,IND_DIST_0269,27.3417,81.5612,GRID_084_060,27.5,81.5,18.61,0.2397,2
District,UTTAR PRADESH,BAGPAT,N/A,N/A,IND_DIST_0269,27.3417,81.5612,GRID_083_061,27.25,81.75,21.26,0.2099,3
District,UTTAR PRADESH,BAGPAT,N/A,N/A,IND_DIST_0269,27.3417,81.5612,GRID_084_061,27.5,81.75,25.63,0.1741,4
District,UTTAR PRADESH,JYOTIBA PHULE,N/A,N/A,IND_DIST_0270,26.3217,80.5562,GRID_079_056,26.25,80.5,9.74,0.4364,1
District,UTTAR PRADESH,JYOTIBA PHULE,N/A,N/A,IND_DIST_0270,26.3217,80.5562,GRID_080_056,26.5,80.5,20.6,0.2064,2
District,UTTAR PRADESH,JYOTIBA PHULE,N/A,N/A,IND_DIST_0270,26.3217,80.5562,GRID_079_057,26.25,80.75,20.9,0.2035,3
District,UTTAR PRADESH,JYOTIBA PHULE,N/A,N/A,IND_DIST_0270,26.3217,80.5562,GRID_080_057,26.5,80.75,27.67,0.1537,4
District,UTTAR PRADESH,GAUTAM BUDDHA,N/A,N/A,IND_DIST_0271,26.5317,80.2412,GRID_080_055,26.5,80.25,3.63,0.6949,1
District,UTTAR PRADESH,GAUTAM BUDDHA,N/A,N/A,IND_DIST_0271,26.5317,80.2412,GRID_080_054,26.5,80.0,24.26,0.1041,2
District,UTTAR PRADESH,GAUTAM BUDDHA,N/A,N/A,IND_DIST_0271,26.5317,80.2412,GRID_081_055,26.75,80.25,24.29,0.1039,3
District,UTTAR PRADESH,GAUTAM BUDDHA,N/A,N/A,IND_DIST_0271,26.5317,80.2412,GRID_080_056,26.5,80.5,25.99,0.0971,4
District,UTTAR PRADESH,KANSHIRAM NAG,N/A,N/A,IND_DIST_0272,26.6667,80.9312,GRID_081_058,26.75,81.0,11.51,0.3851,1
District,UTTAR PRADESH,KANSHIRAM NAG,N/A,N/A,IND_DIST_0272,26.6667,80.9312,GRID_080_058,26.5,81.0,19.76,0.2244,2
District,UTTAR PRADESH,KANSHIRAM NAG,N/A,N/A,IND_DIST_0272,26.6667,80.9312,GRID_081_057,26.75,80.75,20.24,0.219,3
District,UTTAR PRADESH,KANSHIRAM NAG,N/A,N/A,IND_DIST_0272,26.6667,80.9312,GRID_080_057,26.5,80.75,25.85,0.1715,4
District,UTTARANCHAL,ALMORA,N/A,N/A,IND_DIST_0273,30.6518,79.4243,GRID_097_052,30.75,79.5,13.1,0.3422,1
District,UTTARANCHAL,ALMORA,N/A,N/A,IND_DIST_0273,30.6518,79.4243,GRID_096_052,30.5,79.5,18.37,0.244,2
District,UTTARANCHAL,ALMORA,N/A,N/A,IND_DIST_0273,30.6518,79.4243,GRID_097_051,30.75,79.25,19.92,0.225,3
District,UTTARANCHAL,ALMORA,N/A,N/A,IND_DIST_0273,30.6518,79.4243,GRID_096_051,30.5,79.25,23.74,0.1889,4
District,UTTARANCHAL,CHAMOLI,N/A,N/A,IND_DIST_0274,29.9468,79.0793,GRID_094_050,30.0,79.0,9.66,0.4306,1
District,UTTARANCHAL,CHAMOLI,N/A,N/A,IND_DIST_0274,29.9468,79.0793,GRID_094_051,30.0,79.25,17.47,0.2381,2
District,UTTARANCHAL,CHAMOLI,N/A,N/A,IND_DIST_0274,29.9468,79.0793,GRID_093_050,29.75,79.0,23.18,0.1795,3
District,UTTARANCHAL,CHAMOLI,N/A,N/A,IND_DIST_0274,29.9468,79.0793,GRID_093_051,29.75,79.25,27.38,0.1519,4
District,UTTARANCHAL,DEHRADUN,N/A,N/A,IND_DIST_0275,30.0068,79.0943,GRID_094_050,30.0,79.0,9.11,0.4483,1
District,UTTARANCHAL,DEHRADUN,N/A,N/A,IND_DIST_0275,30.0068,79.0943,GRID_094_051,30.0,79.25,15.01,0.2721,2
District,UTTARANCHAL,DEHRADUN,N/A,N/A,IND_DIST_0275,30.0068,79.0943,GRID_095_050,30.25,79.0,28.52,0.1432,3
District,UTTARANCHAL,DEHRADUN,N/A,N/A,IND_DIST_0275,30.0068,79.0943,GRID_093_050,29.75,79.0,29.97,0.1363,4
District,UTTARANCHAL,GARHWAL PAURI,N/A,N/A,IND_DIST_0276,30.7268,78.9743,GRID_097_050,30.75,79.0,3.56,0.6944,1
District,UTTARANCHAL,GARHWAL PAURI,N/A,N/A,IND_DIST_0276,30.7268,78.9743,GRID_097_049,30.75,78.75,21.59,0.1146,2
District,UTTARANCHAL,GARHWAL PAURI,N/A,N/A,IND_DIST_0276,30.7268,78.9743,GRID_096_050,30.5,79.0,25.34,0.0976,3
District,UTTARANCHAL,GARHWAL PAURI,N/A,N/A,IND_DIST_0276,30.7268,78.9743,GRID_097_051,30.75,79.25,26.48,0.0934,4
District,UTTARANCHAL,NAINITAL,N/A,N/A,IND_DIST_0277,30.0068,79.3793,GRID_094_052,30.0,79.5,11.65,0.3675,1
District,UTTARANCHAL,NAINITAL,N/A,N/A,IND_DIST_0277,30.0068,79.3793,GRID_094_051,30.0,79.25,12.47,0.3432,2
District,UTTARANCHAL,NAINITAL,N/A,N/A,IND_DIST_0277,30.0068,79.3793,GRID_095_052,30.25,79.5,29.43,0.1455,3
District,UTTARANCHAL,NAINITAL,N/A,N/A,IND_DIST_0277,30.0068,79.3793,GRID_095_051,30.25,79.25,29.76,0.1438,4
District,UTTARANCHAL,PITHORAGARH,N/A,N/A,IND_DIST_0278,30.2618,79.5143,GRID_095_052,30.25,79.5,1.9,0.8129,1
District,UTTARANCHAL,PITHORAGARH,N/A,N/A,IND_DIST_0278,30.2618,79.5143,GRID_095_053,30.25,79.75,22.68,0.0681,2
District,UTTARANCHAL,PITHORAGARH,N/A,N/A,IND_DIST_0278,30.2618,79.5143,GRID_095_051,30.25,79.25,25.42,0.0607,3
District,UTTARANCHAL,PITHORAGARH,N/A,N/A,IND_DIST_0278,30.2618,79.5143,GRID_096_052,30.5,79.5,26.52,0.0582,4
District,UTTARANCHAL,GARHWAL TEHRI,N/A,N/A,IND_DIST_0279,30.7418,79.0043,GRID_097_050,30.75,79.0,1.0,0.8922,1
District,UTTARANCHAL,GARHWAL TEHRI,N/A,N/A,IND_DIST_0279,30.7418,79.0043,GRID_097_051,30.75,79.25,23.5,0.038,2
District,UTTARANCHAL,GARHWAL TEHRI,N/A,N/A,IND_DIST_0279,30.7418,79.0043,GRID_097_049,30.75,78.75,24.32,0.0367,3
District,UTTARANCHAL,GARHWAL TEHRI,N/A,N/A,IND_DIST_0279,30.7418,79.0043,GRID_096_050,30.5,79.0,26.89,0.0332,4
District,UTTARANCHAL,UTTARKASHI,N/A,N/A,IND_DIST_0280,30.6968,79.2743,GRID_097_051,30.75,79.25,6.36,0.5527,1
District,UTTARANCHAL,UTTARKASHI,N/A,N/A,IND_DIST_0280,30.6968,79.2743,GRID_096_051,30.5,79.25,22.01,0.1596,2
District,UTTARANCHAL,UTTARKASHI,N/A,N/A,IND_DIST_0280,30.6968,79.2743,GRID_097_052,30.75,79.5,22.37,0.157,3
District,UTTARANCHAL,UTTARKASHI,N/A,N/A,IND_DIST_0280,30.6968,79.2743,GRID_097_050,30.75,79.0,26.88,0.1307,4
District,UTTARANCHAL,HARIDWAR,N/A,N/A,IND_DIST_0281,29.3768,78.3143,GRID_092_047,29.5,78.25,15.05,0.3031,1
District,UTTARANCHAL,HARIDWAR,N/A,N/A,IND_DIST_0281,29.3768,78.3143,GRID_091_047,29.25,78.25,15.42,0.2958,2
District,UTTARANCHAL,HARIDWAR,N/A,N/A,IND_DIST_0281,29.3768,78.3143,GRID_092_048,29.5,78.5,22.61,0.2017,3
District,UTTARANCHAL,HARIDWAR,N/A,N/A,IND_DIST_0281,29.3768,78.3143,GRID_091_048,29.25,78.5,22.87,0.1994,4
District,UTTARANCHAL,CHAMPAWAT,N/A,N/A,IND_DIST_0282,30.7718,78.4493,GRID_097_048,30.75,78.5,5.42,0.5953,1
District,UTTARANCHAL,CHAMPAWAT,N/A,N/A,IND_DIST_0282,30.7718,78.4493,GRID_097_047,30.75,78.25,19.2,0.168,2
District,UTTARANCHAL,CHAMPAWAT,N/A,N/A,IND_DIST_0282,30.7718,78.4493,GRID_098_048,31.0,78.5,25.83,0.1248,3
District,UTTARANCHAL,CHAMPAWAT,N/A,N/A,IND_DIST_0282,30.7718,78.4493,GRID_097_049,30.75,78.75,28.83,0.1118,4
District,UTTARANCHAL,RUDRAPRAYAG,N/A,N/A,IND_DIST_0283,29.7068,79.0343,GRID_093_050,29.75,79.0,5.83,0.5769,1
District,UTTARANCHAL,RUDRAPRAYAG,N/A,N/A,IND_DIST_0283,29.7068,79.0343,GRID_093_051,29.75,79.25,21.37,0.1575,2
District,UTTARANCHAL,RUDRAPRAYAG,N/A,N/A,IND_DIST_0283,29.7068,79.0343,GRID_092_050,29.5,79.0,23.23,0.1449,3
District,UTTARANCHAL,RUDRAPRAYAG,N/A,N/A,IND_DIST_0283,29.7068,79.0343,GRID_093_049,29.75,78.75,27.87,0.1208,4
District,UTTARANCHAL,UDHAM SINGH N,N/A,N/A,IND_DIST_0284,29.7668,78.3143,GRID_093_047,29.75,78.25,6.48,0.5505,1
District,UTTARANCHAL,UDHAM SINGH N,N/A,N/A,IND_DIST_0284,29.7668,78.3143,GRID_093_048,29.75,78.5,18.02,0.198,2
District,UTTARANCHAL,UDHAM SINGH N,N/A,N/A,IND_DIST_0284,29.7668,78.3143,GRID_094_047,30.0,78.25,26.66,0.1338,3
District,UTTARANCHAL,UDHAM SINGH N,N/A,N/A,IND_DIST_0284,29.7668,78.3143,GRID_092_047,29.5,78.25,30.31,0.1177,4
District,UTTARANCHAL,BAGESHWAR,N/A,N/A,IND_DIST_0285,30.5918,78.8543,GRID_096_049,30.5,78.75,14.28,0.3156,1
District,UTTARANCHAL,BAGESHWAR,N/A,N/A,IND_DIST_0285,30.5918,78.8543,GRID_096_050,30.5,79.0,17.29,0.2607,2
District,UTTARANCHAL,BAGESHWAR,N/A,N/A,IND_DIST_0285,30.5918,78.8543,GRID_097_049,30.75,78.75,20.22,0.2229,3
District,UTTARANCHAL,BAGESHWAR,N/A,N/A,IND_DIST_0285,30.5918,78.8543,GRID_097_050,30.75,79.0,22.44,0.2008,4
District,HARYANA,AMBALA,N/A,N/A,IND_DIST_0286,28.6088,76.7756,GRID_088_041,28.5,76.75,12.35,0.3664,1
District,HARYANA,AMBALA,N/A,N/A,IND_DIST_0286,28.6088,76.7756,GRID_089_041,28.75,76.75,15.9,0.2847,2
District,HARYANA,AMBALA,N/A,N/A,IND_DIST_0286,28.6088,76.7756,GRID_088_042,28.5,77.0,25.03,0.1808,3
District,HARYANA,AMBALA,N/A,N/A,IND_DIST_0286,28.6088,76.7756,GRID_089_042,28.75,77.0,26.94,0.168,4
District,HARYANA,GURGAON,N/A,N/A,IND_DIST_0287,29.6288,75.6056,GRID_093_036,29.75,75.5,16.9,0.2719,1
District,HARYANA,GURGAON,N/A,N/A,IND_DIST_0287,29.6288,75.6056,GRID_092_036,29.5,75.5,17.59,0.2613,2
District,HARYANA,GURGAON,N/A,N/A,IND_DIST_0287,29.6288,75.6056,GRID_093_037,29.75,75.75,19.4,0.237,3
District,HARYANA,GURGAON,N/A,N/A,IND_DIST_0287,29.6288,75.6056,GRID_092_037,29.5,75.75,20.0,0.2298,4
District,HARYANA,HISAR,N/A,N/A,IND_DIST_0288,28.9988,75.8906,GRID_090_038,29.0,76.0,10.64,0.4011,1
District,HARYANA,HISAR,N/A,N/A,IND_DIST_0288,28.9988,75.8906,GRID_090_037,29.0,75.75,13.67,0.3121,2
District,HARYANA,HISAR,N/A,N/A,IND_DIST_0288,28.9988,75.8906,GRID_089_038,28.75,76.0,29.65,0.144,3
District,HARYANA,HISAR,N/A,N/A,IND_DIST_0288,28.9988,75.8906,GRID_091_038,29.25,76.0,29.89,0.1428,4
District,HARYANA,JIND,N/A,N/A,IND_DIST_0289,28.8938,76.2056,GRID_090_039,29.0,76.25,12.57,0.3583,1
District,HARYANA,JIND,N/A,N/A,IND_DIST_0289,28.8938,76.2056,GRID_089_039,28.75,76.25,16.56,0.272,2
District,HARYANA,JIND,N/A,N/A,IND_DIST_0289,28.8938,76.2056,GRID_090_038,29.0,76.0,23.23,0.1939,3
District,HARYANA,JIND,N/A,N/A,IND_DIST_0289,28.8938,76.2056,GRID_089_038,28.75,76.0,25.63,0.1758,4
District,HARYANA,KARNAL,N/A,N/A,IND_DIST_0290,29.7638,76.1756,GRID_093_039,29.75,76.25,7.34,0.5143,1
District,HARYANA,KARNAL,N/A,N/A,IND_DIST_0290,29.7638,76.1756,GRID_093_038,29.75,76.0,17.02,0.2219,2
District,HARYANA,KARNAL,N/A,N/A,IND_DIST_0290,29.7638,76.1756,GRID_094_039,30.0,76.25,27.23,0.1387,3
District,HARYANA,KARNAL,N/A,N/A,IND_DIST_0290,29.7638,76.1756,GRID_092_039,29.5,76.25,30.2,0.1251,4
District,HARYANA,MAHENDRAGARH,N/A,N/A,IND_DIST_0291,29.2088,76.7156,GRID_091_041,29.25,76.75,5.67,0.5852,1
District,HARYANA,MAHENDRAGARH,N/A,N/A,IND_DIST_0291,29.2088,76.7156,GRID_091_040,29.25,76.5,21.42,0.1549,2
District,HARYANA,MAHENDRAGARH,N/A,N/A,IND_DIST_0291,29.2088,76.7156,GRID_090_041,29.0,76.75,23.46,0.1414,3
District,HARYANA,MAHENDRAGARH,N/A,N/A,IND_DIST_0291,29.2088,76.7156,GRID_091_042,29.25,77.0,27.97,0.1186,4
District,HARYANA,ROHTAK,N/A,N/A,IND_DIST_0292,29.3138,76.4306,GRID_091_040,29.25,76.5,9.78,0.4296,1
District,HARYANA,ROHTAK,N/A,N/A,IND_DIST_0292,29.3138,76.4306,GRID_091_039,29.25,76.25,18.9,0.2223,2
District,HARYANA,ROHTAK,N/A,N/A,IND_DIST_0292,29.3138,76.4306,GRID_092_040,29.5,76.5,21.77,0.193,3
District,HARYANA,ROHTAK,N/A,N/A,IND_DIST_0292,29.3138,76.4306,GRID_092_039,29.5,76.25,27.11,0.155,4
District,HARYANA,BHIWANI,N/A,N/A,IND_DIST_0293,28.5638,75.5906,GRID_088_036,28.5,75.5,11.34,0.3839,1
District,HARYANA,BHIWANI,N/A,N/A,IND_DIST_0293,28.5638,75.5906,GRID_088_037,28.5,75.75,17.11,0.2545,2
District,HARYANA,BHIWANI,N/A,N/A,IND_DIST_0293,28.5638,75.5906,GRID_089_036,28.75,75.5,22.51,0.1934,3
District,HARYANA,BHIWANI,N/A,N/A,IND_DIST_0293,28.5638,75.5906,GRID_089_037,28.75,75.75,25.9,0.1682,4
District,HARYANA,FARIDABAD,N/A,N/A,IND_DIST_0294,29.0888,76.5356,GRID_090_040,29.0,76.5,10.46,0.4153,1
District,HARYANA,FARIDABAD,N/A,N/A,IND_DIST_0294,29.0888,76.5356,GRID_091_040,29.25,76.5,18.25,0.2381,2
District,HARYANA,FARIDABAD,N/A,N/A,IND_DIST_0294,29.0888,76.5356,GRID_090_041,29.0,76.75,23.06,0.1884,3
District,HARYANA,FARIDABAD,N/A,N/A,IND_DIST_0294,29.0888,76.5356,GRID_091_041,29.25,76.75,27.47,0.1582,4
District,HARYANA,KURUKSHETRA,N/A,N/A,IND_DIST_0295,29.1938,76.3706,GRID_091_039,29.25,76.25,13.27,0.3313,1
District,HARYANA,KURUKSHETRA,N/A,N/A,IND_DIST_0295,29.1938,76.3706,GRID_091_040,29.25,76.5,14.03,0.3134,2
District,HARYANA,KURUKSHETRA,N/A,N/A,IND_DIST_0295,29.1938,76.3706,GRID_090_039,29.0,76.25,24.53,0.1792,3
District,HARYANA,KURUKSHETRA,N/A,N/A,IND_DIST_0295,29.1938,76.3706,GRID_090_040,29.0,76.5,24.95,0.1762,4
District,HARYANA,SIRSA,N/A,N/A,IND_DIST_0296,28.3088,76.2806,GRID_087_039,28.25,76.25,7.19,0.5236,1
District,HARYANA,SIRSA,N/A,N/A,IND_DIST_0296,28.3088,76.2806,GRID_088_039,28.5,76.25,21.47,0.1754,2
District,HARYANA,SIRSA,N/A,N/A,IND_DIST_0296,28.3088,76.2806,GRID_087_040,28.25,76.5,22.46,0.1677,3
District,HARYANA,SIRSA,N/A,N/A,IND_DIST_0296,28.3088,76.2806,GRID_087_038,28.25,76.0,28.24,0.1333,4
District,HARYANA,SONEPAT(RTK),N/A,N/A,IND_DIST_0297,28.3388,75.5606,GRID_087_036,28.25,75.5,11.52,0.3838,1
District,HARYANA,SONEPAT(RTK),N/A,N/A,IND_DIST_0297,28.3388,75.5606,GRID_088_036,28.5,75.5,18.88,0.2342,2
District,HARYANA,SONEPAT(RTK),N/A,N/A,IND_DIST_0297,28.3388,75.5606,GRID_087_037,28.25,75.75,21.01,0.2105,3
District,HARYANA,SONEPAT(RTK),N/A,N/A,IND_DIST_0297,28.3388,75.5606,GRID_088_037,28.5,75.75,25.78,0.1715,4
District,HARYANA,YAMUNANAGAR,N/A,N/A,IND_DIST_0298,29.3888,75.5606,GRID_092_036,29.5,75.5,13.69,0.3313,1
District,HARYANA,YAMUNANAGAR,N/A,N/A,IND_DIST_0298,29.3888,75.5606,GRID_091_036,29.25,75.5,16.51,0.2746,2
District,HARYANA,YAMUNANAGAR,N/A,N/A,IND_DIST_0298,29.3888,75.5606,GRID_092_037,29.5,75.75,22.12,0.205,3
District,HARYANA,YAMUNANAGAR,N/A,N/A,IND_DIST_0298,29.3888,75.5606,GRID_091_037,29.25,75.75,23.99,0.1891,4
District,HARYANA,KAITHAL,N/A,N/A,IND_DIST_0299,28.3388,75.9356,GRID_087_038,28.25,76.0,11.72,0.3784,1
District,HARYANA,KAITHAL,N/A,N/A,IND_DIST_0299,28.3388,75.9356,GRID_088_038,28.5,76.0,19.0,0.2334,2
District,HARYANA,KAITHAL,N/A,N/A,IND_DIST_0299,28.3388,75.9356,GRID_087_037,28.25,75.75,20.68,0.2144,3
District,HARYANA,KAITHAL,N/A,N/A,IND_DIST_0299,28.3388,75.9356,GRID_088_037,28.5,75.75,25.51,0.1738,4
District,HARYANA,PANIPAT,N/A,N/A,IND_DIST_0300,28.7288,75.8756,GRID_089_038,28.75,76.0,12.36,0.3488,1
District,HARYANA,PANIPAT,N/A,N/A,IND_DIST_0300,28.7288,75.8756,GRID_089_037,28.75,75.75,12.47,0.3456,2
District,HARYANA,PANIPAT,N/A,N/A,IND_DIST_0300,28.7288,75.8756,GRID_088_038,28.5,76.0,28.19,0.1529,3
District,HARYANA,PANIPAT,N/A,N/A,IND_DIST_0300,28.7288,75.8756,GRID_088_037,28.5,75.75,28.24,0.1526,4
District,HARYANA,REWARI,N/A,N/A,IND_DIST_0301,28.3388,75.3656,GRID_087_035,28.25,75.25,15.02,0.3033,1
District,HARYANA,REWARI,N/A,N/A,IND_DIST_0301,28.3388,75.3656,GRID_087_036,28.25,75.5,16.45,0.2769,2
District,HARYANA,REWARI,N/A,N/A,IND_DIST_0301,28.3388,75.3656,GRID_088_035,28.5,75.25,21.19,0.2149,3
District,HARYANA,REWARI,N/A,N/A,IND_DIST_0301,28.3388,75.3656,GRID_088_036,28.5,75.5,22.23,0.2049,4
District,HARYANA,FATEHABAD,N/A,N/A,IND_DIST_0302,28.6988,76.1906,GRID_089_039,28.75,76.25,8.12,0.4868,1
District,HARYANA,FATEHABAD,N/A,N/A,IND_DIST_0302,28.6988,76.1906,GRID_089_038,28.75,76.0,19.44,0.2034,2
District,HARYANA,FATEHABAD,N/A,N/A,IND_DIST_0302,28.6988,76.1906,GRID_088_039,28.5,76.25,22.85,0.173,3
District,HARYANA,FATEHABAD,N/A,N/A,IND_DIST_0302,28.6988,76.1906,GRID_088_038,28.5,76.0,28.89,0.1368,4
District,HARYANA,JHAJJAR,N/A,N/A,IND_DIST_0303,29.3588,75.4256,GRID_091_036,29.25,75.5,14.09,0.3228,1
District,HARYANA,JHAJJAR,N/A,N/A,IND_DIST_0303,29.3588,75.4256,GRID_092_036,29.5,75.5,17.28,0.2632,2
District,HARYANA,JHAJJAR,N/A,N/A,IND_DIST_0303,29.3588,75.4256,GRID_091_035,29.25,75.25,20.89,0.2177,3
District,HARYANA,JHAJJAR,N/A,N/A,IND_DIST_0303,29.3588,75.4256,GRID_092_035,29.5,75.25,23.15,0.1964,4
District,HARYANA,PANCHKULA,N/A,N/A,IND_DIST_0304,28.3538,75.3806,GRID_087_036,28.25,75.5,16.43,0.2802,1
District,HARYANA,PANCHKULA,N/A,N/A,IND_DIST_0304,28.3538,75.3806,GRID_087_035,28.25,75.25,17.23,0.2672,2
District,HARYANA,PANCHKULA,N/A,N/A,IND_DIST_0304,28.3538,75.3806,GRID_088_036,28.5,75.5,20.02,0.23,3
District,HARYANA,PANCHKULA,N/A,N/A,IND_DIST_0304,28.3538,75.3806,GRID_088_035,28.5,75.25,20.67,0.2226,4
District,HARYANA,MEWAT,N/A,N/A,IND_DIST_0305,28.3988,76.1906,GRID_088_039,28.5,76.25,12.66,0.3557,1
District,HARYANA,MEWAT,N/A,N/A,IND_DIST_0305,28.3988,76.1906,GRID_087_039,28.25,76.25,17.54,0.2568,2
District,HARYANA,MEWAT,N/A,N/A,IND_DIST_0305,28.3988,76.1906,GRID_088_038,28.5,76.0,21.77,0.2069,3
District,HARYANA,MEWAT,N/A,N/A,IND_DIST_0305,28.3988,76.1906,GRID_087_038,28.25,76.0,24.94,0.1806,4
District,HARYANA,PALWAL(FRD),N/A,N/A,IND_DIST_0306,28.9088,76.2356,GRID_090_039,29.0,76.25,10.24,0.4243,1
District,HARYANA,PALWAL(FRD),N/A,N/A,IND_DIST_0306,28.9088,76.2356,GRID_089_039,28.75,76.25,17.71,0.2452,2
District,HARYANA,PALWAL(FRD),N/A,N/A,IND_DIST_0306,28.9088,76.2356,GRID_090_038,29.0,76.0,25.07,0.1733,3
District,HARYANA,PALWAL(FRD),N/A,N/A,IND_DIST_0306,28.9088,76.2356,GRID_090_040,29.0,76.5,27.65,0.1571,4
District,CHANDIGARH,CHANDIGARH,N/A,N/A,IND_DIST_0307,31.1833,76.3594,GRID_099_039,31.25,76.25,12.78,0.3427,1
District,CHANDIGARH,CHANDIGARH,N/A,N/A,IND_DIST_0307,31.1833,76.3594,GRID_099_040,31.25,76.5,15.29,0.2864,2
District,CHANDIGARH,CHANDIGARH,N/A,N/A,IND_DIST_0307,31.1833,76.3594,GRID_098_039,31.0,76.25,22.89,0.1913,3
District,CHANDIGARH,CHANDIGARH,N/A,N/A,IND_DIST_0307,31.1833,76.3594,GRID_098_040,31.0,76.5,24.39,0.1796,4
District,DELHI,NEW DELHI,N/A,N/A,IND_DIST_0308,28.5991,76.4725,GRID_088_040,28.5,76.5,11.34,0.3927,1
District,DELHI,NEW DELHI,N/A,N/A,IND_DIST_0308,28.5991,76.4725,GRID_089_040,28.75,76.5,16.99,0.2621,2
District,DELHI,NEW DELHI,N/A,N/A,IND_DIST_0308,28.5991,76.4725,GRID_088_039,28.5,76.25,24.37,0.1828,3
District,DELHI,NEW DELHI,N/A,N/A,IND_DIST_0308,28.5991,76.4725,GRID_089_039,28.75,76.25,27.44,0.1624,4
District,DELHI,CENTRAL DELHI,N/A,N/A,IND_DIST_0309,28.7191,77.4925,GRID_089_044,28.75,77.5,3.51,0.6994,1
District,DELHI,CENTRAL DELHI,N/A,N/A,IND_DIST_0309,28.7191,77.4925,GRID_089_043,28.75,77.25,23.89,0.1028,2
District,DELHI,CENTRAL DELHI,N/A,N/A,IND_DIST_0309,28.7191,77.4925,GRID_088_044,28.5,77.5,24.37,0.1008,3
District,DELHI,CENTRAL DELHI,N/A,N/A,IND_DIST_0309,28.7191,77.4925,GRID_089_045,28.75,77.75,25.34,0.097,4
District,DELHI,EAST DELHI,N/A,N/A,IND_DIST_0310,29.2741,77.0275,GRID_091_042,29.25,77.0,3.78,0.6834,1
District,DELHI,EAST DELHI,N/A,N/A,IND_DIST_0310,29.2741,77.0275,GRID_091_043,29.25,77.25,21.75,0.1188,2
District,DELHI,EAST DELHI,N/A,N/A,IND_DIST_0310,29.2741,77.0275,GRID_092_042,29.5,77.0,25.26,0.1023,3
District,DELHI,EAST DELHI,N/A,N/A,IND_DIST_0310,29.2741,77.0275,GRID_091_041,29.25,76.75,27.05,0.0955,4
District,DELHI,NORTH DELHI,N/A,N/A,IND_DIST_0311,28.7941,77.4775,GRID_089_044,28.75,77.5,5.37,0.5992,1
District,DELHI,NORTH DELHI,N/A,N/A,IND_DIST_0311,28.7941,77.4775,GRID_089_043,28.75,77.25,22.71,0.1417,2
District,DELHI,NORTH DELHI,N/A,N/A,IND_DIST_0311,28.7941,77.4775,GRID_090_044,29.0,77.5,23.0,0.1399,3
District,DELHI,NORTH DELHI,N/A,N/A,IND_DIST_0311,28.7941,77.4775,GRID_089_045,28.75,77.75,27.01,0.1192,4
District,DELHI,NE DELHI,N/A,N/A,IND_DIST_0312,28.6441,77.6875,GRID_089_045,28.75,77.75,13.26,0.3415,1
District,DELHI,NE DELHI,N/A,N/A,IND_DIST_0312,28.6441,77.6875,GRID_088_045,28.5,77.75,17.15,0.2641,2
District,DELHI,NE DELHI,N/A,N/A,IND_DIST_0312,28.6441,77.6875,GRID_089_044,28.75,77.5,21.75,0.2082,3
District,DELHI,NE DELHI,N/A,N/A,IND_DIST_0312,28.6441,77.6875,GRID_088_044,28.5,77.5,24.33,0.1861,4
District,DELHI,SW DELHI,N/A,N/A,IND_DIST_0313,27.9991,77.1925,GRID_086_043,28.0,77.25,5.65,0.5893,1
District,DELHI,SW DELHI,N/A,N/A,IND_DIST_0313,27.9991,77.1925,GRID_086_042,28.0,77.0,18.9,0.1761,2
District,DELHI,SW DELHI,N/A,N/A,IND_DIST_0313,27.9991,77.1925,GRID_085_043,27.75,77.25,28.27,0.1177,3
District,DELHI,SW DELHI,N/A,N/A,IND_DIST_0313,27.9991,77.1925,GRID_087_043,28.25,77.25,28.46,0.1169,4
District,DELHI,NW DELHI,N/A,N/A,IND_DIST_0314,28.0591,77.4325,GRID_086_044,28.0,77.5,9.33,0.4455,1
District,DELHI,NW DELHI,N/A,N/A,IND_DIST_0314,28.0591,77.4325,GRID_086_043,28.0,77.25,19.08,0.2179,2
District,DELHI,NW DELHI,N/A,N/A,IND_DIST_0314,28.0591,77.4325,GRID_087_044,28.25,77.5,22.23,0.187,3
District,DELHI,NW DELHI,N/A,N/A,IND_DIST_0314,28.0591,77.4325,GRID_087_043,28.25,77.25,27.76,0.1497,4
District,DELHI,SOUTH DELHI,N/A,N/A,IND_DIST_0315,28.4191,77.0125,GRID_088_042,28.5,77.0,9.08,0.4587,1
District,DELHI,SOUTH DELHI,N/A,N/A,IND_DIST_0315,28.4191,77.0125,GRID_087_042,28.25,77.0,18.84,0.221,2
District,DELHI,SOUTH DELHI,N/A,N/A,IND_DIST_0315,28.4191,77.0125,GRID_088_043,28.5,77.25,24.9,0.1672,3
District,DELHI,SOUTH DELHI,N/A,N/A,IND_DIST_0315,28.4191,77.0125,GRID_088_041,28.5,76.75,27.19,0.1531,4
District,DELHI,WEST DELHI,N/A,N/A,IND_DIST_0316,29.1391,77.0125,GRID_091_042,29.25,77.0,12.39,0.3678,1
District,DELHI,WEST DELHI,N/A,N/A,IND_DIST_0316,29.1391,77.0125,GRID_090_042,29.0,77.0,15.51,0.2938,2
District,DELHI,WEST DELHI,N/A,N/A,IND_DIST_0316,29.1391,77.0125,GRID_091_043,29.25,77.25,26.14,0.1743,3
District,DELHI,WEST DELHI,N/A,N/A,IND_DIST_0316,29.1391,77.0125,GRID_090_043,29.0,77.25,27.79,0.164,4
District,PUNJAB,AMRITSAR,N/A,N/A,IND_DIST_0317,31.4621,75.4312,GRID_100_036,31.5,75.5,7.77,0.4945,1
District,PUNJAB,AMRITSAR,N/A,N/A,IND_DIST_0317,31.4621,75.4312,GRID_100_035,31.5,75.25,17.69,0.2171,2
District,PUNJAB,AMRITSAR,N/A,N/A,IND_DIST_0317,31.4621,75.4312,GRID_099_036,31.25,75.5,24.47,0.1569,3
District,PUNJAB,AMRITSAR,N/A,N/A,IND_DIST_0317,31.4621,75.4312,GRID_099_035,31.25,75.25,29.19,0.1315,4
District,PUNJAB,BATHINDA,N/A,N/A,IND_DIST_0318,31.5221,74.6662,GRID_100_033,31.5,74.75,8.32,0.4732,1
District,PUNJAB,BATHINDA,N/A,N/A,IND_DIST_0318,31.5221,74.6662,GRID_100_032,31.5,74.5,15.95,0.2467,2
District,PUNJAB,BATHINDA,N/A,N/A,IND_DIST_0318,31.5221,74.6662,GRID_101_033,31.75,74.75,26.55,0.1482,3
District,PUNJAB,BATHINDA,N/A,N/A,IND_DIST_0318,31.5221,74.6662,GRID_101_032,31.75,74.5,29.83,0.1319,4
District,PUNJAB,FEROZEPUR,N/A,N/A,IND_DIST_0319,31.1171,76.0162,GRID_098_038,31.0,76.0,13.11,0.347,1
District,PUNJAB,FEROZEPUR,N/A,N/A,IND_DIST_0319,31.1171,76.0162,GRID_099_038,31.25,76.0,14.86,0.3062,2
District,PUNJAB,FEROZEPUR,N/A,N/A,IND_DIST_0319,31.1171,76.0162,GRID_098_039,31.0,76.25,25.8,0.1764,3
District,PUNJAB,FEROZEPUR,N/A,N/A,IND_DIST_0319,31.1171,76.0162,GRID_099_039,31.25,76.25,26.7,0.1704,4
District,PUNJAB,GURDASPUR,N/A,N/A,IND_DIST_0320,30.7871,75.9862,GRID_097_038,30.75,76.0,4.33,0.6489,1
District,PUNJAB,GURDASPUR,N/A,N/A,IND_DIST_0320,30.7871,75.9862,GRID_097_037,30.75,75.75,22.94,0.1225,2
District,PUNJAB,GURDASPUR,N/A,N/A,IND_DIST_0320,30.7871,75.9862,GRID_098_038,31.0,76.0,23.71,0.1185,3
District,PUNJAB,GURDASPUR,N/A,N/A,IND_DIST_0320,30.7871,75.9862,GRID_097_039,30.75,76.25,25.54,0.11,4
District,PUNJAB,HOSHIARPUR,N/A,N/A,IND_DIST_0321,31.3871,75.2812,GRID_100_035,31.5,75.25,12.9,0.3493,1
District,PUNJAB,HOSHIARPUR,N/A,N/A,IND_DIST_0321,31.3871,75.2812,GRID_099_035,31.25,75.25,15.53,0.2901,2
District,PUNJAB,HOSHIARPUR,N/A,N/A,IND_DIST_0321,31.3871,75.2812,GRID_100_036,31.5,75.5,24.26,0.1857,3
District,PUNJAB,HOSHIARPUR,N/A,N/A,IND_DIST_0321,31.3871,75.2812,GRID_099_036,31.25,75.5,25.78,0.1748,4
District,PUNJAB,JALANDHAR,N/A,N/A,IND_DIST_0322,31.4471,75.0562,GRID_100_034,31.5,75.0,7.94,0.4901,1
District,PUNJAB,JALANDHAR,N/A,N/A,IND_DIST_0322,31.4471,75.0562,GRID_100_035,31.5,75.25,19.3,0.2016,2
District,PUNJAB,JALANDHAR,N/A,N/A,IND_DIST_0322,31.4471,75.0562,GRID_099_034,31.25,75.0,22.56,0.1724,3
District,PUNJAB,JALANDHAR,N/A,N/A,IND_DIST_0322,31.4471,75.0562,GRID_099_035,31.25,75.25,28.62,0.1359,4
District,PUNJAB,KAPURTHALA,N/A,N/A,IND_DIST_0323,30.4871,75.1312,GRID_096_035,30.5,75.25,11.47,0.3705,1
District,PUNJAB,KAPURTHALA,N/A,N/A,IND_DIST_0323,30.4871,75.1312,GRID_096_034,30.5,75.0,12.65,0.336,2
District,PUNJAB,KAPURTHALA,N/A,N/A,IND_DIST_0323,30.4871,75.1312,GRID_095_035,30.25,75.25,28.72,0.148,3
District,PUNJAB,KAPURTHALA,N/A,N/A,IND_DIST_0323,30.4871,75.1312,GRID_095_034,30.25,75.0,29.21,0.1455,4
District,PUNJAB,LUDHIANA,N/A,N/A,IND_DIST_0324,31.3271,75.5062,GRID_099_036,31.25,75.5,8.59,0.47,1
District,PUNJAB,LUDHIANA,N/A,N/A,IND_DIST_0324,31.3271,75.5062,GRID_100_036,31.5,75.5,19.23,0.21,2
District,PUNJAB,LUDHIANA,N/A,N/A,IND_DIST_0324,31.3271,75.5062,GRID_099_037,31.25,75.75,24.7,0.1635,3
District,PUNJAB,LUDHIANA,N/A,N/A,IND_DIST_0324,31.3271,75.5062,GRID_099_035,31.25,75.25,25.81,0.1565,4
District,PUNJAB,PATIALA,N/A,N/A,IND_DIST_0325,31.6121,76.0612,GRID_100_038,31.5,76.0,13.75,0.3275,1
District,PUNJAB,PATIALA,N/A,N/A,IND_DIST_0325,31.6121,76.0612,GRID_101_038,31.75,76.0,16.39,0.2747,2
District,PUNJAB,PATIALA,N/A,N/A,IND_DIST_0325,31.6121,76.0612,GRID_100_039,31.5,76.25,21.8,0.2065,3
District,PUNJAB,PATIALA,N/A,N/A,IND_DIST_0325,31.6121,76.0612,GRID_101_039,31.75,76.25,23.54,0.1913,4
District,PUNJAB,RUPNAGAR,N/A,N/A,IND_DIST_0326,30.7271,74.6062,GRID_097_032,30.75,74.5,10.46,0.4005,1
District,PUNJAB,RUPNAGAR,N/A,N/A,IND_DIST_0326,30.7271,74.6062,GRID_097_033,30.75,74.75,13.98,0.2998,2
District,PUNJAB,RUPNAGAR,N/A,N/A,IND_DIST_0326,30.7271,74.6062,GRID_096_032,30.5,74.5,27.22,0.154,3
District,PUNJAB,RUPNAGAR,N/A,N/A,IND_DIST_0326,30.7271,74.6062,GRID_096_033,30.5,74.75,28.76,0.1457,4
District,PUNJAB,SANGRUR,N/A,N/A,IND_DIST_0327,31.6721,74.7862,GRID_101_033,31.75,74.75,9.31,0.4471,1
District,PUNJAB,SANGRUR,N/A,N/A,IND_DIST_0327,31.6721,74.7862,GRID_100_033,31.5,74.75,19.44,0.2142,2
District,PUNJAB,SANGRUR,N/A,N/A,IND_DIST_0327,31.6721,74.7862,GRID_101_034,31.75,75.0,22.0,0.1893,3
District,PUNJAB,SANGRUR,N/A,N/A,IND_DIST_0327,31.6721,74.7862,GRID_100_034,31.5,75.0,27.86,0.1495,4
District,PUNJAB,FARIDKOT,N/A,N/A,IND_DIST_0328,30.4871,75.1762,GRID_096_035,30.5,75.25,7.22,0.5181,1
District,PUNJAB,FARIDKOT,N/A,N/A,IND_DIST_0328,30.4871,75.1762,GRID_096_034,30.5,75.0,16.94,0.2206,2
District,PUNJAB,FARIDKOT,N/A,N/A,IND_DIST_0328,30.4871,75.1762,GRID_095_035,30.25,75.25,27.3,0.1369,3
District,PUNJAB,FARIDKOT,N/A,N/A,IND_DIST_0328,30.4871,75.1762,GRID_097_035,30.75,75.25,30.07,0.1243,4
District,PUNJAB,MOGA,N/A,N/A,IND_DIST_0329,31.2671,74.7712,GRID_099_033,31.25,74.75,2.77,0.7458,1
District,PUNJAB,MOGA,N/A,N/A,IND_DIST_0329,31.2671,74.7712,GRID_099_034,31.25,75.0,21.83,0.0947,2
District,PUNJAB,MOGA,N/A,N/A,IND_DIST_0329,31.2671,74.7712,GRID_099_032,31.25,74.5,25.85,0.0799,3
District,PUNJAB,MOGA,N/A,N/A,IND_DIST_0329,31.2671,74.7712,GRID_100_033,31.5,74.75,25.98,0.0796,4
District,PUNJAB,NAWANSHAHR,N/A,N/A,IND_DIST_0330,30.8771,76.0312,GRID_098_038,31.0,76.0,13.99,0.3243,1
District,PUNJAB,NAWANSHAHR,N/A,N/A,IND_DIST_0330,30.8771,76.0312,GRID_097_038,30.75,76.0,14.44,0.314,2
District,PUNJAB,NAWANSHAHR,N/A,N/A,IND_DIST_0330,30.8771,76.0312,GRID_098_039,31.0,76.25,24.94,0.1818,3
District,PUNJAB,NAWANSHAHR,N/A,N/A,IND_DIST_0330,30.8771,76.0312,GRID_097_039,30.75,76.25,25.23,0.1798,4
District,PUNJAB,FATEHGARH SAH,N/A,N/A,IND_DIST_0331,30.4421,75.0412,GRID_096_034,30.5,75.0,7.55,0.5074,1
District,PUNJAB,FATEHGARH SAH,N/A,N/A,IND_DIST_0331,30.4421,75.0412,GRID_096_035,30.5,75.25,21.02,0.1823,2
District,PUNJAB,FATEHGARH SAH,N/A,N/A,IND_DIST_0331,30.4421,75.0412,GRID_095_034,30.25,75.0,21.72,0.1764,3
District,PUNJAB,FATEHGARH SAH,N/A,N/A,IND_DIST_0331,30.4421,75.0412,GRID_096_033,30.5,74.75,28.64,0.1338,4
District,PUNJAB,MUKTSAR,N/A,N/A,IND_DIST_0332,31.4621,75.5212,GRID_100_036,31.5,75.5,4.67,0.6298,1
District,PUNJAB,MUKTSAR,N/A,N/A,IND_DIST_0332,31.4621,75.5212,GRID_100_037,31.5,75.75,22.1,0.1331,2
District,PUNJAB,MUKTSAR,N/A,N/A,IND_DIST_0332,31.4621,75.5212,GRID_099_036,31.25,75.5,23.67,0.1242,3
District,PUNJAB,MUKTSAR,N/A,N/A,IND_DIST_0332,31.4621,75.5212,GRID_100_035,31.5,75.25,26.06,0.1128,4
District,PUNJAB,MANSA,N/A,N/A,IND_DIST_0333,31.2521,75.2662,GRID_099_035,31.25,75.25,1.56,0.8417,1
District,PUNJAB,MANSA,N/A,N/A,IND_DIST_0333,31.2521,75.2662,GRID_099_036,31.25,75.5,22.23,0.059,2
District,PUNJAB,MANSA,N/A,N/A,IND_DIST_0333,31.2521,75.2662,GRID_099_034,31.25,75.0,25.31,0.0518,3
District,PUNJAB,MANSA,N/A,N/A,IND_DIST_0333,31.2521,75.2662,GRID_100_035,31.5,75.25,27.61,0.0475,4
District,PUNJAB,BARNALA,N/A,N/A,IND_DIST_0334,31.3271,75.2962,GRID_099_035,31.25,75.25,9.63,0.4355,1
District,PUNJAB,BARNALA,N/A,N/A,IND_DIST_0334,31.3271,75.2962,GRID_100_035,31.5,75.25,19.72,0.2127,2
District,PUNJAB,BARNALA,N/A,N/A,IND_DIST_0334,31.3271,75.2962,GRID_099_036,31.25,75.5,21.18,0.198,3
District,PUNJAB,BARNALA,N/A,N/A,IND_DIST_0334,31.3271,75.2962,GRID_100_036,31.5,75.5,27.27,0.1538,4
District,PUNJAB,SAS NAGAR(MGA),N/A,N/A,IND_DIST_0335,31.5971,75.8512,GRID_100_037,31.5,75.75,14.44,0.3118,1
District,PUNJAB,SAS NAGAR(MGA),N/A,N/A,IND_DIST_0335,31.5971,75.8512,GRID_100_038,31.5,76.0,17.76,0.2535,2
District,PUNJAB,SAS NAGAR(MGA),N/A,N/A,IND_DIST_0335,31.5971,75.8512,GRID_101_037,31.75,75.75,19.51,0.2307,3
District,PUNJAB,SAS NAGAR(MGA),N/A,N/A,IND_DIST_0335,31.5971,75.8512,GRID_101_038,31.75,76.0,22.08,0.204,4
District,PUNJAB,TARN TARAN,N/A,N/A,IND_DIST_0336,30.3971,76.0162,GRID_096_038,30.5,76.0,11.55,0.388,1
District,PUNJAB,TARN TARAN,N/A,N/A,IND_DIST_0336,30.3971,76.0162,GRID_095_038,30.25,76.0,16.43,0.2727,2
District,PUNJAB,TARN TARAN,N/A,N/A,IND_DIST_0336,30.3971,76.0162,GRID_096_039,30.5,76.25,25.16,0.178,3
District,PUNJAB,TARN TARAN,N/A,N/A,IND_DIST_0336,30.3971,76.0162,GRID_095_039,30.25,76.25,27.77,0.1613,4
District,HIMACHAL,BILASPUR,N/A,N/A,IND_DIST_0337,30.4298,77.6834,GRID_096_045,30.5,77.75,10.08,0.4196,1
District,HIMACHAL,BILASPUR,N/A,N/A,IND_DIST_0337,30.4298,77.6834,GRID_096_044,30.5,77.5,19.23,0.22,2
District,HIMACHAL,BILASPUR,N/A,N/A,IND_DIST_0337,30.4298,77.6834,GRID_095_045,30.25,77.75,20.99,0.2016,3
District,HIMACHAL,BILASPUR,N/A,N/A,IND_DIST_0337,30.4298,77.6834,GRID_095_044,30.25,77.5,26.64,0.1588,4
District,HIMACHAL,CHAMBA,N/A,N/A,IND_DIST_0338,30.8498,76.5134,GRID_097_040,30.75,76.5,11.17,0.3973,1
District,HIMACHAL,CHAMBA,N/A,N/A,IND_DIST_0338,30.8498,76.5134,GRID_098_040,31.0,76.5,16.75,0.265,2
District,HIMACHAL,CHAMBA,N/A,N/A,IND_DIST_0338,30.8498,76.5134,GRID_097_041,30.75,76.75,25.18,0.1763,3
District,HIMACHAL,CHAMBA,N/A,N/A,IND_DIST_0338,30.8498,76.5134,GRID_097_039,30.75,76.25,27.5,0.1614,4
District,HIMACHAL,KANGRA,N/A,N/A,IND_DIST_0339,30.5198,76.8884,GRID_096_042,30.5,77.0,10.92,0.3869,1
District,HIMACHAL,KANGRA,N/A,N/A,IND_DIST_0339,30.5198,76.8884,GRID_096_041,30.5,76.75,13.44,0.3142,2
District,HIMACHAL,KANGRA,N/A,N/A,IND_DIST_0339,30.5198,76.8884,GRID_097_042,30.75,77.0,27.73,0.1523,3
District,HIMACHAL,KANGRA,N/A,N/A,IND_DIST_0339,30.5198,76.8884,GRID_097_041,30.75,76.75,28.82,0.1466,4
District,HIMACHAL,KINNAUR,N/A,N/A,IND_DIST_0340,31.8098,77.0684,GRID_101_042,31.75,77.0,9.27,0.4417,1
District,HIMACHAL,KINNAUR,N/A,N/A,IND_DIST_0340,31.8098,77.0684,GRID_101_043,31.75,77.25,18.41,0.2225,2
District,HIMACHAL,KINNAUR,N/A,N/A,IND_DIST_0340,31.8098,77.0684,GRID_102_042,32.0,77.0,22.11,0.1853,3
District,HIMACHAL,KINNAUR,N/A,N/A,IND_DIST_0340,31.8098,77.0684,GRID_102_043,32.0,77.25,27.22,0.1505,4
District,HIMACHAL,KULLU,N/A,N/A,IND_DIST_0341,30.5198,77.4584,GRID_096_044,30.5,77.5,4.55,0.639,1
District,HIMACHAL,KULLU,N/A,N/A,IND_DIST_0341,30.5198,77.4584,GRID_096_043,30.5,77.25,20.09,0.1449,2
District,HIMACHAL,KULLU,N/A,N/A,IND_DIST_0341,30.5198,77.4584,GRID_097_044,30.75,77.5,25.9,0.1123,3
District,HIMACHAL,KULLU,N/A,N/A,IND_DIST_0341,30.5198,77.4584,GRID_096_045,30.5,77.75,28.02,0.1038,4
District,HIMACHAL,LAHUL & SPITI,N/A,N/A,IND_DIST_0342,30.9248,76.8884,GRID_098_042,31.0,77.0,13.53,0.3276,1
District,HIMACHAL,LAHUL & SPITI,N/A,N/A,IND_DIST_0342,30.9248,76.8884,GRID_098_041,31.0,76.75,15.62,0.2838,2
District,HIMACHAL,LAHUL & SPITI,N/A,N/A,IND_DIST_0342,30.9248,76.8884,GRID_097_042,30.75,77.0,22.17,0.2,3
District,HIMACHAL,LAHUL & SPITI,N/A,N/A,IND_DIST_0342,30.9248,76.8884,GRID_097_041,30.75,76.75,23.5,0.1886,4
District,HIMACHAL,MANDI,N/A,N/A,IND_DIST_0343,30.7298,77.8034,GRID_097_045,30.75,77.75,5.58,0.5881,1
District,HIMACHAL,MANDI,N/A,N/A,IND_DIST_0343,30.7298,77.8034,GRID_097_046,30.75,78.0,18.92,0.1733,2
District,HIMACHAL,MANDI,N/A,N/A,IND_DIST_0343,30.7298,77.8034,GRID_096_045,30.5,77.75,26.06,0.1258,3
District,HIMACHAL,MANDI,N/A,N/A,IND_DIST_0343,30.7298,77.8034,GRID_097_044,30.75,77.5,29.08,0.1128,4
District,HIMACHAL,HAMIRPUR,N/A,N/A,IND_DIST_0344,31.6898,77.8784,GRID_101_046,31.75,78.0,13.31,0.3269,1
District,HIMACHAL,HAMIRPUR,N/A,N/A,IND_DIST_0344,31.6898,77.8784,GRID_101_045,31.75,77.75,13.87,0.3137,2
District,HIMACHAL,HAMIRPUR,N/A,N/A,IND_DIST_0344,31.6898,77.8784,GRID_100_046,31.5,78.0,24.04,0.1809,3
District,HIMACHAL,HAMIRPUR,N/A,N/A,IND_DIST_0344,31.6898,77.8784,GRID_100_045,31.5,77.75,24.36,0.1786,4
District,HIMACHAL,SHIMLA,N/A,N/A,IND_DIST_0345,30.7598,77.7434,GRID_097_045,30.75,77.75,1.26,0.8677,1
District,HIMACHAL,SHIMLA,N/A,N/A,IND_DIST_0345,30.7598,77.7434,GRID_097_044,30.75,77.5,23.28,0.0469,2
District,HIMACHAL,SHIMLA,N/A,N/A,IND_DIST_0345,30.7598,77.7434,GRID_097_046,30.75,78.0,24.54,0.0445,3
District,HIMACHAL,SHIMLA,N/A,N/A,IND_DIST_0345,30.7598,77.7434,GRID_098_045,31.0,77.75,26.72,0.0409,4
District,HIMACHAL,SIRMAUR,N/A,N/A,IND_DIST_0346,31.2098,76.5734,GRID_099_040,31.25,76.5,8.29,0.4749,1
District,HIMACHAL,SIRMAUR,N/A,N/A,IND_DIST_0346,31.2098,76.5734,GRID_099_041,31.25,76.75,17.38,0.2265,2
District,HIMACHAL,SIRMAUR,N/A,N/A,IND_DIST_0346,31.2098,76.5734,GRID_098_040,31.0,76.5,24.35,0.1616,3
District,HIMACHAL,SIRMAUR,N/A,N/A,IND_DIST_0346,31.2098,76.5734,GRID_098_041,31.0,76.75,28.76,0.1369,4
District,HIMACHAL,SOLAN,N/A,N/A,IND_DIST_0347,30.5048,77.7434,GRID_096_045,30.5,77.75,0.83,0.9095,1
District,HIMACHAL,SOLAN,N/A,N/A,IND_DIST_0347,30.5048,77.7434,GRID_096_044,30.5,77.5,23.33,0.0323,2
District,HIMACHAL,SOLAN,N/A,N/A,IND_DIST_0347,30.5048,77.7434,GRID_096_046,30.5,78.0,24.59,0.0306,3
District,HIMACHAL,SOLAN,N/A,N/A,IND_DIST_0347,30.5048,77.7434,GRID_097_045,30.75,77.75,27.27,0.0276,4
District,HIMACHAL,UNA,N/A,N/A,IND_DIST_0348,31.5248,76.4234,GRID_100_040,31.5,76.5,7.77,0.4942,1
District,HIMACHAL,UNA,N/A,N/A,IND_DIST_0348,31.5248,76.4234,GRID_100_039,31.5,76.25,16.67,0.2303,2
District,HIMACHAL,UNA,N/A,N/A,IND_DIST_0348,31.5248,76.4234,GRID_101_040,31.75,76.5,26.07,0.1473,3
District,HIMACHAL,UNA,N/A,N/A,IND_DIST_0348,31.5248,76.4234,GRID_101_039,31.75,76.25,29.94,0.1282,4
District,JAMMU AND KASHMIR,ANANTNAG,N/A,N/A,IND_DIST_0349,33.8832,77.0112,GRID_110_042,34.0,77.0,13.03,0.3475,1
District,JAMMU AND KASHMIR,ANANTNAG,N/A,N/A,IND_DIST_0349,33.8832,77.0112,GRID_109_042,33.75,77.0,14.85,0.305,2
District,JAMMU AND KASHMIR,ANANTNAG,N/A,N/A,IND_DIST_0349,33.8832,77.0112,GRID_110_043,34.0,77.25,25.57,0.1771,3
District,JAMMU AND KASHMIR,ANANTNAG,N/A,N/A,IND_DIST_0349,33.8832,77.0112,GRID_109_043,33.75,77.25,26.57,0.1704,4
District,JAMMU AND KASHMIR,BARAMULLA,N/A,N/A,IND_DIST_0350,33.2532,75.8262,GRID_107_037,33.25,75.75,7.09,0.5172,1
District,JAMMU AND KASHMIR,BARAMULLA,N/A,N/A,IND_DIST_0350,33.2532,75.8262,GRID_107_038,33.25,76.0,16.17,0.227,2
District,JAMMU AND KASHMIR,BARAMULLA,N/A,N/A,IND_DIST_0350,33.2532,75.8262,GRID_108_037,33.5,75.75,28.34,0.1295,3
District,JAMMU AND KASHMIR,BARAMULLA,N/A,N/A,IND_DIST_0350,33.2532,75.8262,GRID_106_037,33.0,75.75,29.03,0.1264,4
District,JAMMU AND KASHMIR,DODA,N/A,N/A,IND_DIST_0351,34.0482,77.0412,GRID_110_042,34.0,77.0,6.57,0.5384,1
District,JAMMU AND KASHMIR,DODA,N/A,N/A,IND_DIST_0351,34.0482,77.0412,GRID_110_043,34.0,77.25,19.98,0.177,2
District,JAMMU AND KASHMIR,DODA,N/A,N/A,IND_DIST_0351,34.0482,77.0412,GRID_111_042,34.25,77.0,22.76,0.1554,3
District,JAMMU AND KASHMIR,DODA,N/A,N/A,IND_DIST_0351,34.0482,77.0412,GRID_110_041,34.0,76.75,27.37,0.1292,4
District,JAMMU AND KASHMIR,JAMMU,N/A,N/A,IND_DIST_0352,34.4682,76.3362,GRID_112_039,34.5,76.25,8.66,0.4538,1
District,JAMMU AND KASHMIR,JAMMU,N/A,N/A,IND_DIST_0352,34.4682,76.3362,GRID_112_040,34.5,76.5,15.42,0.2547,2
District,JAMMU AND KASHMIR,JAMMU,N/A,N/A,IND_DIST_0352,34.4682,76.3362,GRID_111_039,34.25,76.25,25.52,0.1539,3
District,JAMMU AND KASHMIR,JAMMU,N/A,N/A,IND_DIST_0352,34.4682,76.3362,GRID_111_040,34.25,76.5,28.54,0.1376,4
District,JAMMU AND KASHMIR,KATHUA,N/A,N/A,IND_DIST_0353,33.9132,76.2612,GRID_110_039,34.0,76.25,9.71,0.4326,1
District,JAMMU AND KASHMIR,KATHUA,N/A,N/A,IND_DIST_0353,33.9132,76.2612,GRID_109_039,33.75,76.25,18.18,0.231,2
District,JAMMU AND KASHMIR,KATHUA,N/A,N/A,IND_DIST_0353,33.9132,76.2612,GRID_110_040,34.0,76.5,24.05,0.1746,3
District,JAMMU AND KASHMIR,KATHUA,N/A,N/A,IND_DIST_0353,33.9132,76.2612,GRID_110_038,34.0,76.0,25.95,0.1618,4
District,JAMMU AND KASHMIR,LADAKH (LEH),N/A,N/A,IND_DIST_0354,33.8982,76.5312,GRID_110_040,34.0,76.5,11.68,0.3772,1
District,JAMMU AND KASHMIR,LADAKH (LEH),N/A,N/A,IND_DIST_0354,33.8982,76.5312,GRID_109_040,33.75,76.5,16.73,0.2634,2
District,JAMMU AND KASHMIR,LADAKH (LEH),N/A,N/A,IND_DIST_0354,33.8982,76.5312,GRID_110_041,34.0,76.75,23.14,0.1904,3
District,JAMMU AND KASHMIR,LADAKH (LEH),N/A,N/A,IND_DIST_0354,33.8982,76.5312,GRID_109_041,33.75,76.75,26.08,0.169,4
District,JAMMU AND KASHMIR,UDHAMPUR,N/A,N/A,IND_DIST_0355,34.3332,76.8762,GRID_111_042,34.25,77.0,14.66,0.3,1
District,JAMMU AND KASHMIR,UDHAMPUR,N/A,N/A,IND_DIST_0355,34.3332,76.8762,GRID_111_041,34.25,76.75,14.83,0.2965,2
District,JAMMU AND KASHMIR,UDHAMPUR,N/A,N/A,IND_DIST_0355,34.3332,76.8762,GRID_112_042,34.5,77.0,21.75,0.2023,3
District,JAMMU AND KASHMIR,UDHAMPUR,N/A,N/A,IND_DIST_0355,34.3332,76.8762,GRID_112_041,34.5,76.75,21.86,0.2012,4
District,JAMMU AND KASHMIR,BADGAM,N/A,N/A,IND_DIST_0356,33.4632,77.2362,GRID_108_043,33.5,77.25,4.29,0.6469,1
District,JAMMU AND KASHMIR,BADGAM,N/A,N/A,IND_DIST_0356,33.4632,77.2362,GRID_108_042,33.5,77.0,22.28,0.1245,2
District,JAMMU AND KASHMIR,BADGAM,N/A,N/A,IND_DIST_0356,33.4632,77.2362,GRID_107_043,33.25,77.25,23.74,0.1168,3
District,JAMMU AND KASHMIR,BADGAM,N/A,N/A,IND_DIST_0356,33.4632,77.2362,GRID_108_044,33.5,77.5,24.81,0.1118,4
District,JAMMU AND KASHMIR,KUPWARA,N/A,N/A,IND_DIST_0357,33.7332,76.6662,GRID_109_041,33.75,76.75,7.97,0.4822,1
District,JAMMU AND KASHMIR,KUPWARA,N/A,N/A,IND_DIST_0357,33.7332,76.6662,GRID_109_040,33.75,76.5,15.48,0.2483,2
District,JAMMU AND KASHMIR,KUPWARA,N/A,N/A,IND_DIST_0357,33.7332,76.6662,GRID_108_041,33.5,76.75,27.07,0.142,3
District,JAMMU AND KASHMIR,KUPWARA,N/A,N/A,IND_DIST_0357,33.7332,76.6662,GRID_108_040,33.5,76.5,30.15,0.1275,4
District,JAMMU AND KASHMIR,PULWAMA,N/A,N/A,IND_DIST_0358,33.7482,76.3962,GRID_109_040,33.75,76.5,9.6,0.4232,1
District,JAMMU AND KASHMIR,PULWAMA,N/A,N/A,IND_DIST_0358,33.7482,76.3962,GRID_109_039,33.75,76.25,13.52,0.3005,2
District,JAMMU AND KASHMIR,PULWAMA,N/A,N/A,IND_DIST_0358,33.7482,76.3962,GRID_108_040,33.5,76.5,29.22,0.139,3
District,JAMMU AND KASHMIR,PULWAMA,N/A,N/A,IND_DIST_0358,33.7482,76.3962,GRID_110_040,34.0,76.5,29.59,0.1373,4
District,JAMMU AND KASHMIR,SRINAGAR,N/A,N/A,IND_DIST_0359,34.2282,77.1012,GRID_111_042,34.25,77.0,9.61,0.42,1
District,JAMMU AND KASHMIR,SRINAGAR,N/A,N/A,IND_DIST_0359,34.2282,77.1012,GRID_111_043,34.25,77.25,13.89,0.2906,2
District,JAMMU AND KASHMIR,SRINAGAR,N/A,N/A,IND_DIST_0359,34.2282,77.1012,GRID_110_042,34.0,77.0,27.03,0.1494,3
District,JAMMU AND KASHMIR,SRINAGAR,N/A,N/A,IND_DIST_0359,34.2282,77.1012,GRID_110_043,34.0,77.25,28.84,0.14,4
District,JAMMU AND KASHMIR,KARGIL,N/A,N/A,IND_DIST_0360,33.2682,77.2512,GRID_107_043,33.25,77.25,2.03,0.7985,1
District,JAMMU AND KASHMIR,KARGIL,N/A,N/A,IND_DIST_0360,33.2682,77.2512,GRID_107_044,33.25,77.5,23.22,0.0697,2
District,JAMMU AND KASHMIR,KARGIL,N/A,N/A,IND_DIST_0360,33.2682,77.2512,GRID_107_042,33.25,77.0,23.44,0.069,3
District,JAMMU AND KASHMIR,KARGIL,N/A,N/A,IND_DIST_0360,33.2682,77.2512,GRID_108_043,33.5,77.25,25.78,0.0628,4
District,JAMMU AND KASHMIR,POONCH,N/A,N/A,IND_DIST_0361,34.3782,76.6662,GRID_112_041,34.5,76.75,15.57,0.2881,1
District,JAMMU AND KASHMIR,POONCH,N/A,N/A,IND_DIST_0361,34.3782,76.6662,GRID_111_041,34.25,76.75,16.2,0.277,2
District,JAMMU AND KASHMIR,POONCH,N/A,N/A,IND_DIST_0361,34.3782,76.6662,GRID_112_040,34.5,76.5,20.39,0.2201,3
District,JAMMU AND KASHMIR,POONCH,N/A,N/A,IND_DIST_0361,34.3782,76.6662,GRID_111_040,34.25,76.5,20.89,0.2148,4
District,JAMMU AND KASHMIR,RAJOURI,N/A,N/A,IND_DIST_0362,33.6282,76.7112,GRID_109_041,33.75,76.75,14.01,0.3204,1
District,JAMMU AND KASHMIR,RAJOURI,N/A,N/A,IND_DIST_0362,33.6282,76.7112,GRID_108_041,33.5,76.75,14.7,0.3054,2
District,JAMMU AND KASHMIR,RAJOURI,N/A,N/A,IND_DIST_0362,33.6282,76.7112,GRID_109_040,33.75,76.5,23.78,0.1888,3
District,JAMMU AND KASHMIR,RAJOURI,N/A,N/A,IND_DIST_0362,33.6282,76.7112,GRID_108_040,33.5,76.5,24.21,0.1854,4
District,JAMMU AND KASHMIR,BANDIPORE,N/A,N/A,IND_DIST_0363,34.2132,76.5612,GRID_111_040,34.25,76.5,6.96,0.5218,1
District,JAMMU AND KASHMIR,BANDIPORE,N/A,N/A,IND_DIST_0363,34.2132,76.5612,GRID_111_041,34.25,76.75,17.83,0.2036,2
District,JAMMU AND KASHMIR,BANDIPORE,N/A,N/A,IND_DIST_0363,34.2132,76.5612,GRID_110_040,34.0,76.5,24.37,0.149,3
District,JAMMU AND KASHMIR,BANDIPORE,N/A,N/A,IND_DIST_0363,34.2132,76.5612,GRID_111_039,34.25,76.25,28.9,0.1256,4
District,JAMMU AND KASHMIR,GANDERWAL,N/A,N/A,IND_DIST_0364,33.1482,76.8462,GRID_107_041,33.25,76.75,14.43,0.3105,1
District,JAMMU AND KASHMIR,GANDERWAL,N/A,N/A,IND_DIST_0364,33.1482,76.8462,GRID_107_042,33.25,77.0,18.25,0.2455,2
District,JAMMU AND KASHMIR,GANDERWAL,N/A,N/A,IND_DIST_0364,33.1482,76.8462,GRID_106_041,33.0,76.75,18.76,0.2388,3
District,JAMMU AND KASHMIR,GANDERWAL,N/A,N/A,IND_DIST_0364,33.1482,76.8462,GRID_106_042,33.0,77.0,21.84,0.2052,4
District,JAMMU AND KASHMIR,KULGAM/(ANT),N/A,N/A,IND_DIST_0365,33.1632,77.2512,GRID_107_043,33.25,77.25,9.65,0.4351,1
District,JAMMU AND KASHMIR,KULGAM/(ANT),N/A,N/A,IND_DIST_0365,33.1632,77.2512,GRID_106_043,33.0,77.25,18.15,0.2314,2
District,JAMMU AND KASHMIR,KULGAM/(ANT),N/A,N/A,IND_DIST_0365,33.1632,77.2512,GRID_107_044,33.25,77.5,25.08,0.1674,3
District,JAMMU AND KASHMIR,KULGAM/(ANT),N/A,N/A,IND_DIST_0365,33.1632,77.2512,GRID_107_042,33.25,77.0,25.29,0.1661,4
District,JAMMU AND KASHMIR,SHOPAN,N/A,N/A,IND_DIST_0366,34.1382,77.1312,GRID_111_043,34.25,77.25,16.55,0.2718,1
District,JAMMU AND KASHMIR,SHOPAN,N/A,N/A,IND_DIST_0366,34.1382,77.1312,GRID_111_042,34.25,77.0,17.32,0.2597,2
District,JAMMU AND KASHMIR,SHOPAN,N/A,N/A,IND_DIST_0366,34.1382,77.1312,GRID_110_043,34.0,77.25,18.87,0.2385,3
District,JAMMU AND KASHMIR,SHOPAN,N/A,N/A,IND_DIST_0366,34.1382,77.1312,GRID_110_042,34.0,77.0,19.55,0.2301,4
District,JAMMU AND KASHMIR,SAMBA,N/A,N/A,IND_DIST_0367,34.4532,75.9312,GRID_112_038,34.5,76.0,8.18,0.474,1
District,JAMMU AND KASHMIR,SAMBA,N/A,N/A,IND_DIST_0367,34.4532,75.9312,GRID_112_037,34.5,75.75,17.41,0.2227,2
District,JAMMU AND KASHMIR,SAMBA,N/A,N/A,IND_DIST_0367,34.4532,75.9312,GRID_111_038,34.25,76.0,23.46,0.1652,3
District,JAMMU AND KASHMIR,SAMBA,N/A,N/A,IND_DIST_0367,34.4532,75.9312,GRID_111_037,34.25,75.75,28.06,0.1381,4
District,JAMMU AND KASHMIR,KISTWAR,N/A,N/A,IND_DIST_0368,33.6432,75.8412,GRID_109_037,33.75,75.75,14.57,0.3076,1
District,JAMMU AND KASHMIR,KISTWAR,N/A,N/A,IND_DIST_0368,33.6432,75.8412,GRID_108_037,33.5,75.75,18.03,0.2486,2
District,JAMMU AND KASHMIR,KISTWAR,N/A,N/A,IND_DIST_0368,33.6432,75.8412,GRID_109_038,33.75,76.0,18.89,0.2372,3
District,JAMMU AND KASHMIR,KISTWAR,N/A,N/A,IND_DIST_0368,33.6432,75.8412,GRID_108_038,33.5,76.0,21.68,0.2067,4
District,JAMMU AND KASHMIR,REASI,N/A,N/A,IND_DIST_0369,33.1632,77.1762,GRID_107_043,33.25,77.25,11.84,0.368,1
District,JAMMU AND KASHMIR,REASI,N/A,N/A,IND_DIST_0369,33.1632,77.1762,GRID_107_042,33.25,77.0,19.02,0.2292,2
District,JAMMU AND KASHMIR,REASI,N/A,N/A,IND_DIST_0369,33.1632,77.1762,GRID_106_043,33.0,77.25,19.41,0.2246,3
District,JAMMU AND KASHMIR,REASI,N/A,N/A,IND_DIST_0369,33.1632,77.1762,GRID_106_042,33.0,77.0,24.47,0.1781,4
District,JAMMU AND KASHMIR,RAMBAN(DDA),N/A,N/A,IND_DIST_0370,34.5132,76.2312,GRID_112_039,34.5,76.25,2.26,0.7788,1
District,JAMMU AND KASHMIR,RAMBAN(DDA),N/A,N/A,IND_DIST_0370,34.5132,76.2312,GRID_112_038,34.5,76.0,21.24,0.083,2
District,JAMMU AND KASHMIR,RAMBAN(DDA),N/A,N/A,IND_DIST_0370,34.5132,76.2312,GRID_112_040,34.5,76.5,24.67,0.0714,3
District,JAMMU AND KASHMIR,RAMBAN(DDA),N/A,N/A,IND_DIST_0370,34.5132,76.2312,GRID_113_039,34.75,76.25,26.39,0.0668,4
District,RAJASTHAN,BARMER,N/A,N/A,IND_DIST_0371,26.7388,74.0229,GRID_081_030,26.75,74.0,2.59,0.7647,1
District,RAJASTHAN,BARMER,N/A,N/A,IND_DIST_0371,26.7388,74.0229,GRID_081_031,26.75,74.25,22.59,0.0878,2
District,RAJASTHAN,BARMER,N/A,N/A,IND_DIST_0371,26.7388,74.0229,GRID_080_030,26.5,74.0,26.65,0.0744,3
District,RAJASTHAN,BARMER,N/A,N/A,IND_DIST_0371,26.7388,74.0229,GRID_081_029,26.75,73.75,27.13,0.0731,4
District,RAJASTHAN,BIKANER,N/A,N/A,IND_DIST_0372,26.6338,74.1879,GRID_081_031,26.75,74.25,14.32,0.3206,1
District,RAJASTHAN,BIKANER,N/A,N/A,IND_DIST_0372,26.6338,74.1879,GRID_080_031,26.5,74.25,16.11,0.285,2
District,RAJASTHAN,BIKANER,N/A,N/A,IND_DIST_0372,26.6338,74.1879,GRID_081_030,26.75,74.0,22.7,0.2022,3
District,RAJASTHAN,BIKANER,N/A,N/A,IND_DIST_0372,26.6338,74.1879,GRID_080_030,26.5,74.0,23.89,0.1922,4
District,RAJASTHAN,CHURU,N/A,N/A,IND_DIST_0373,27.2938,74.3979,GRID_083_032,27.25,74.5,11.2,0.3866,1
District,RAJASTHAN,CHURU,N/A,N/A,IND_DIST_0373,27.2938,74.3979,GRID_083_031,27.25,74.25,15.41,0.2811,2
District,RAJASTHAN,CHURU,N/A,N/A,IND_DIST_0373,27.2938,74.3979,GRID_084_032,27.5,74.5,25.05,0.1729,3
District,RAJASTHAN,CHURU,N/A,N/A,IND_DIST_0373,27.2938,74.3979,GRID_084_031,27.5,74.25,27.18,0.1593,4
District,RAJASTHAN,SRI GANGANAGA,N/A,N/A,IND_DIST_0374,26.4388,74.2029,GRID_080_031,26.5,74.25,8.26,0.4865,1
District,RAJASTHAN,SRI GANGANAGA,N/A,N/A,IND_DIST_0374,26.4388,74.2029,GRID_080_030,26.5,74.0,21.31,0.1886,2
District,RAJASTHAN,SRI GANGANAGA,N/A,N/A,IND_DIST_0374,26.4388,74.2029,GRID_079_031,26.25,74.25,21.51,0.1869,3
District,RAJASTHAN,SRI GANGANAGA,N/A,N/A,IND_DIST_0374,26.4388,74.2029,GRID_079_030,26.25,74.0,29.15,0.1379,4
District,RAJASTHAN,JAISALMER,N/A,N/A,IND_DIST_0375,26.8588,73.9929,GRID_081_030,26.75,74.0,12.12,0.3774,1
District,RAJASTHAN,JAISALMER,N/A,N/A,IND_DIST_0375,26.8588,73.9929,GRID_082_030,27.0,74.0,15.72,0.291,2
District,RAJASTHAN,JAISALMER,N/A,N/A,IND_DIST_0375,26.8588,73.9929,GRID_081_029,26.75,73.75,26.97,0.1696,3
District,RAJASTHAN,JAISALMER,N/A,N/A,IND_DIST_0375,26.8588,73.9929,GRID_081_031,26.75,74.25,28.24,0.162,4
District,RAJASTHAN,JALORE,N/A,N/A,IND_DIST_0376,27.2338,73.8729,GRID_083_029,27.25,73.75,12.28,0.3545,1
District,RAJASTHAN,JALORE,N/A,N/A,IND_DIST_0376,27.2338,73.8729,GRID_083_030,27.25,74.0,12.69,0.343,2
District,RAJASTHAN,JALORE,N/A,N/A,IND_DIST_0376,27.2338,73.8729,GRID_082_029,27.0,73.75,28.7,0.1517,3
District,RAJASTHAN,JALORE,N/A,N/A,IND_DIST_0376,27.2338,73.8729,GRID_082_030,27.0,74.0,28.88,0.1508,4
District,RAJASTHAN,JODHPUR,N/A,N/A,IND_DIST_0377,26.5438,74.4879,GRID_080_032,26.5,74.5,5.02,0.6191,1
District,RAJASTHAN,JODHPUR,N/A,N/A,IND_DIST_0377,26.5438,74.4879,GRID_081_032,26.75,74.5,22.96,0.1353,2
District,RAJASTHAN,JODHPUR,N/A,N/A,IND_DIST_0377,26.5438,74.4879,GRID_080_031,26.5,74.25,24.17,0.1285,3
District,RAJASTHAN,JODHPUR,N/A,N/A,IND_DIST_0377,26.5438,74.4879,GRID_080_033,26.5,74.75,26.53,0.1171,4
District,RAJASTHAN,NAGAUR,N/A,N/A,IND_DIST_0378,27.3238,73.6029,GRID_083_028,27.25,73.5,13.07,0.3436,1
District,RAJASTHAN,NAGAUR,N/A,N/A,IND_DIST_0378,27.3238,73.6029,GRID_083_029,27.25,73.75,16.69,0.2689,2
District,RAJASTHAN,NAGAUR,N/A,N/A,IND_DIST_0378,27.3238,73.6029,GRID_084_028,27.5,73.5,22.07,0.2034,3
District,RAJASTHAN,NAGAUR,N/A,N/A,IND_DIST_0378,27.3238,73.6029,GRID_084_029,27.5,73.75,24.39,0.1841,4
District,RAJASTHAN,PALI,N/A,N/A,IND_DIST_0379,27.6238,74.0079,GRID_084_030,27.5,74.0,13.79,0.3356,1
District,RAJASTHAN,PALI,N/A,N/A,IND_DIST_0379,27.6238,74.0079,GRID_085_030,27.75,74.0,14.05,0.3292,2
District,RAJASTHAN,PALI,N/A,N/A,IND_DIST_0379,27.6238,74.0079,GRID_084_031,27.5,74.25,27.55,0.1679,3
District,RAJASTHAN,PALI,N/A,N/A,IND_DIST_0379,27.6238,74.0079,GRID_085_031,27.75,74.25,27.66,0.1673,4
District,RAJASTHAN,HANUMANGARH,N/A,N/A,IND_DIST_0380,27.1738,74.8179,GRID_083_033,27.25,74.75,10.81,0.4031,1
District,RAJASTHAN,HANUMANGARH,N/A,N/A,IND_DIST_0380,27.1738,74.8179,GRID_083_034,27.25,75.0,19.9,0.219,2
District,RAJASTHAN,HANUMANGARH,N/A,N/A,IND_DIST_0380,27.1738,74.8179,GRID_082_033,27.0,74.75,20.46,0.213,3
District,RAJASTHAN,HANUMANGARH,N/A,N/A,IND_DIST_0380,27.1738,74.8179,GRID_082_034,27.0,75.0,26.43,0.1649,4
District,RAJASTHAN,AJMER,N/A,N/A,IND_DIST_0381,26.4988,74.8179,GRID_080_033,26.5,74.75,6.76,0.5419,1
District,RAJASTHAN,AJMER,N/A,N/A,IND_DIST_0381,26.4988,74.8179,GRID_080_034,26.5,75.0,18.12,0.2021,2
District,RAJASTHAN,AJMER,N/A,N/A,IND_DIST_0381,26.4988,74.8179,GRID_079_033,26.25,74.75,28.48,0.1286,3
District,RAJASTHAN,AJMER,N/A,N/A,IND_DIST_0381,26.4988,74.8179,GRID_081_033,26.75,74.75,28.74,0.1274,4
District,RAJASTHAN,ALWAR,N/A,N/A,IND_DIST_0382,27.1738,74.9379,GRID_083_034,27.25,75.0,10.46,0.4135,1
District,RAJASTHAN,ALWAR,N/A,N/A,IND_DIST_0382,27.1738,74.9379,GRID_082_034,27.0,75.0,20.28,0.2134,2
District,RAJASTHAN,ALWAR,N/A,N/A,IND_DIST_0382,27.1738,74.9379,GRID_083_033,27.25,74.75,20.42,0.2119,3
District,RAJASTHAN,ALWAR,N/A,N/A,IND_DIST_0382,27.1738,74.9379,GRID_082_033,27.0,74.75,26.82,0.1613,4
District,RAJASTHAN,BANSWARA,N/A,N/A,IND_DIST_0383,26.9938,74.2629,GRID_082_031,27.0,74.25,1.45,0.8539,1
District,RAJASTHAN,BANSWARA,N/A,N/A,IND_DIST_0383,26.9938,74.2629,GRID_082_032,27.0,74.5,23.5,0.0528,2
District,RAJASTHAN,BANSWARA,N/A,N/A,IND_DIST_0383,26.9938,74.2629,GRID_082_030,27.0,74.0,26.06,0.0476,3
District,RAJASTHAN,BANSWARA,N/A,N/A,IND_DIST_0383,26.9938,74.2629,GRID_081_031,26.75,74.25,27.14,0.0457,4
District,RAJASTHAN,BHARATPUR,N/A,N/A,IND_DIST_0384,27.0238,73.7829,GRID_082_029,27.0,73.75,4.2,0.6629,1
District,RAJASTHAN,BHARATPUR,N/A,N/A,IND_DIST_0384,27.0238,73.7829,GRID_082_030,27.0,74.0,21.67,0.1284,2
District,RAJASTHAN,BHARATPUR,N/A,N/A,IND_DIST_0384,27.0238,73.7829,GRID_083_029,27.25,73.75,25.36,0.1097,3
District,RAJASTHAN,BHARATPUR,N/A,N/A,IND_DIST_0384,27.0238,73.7829,GRID_082_028,27.0,73.5,28.15,0.0989,4
District,RAJASTHAN,BHILWARA,N/A,N/A,IND_DIST_0385,26.5738,73.6179,GRID_080_028,26.5,73.5,14.31,0.3167,1
District,RAJASTHAN,BHILWARA,N/A,N/A,IND_DIST_0385,26.5738,73.6179,GRID_080_029,26.5,73.75,15.49,0.2926,2
District,RAJASTHAN,BHILWARA,N/A,N/A,IND_DIST_0385,26.5738,73.6179,GRID_081_028,26.75,73.5,22.83,0.1986,3
District,RAJASTHAN,BHILWARA,N/A,N/A,IND_DIST_0385,26.5738,73.6179,GRID_081_029,26.75,73.75,23.58,0.1922,4
District,RAJASTHAN,BUNDI,N/A,N/A,IND_DIST_0386,27.1138,74.6379,GRID_082_033,27.0,74.75,16.83,0.2757,1
District,RAJASTHAN,BUNDI,N/A,N/A,IND_DIST_0386,27.1138,74.6379,GRID_082_032,27.0,74.5,18.62,0.2493,2
District,RAJASTHAN,BUNDI,N/A,N/A,IND_DIST_0386,27.1138,74.6379,GRID_083_033,27.25,74.75,18.77,0.2473,3
District,RAJASTHAN,BUNDI,N/A,N/A,IND_DIST_0386,27.1138,74.6379,GRID_083_032,27.25,74.5,20.38,0.2277,4
District,RAJASTHAN,CHITTORGARH,N/A,N/A,IND_DIST_0387,26.9338,74.5179,GRID_082_032,27.0,74.5,7.57,0.5109,1
District,RAJASTHAN,CHITTORGARH,N/A,N/A,IND_DIST_0387,26.9338,74.5179,GRID_081_032,26.75,74.5,20.51,0.1886,2
District,RAJASTHAN,CHITTORGARH,N/A,N/A,IND_DIST_0387,26.9338,74.5179,GRID_082_033,27.0,74.75,24.15,0.1602,3
District,RAJASTHAN,CHITTORGARH,N/A,N/A,IND_DIST_0387,26.9338,74.5179,GRID_082_031,27.0,74.25,27.55,0.1404,4
District,RAJASTHAN,DUNGARPUR,N/A,N/A,IND_DIST_0388,26.3188,73.5579,GRID_079_028,26.25,73.5,9.58,0.4411,1
District,RAJASTHAN,DUNGARPUR,N/A,N/A,IND_DIST_0388,26.3188,73.5579,GRID_079_029,26.25,73.75,20.62,0.205,2
District,RAJASTHAN,DUNGARPUR,N/A,N/A,IND_DIST_0388,26.3188,73.5579,GRID_080_028,26.5,73.5,20.96,0.2017,3
District,RAJASTHAN,DUNGARPUR,N/A,N/A,IND_DIST_0388,26.3188,73.5579,GRID_080_029,26.5,73.75,27.78,0.1522,4
District,RAJASTHAN,JAIPUR,N/A,N/A,IND_DIST_0389,26.4238,74.9229,GRID_080_034,26.5,75.0,11.43,0.3865,1
District,RAJASTHAN,JAIPUR,N/A,N/A,IND_DIST_0389,26.4238,74.9229,GRID_080_033,26.5,74.75,19.18,0.2303,2
District,RAJASTHAN,JAIPUR,N/A,N/A,IND_DIST_0389,26.4238,74.9229,GRID_079_034,26.25,75.0,20.8,0.2125,3
District,RAJASTHAN,JAIPUR,N/A,N/A,IND_DIST_0389,26.4238,74.9229,GRID_079_033,26.25,74.75,25.89,0.1707,4
District,RAJASTHAN,JHALAWAR,N/A,N/A,IND_DIST_0390,26.4988,73.5279,GRID_080_028,26.5,73.5,2.78,0.754,1
District,RAJASTHAN,JHALAWAR,N/A,N/A,IND_DIST_0390,26.4988,73.5279,GRID_080_029,26.5,73.75,22.1,0.0948,2
District,RAJASTHAN,JHALAWAR,N/A,N/A,IND_DIST_0390,26.4988,73.5279,GRID_080_027,26.5,73.25,27.65,0.0758,3
District,RAJASTHAN,JHALAWAR,N/A,N/A,IND_DIST_0390,26.4988,73.5279,GRID_079_028,26.25,73.5,27.8,0.0754,4
District,RAJASTHAN,JHUNJHUNU,N/A,N/A,IND_DIST_0391,26.6188,73.6479,GRID_080_029,26.5,73.75,16.66,0.2789,1
District,RAJASTHAN,JHUNJHUNU,N/A,N/A,IND_DIST_0391,26.6188,73.6479,GRID_081_029,26.75,73.75,17.77,0.2616,2
District,RAJASTHAN,JHUNJHUNU,N/A,N/A,IND_DIST_0391,26.6188,73.6479,GRID_080_028,26.5,73.5,19.77,0.2351,3
District,RAJASTHAN,JHUNJHUNU,N/A,N/A,IND_DIST_0391,26.6188,73.6479,GRID_081_028,26.75,73.5,20.71,0.2244,4
District,RAJASTHAN,KOTA,N/A,N/A,IND_DIST_0392,26.4838,74.3379,GRID_080_031,26.5,74.25,8.93,0.4613,1
District,RAJASTHAN,KOTA,N/A,N/A,IND_DIST_0392,26.4838,74.3379,GRID_080_032,26.5,74.5,16.23,0.2538,2
District,RAJASTHAN,KOTA,N/A,N/A,IND_DIST_0392,26.4838,74.3379,GRID_079_031,26.25,74.25,27.43,0.1502,3
District,RAJASTHAN,KOTA,N/A,N/A,IND_DIST_0392,26.4838,74.3379,GRID_079_032,26.25,74.5,30.61,0.1346,4
District,RAJASTHAN,SAWAI MADHOPUR,N/A,N/A,IND_DIST_0393,27.3388,74.5629,GRID_083_032,27.25,74.5,11.67,0.3809,1
District,RAJASTHAN,SAWAI MADHOPUR,N/A,N/A,IND_DIST_0393,27.3388,74.5629,GRID_084_032,27.5,74.5,18.97,0.2343,2
District,RAJASTHAN,SAWAI MADHOPUR,N/A,N/A,IND_DIST_0393,27.3388,74.5629,GRID_083_033,27.25,74.75,20.96,0.2121,3
District,RAJASTHAN,SAWAI MADHOPUR,N/A,N/A,IND_DIST_0393,27.3388,74.5629,GRID_084_033,27.5,74.75,25.74,0.1727,4
District,RAJASTHAN,SIKAR,N/A,N/A,IND_DIST_0394,27.3088,73.4829,GRID_083_028,27.25,73.5,6.75,0.5414,1
District,RAJASTHAN,SIKAR,N/A,N/A,IND_DIST_0394,27.3088,73.4829,GRID_084_028,27.5,73.5,21.33,0.1714,2
District,RAJASTHAN,SIKAR,N/A,N/A,IND_DIST_0394,27.3088,73.4829,GRID_083_027,27.25,73.25,23.93,0.1528,3
District,RAJASTHAN,SIKAR,N/A,N/A,IND_DIST_0394,27.3088,73.4829,GRID_083_029,27.25,73.75,27.19,0.1344,4
District,RAJASTHAN,SIROHI,N/A,N/A,IND_DIST_0395,27.1588,74.6829,GRID_083_033,27.25,74.75,12.12,0.3696,1
District,RAJASTHAN,SIROHI,N/A,N/A,IND_DIST_0395,27.1588,74.6829,GRID_082_033,27.0,74.75,18.87,0.2374,2
District,RAJASTHAN,SIROHI,N/A,N/A,IND_DIST_0395,27.1588,74.6829,GRID_083_032,27.25,74.5,20.74,0.216,3
District,RAJASTHAN,SIROHI,N/A,N/A,IND_DIST_0395,27.1588,74.6829,GRID_082_032,27.0,74.5,25.29,0.1771,4
District,RAJASTHAN,TONK,N/A,N/A,IND_DIST_0396,27.5788,73.6029,GRID_084_028,27.5,73.5,13.41,0.3363,1
District,RAJASTHAN,TONK,N/A,N/A,IND_DIST_0396,27.5788,73.6029,GRID_084_029,27.5,73.75,16.94,0.2661,2
District,RAJASTHAN,TONK,N/A,N/A,IND_DIST_0396,27.5788,73.6029,GRID_085_028,27.75,73.5,21.57,0.2091,3
District,RAJASTHAN,TONK,N/A,N/A,IND_DIST_0396,27.5788,73.6029,GRID_085_029,27.75,73.75,23.92,0.1885,4
District,RAJASTHAN,UDAIPUR,N/A,N/A,IND_DIST_0397,26.6038,74.8779,GRID_080_034,26.5,75.0,16.75,0.2768,1
District,RAJASTHAN,UDAIPUR,N/A,N/A,IND_DIST_0397,26.6038,74.8779,GRID_080_033,26.5,74.75,17.18,0.2699,2
District,RAJASTHAN,UDAIPUR,N/A,N/A,IND_DIST_0397,26.6038,74.8779,GRID_081_034,26.75,75.0,20.28,0.2286,3
District,RAJASTHAN,UDAIPUR,N/A,N/A,IND_DIST_0397,26.6038,74.8779,GRID_081_033,26.75,74.75,20.63,0.2247,4
District,RAJASTHAN,DHOLPUR,N/A,N/A,IND_DIST_0398,27.5938,74.0379,GRID_084_030,27.5,74.0,11.08,0.3991,1
District,RAJASTHAN,DHOLPUR,N/A,N/A,IND_DIST_0398,27.5938,74.0379,GRID_085_030,27.75,74.0,17.77,0.2489,2
District,RAJASTHAN,DHOLPUR,N/A,N/A,IND_DIST_0398,27.5938,74.0379,GRID_084_031,27.5,74.25,23.37,0.1892,3
District,RAJASTHAN,DHOLPUR,N/A,N/A,IND_DIST_0398,27.5938,74.0379,GRID_085_031,27.75,74.25,27.16,0.1628,4
District,RAJASTHAN,BARAN,N/A,N/A,IND_DIST_0399,26.8588,74.5329,GRID_081_032,26.75,74.5,12.53,0.3625,1
District,RAJASTHAN,BARAN,N/A,N/A,IND_DIST_0399,26.8588,74.5329,GRID_082_032,27.0,74.5,16.04,0.2832,2
District,RAJASTHAN,BARAN,N/A,N/A,IND_DIST_0399,26.8588,74.5329,GRID_081_033,26.75,74.75,24.71,0.1838,3
District,RAJASTHAN,BARAN,N/A,N/A,IND_DIST_0399,26.8588,74.5329,GRID_082_033,27.0,74.75,26.64,0.1705,4
District,RAJASTHAN,DAUSA,N/A,N/A,IND_DIST_0400,26.3338,74.4579,GRID_079_032,26.25,74.5,10.22,0.4242,1
District,RAJASTHAN,DAUSA,N/A,N/A,IND_DIST_0400,26.3338,74.4579,GRID_080_032,26.5,74.5,18.95,0.2288,2
District,RAJASTHAN,DAUSA,N/A,N/A,IND_DIST_0400,26.3338,74.4579,GRID_079_031,26.25,74.25,22.72,0.1908,3
District,RAJASTHAN,DAUSA,N/A,N/A,IND_DIST_0400,26.3338,74.4579,GRID_080_031,26.5,74.25,27.75,0.1562,4
District,RAJASTHAN,RAJSAMAND,N/A,N/A,IND_DIST_0401,26.6788,74.3079,GRID_081_031,26.75,74.25,9.79,0.4345,1
District,RAJASTHAN,RAJSAMAND,N/A,N/A,IND_DIST_0401,26.6788,74.3079,GRID_081_032,26.75,74.5,20.66,0.2058,2
District,RAJASTHAN,RAJSAMAND,N/A,N/A,IND_DIST_0401,26.6788,74.3079,GRID_080_031,26.5,74.25,20.7,0.2054,3
District,RAJASTHAN,RAJSAMAND,N/A,N/A,IND_DIST_0401,26.6788,74.3079,GRID_080_032,26.5,74.5,27.57,0.1542,4
District,RAJASTHAN,KARAULI,N/A,N/A,IND_DIST_0402,27.7138,74.2029,GRID_085_031,27.75,74.25,6.14,0.5673,1
District,RAJASTHAN,KARAULI,N/A,N/A,IND_DIST_0402,27.7138,74.2029,GRID_085_030,27.75,74.0,20.37,0.171,2
District,RAJASTHAN,KARAULI,N/A,N/A,IND_DIST_0402,27.7138,74.2029,GRID_084_031,27.5,74.25,24.22,0.1438,3
District,RAJASTHAN,KARAULI,N/A,N/A,IND_DIST_0402,27.7138,74.2029,GRID_085_032,27.75,74.5,29.52,0.118,4
District,RAJASTHAN,PRATAPGARH(CHT,N/A,N/A,IND_DIST_0403,27.2788,74.6829,GRID_083_033,27.25,74.75,7.36,0.5177,1
District,RAJASTHAN,PRATAPGARH(CHT,N/A,N/A,IND_DIST_0403,27.2788,74.6829,GRID_083_032,27.25,74.5,18.36,0.2077,2
District,RAJASTHAN,PRATAPGARH(CHT,N/A,N/A,IND_DIST_0403,27.2788,74.6829,GRID_084_033,27.5,74.75,25.47,0.1497,3
District,RAJASTHAN,PRATAPGARH(CHT,N/A,N/A,IND_DIST_0403,27.2788,74.6829,GRID_084_032,27.5,74.5,30.51,0.125,4
District,MADHYA PRADESH,BETUL,N/A,N/A,IND_DIST_0404,22.6434,78.7469,GRID_065_049,22.75,78.75,11.86,0.3872,1
District,MADHYA PRADESH,BETUL,N/A,N/A,IND_DIST_0404,22.6434,78.7469,GRID_064_049,22.5,78.75,15.95,0.2878,2
District,MADHYA PRADESH,BETUL,N/A,N/A,IND_DIST_0404,22.6434,78.7469,GRID_065_048,22.75,78.5,27.96,0.1642,3
District,MADHYA PRADESH,BETUL,N/A,N/A,IND_DIST_0404,22.6434,78.7469,GRID_065_050,22.75,79.0,28.54,0.1608,4
District,MADHYA PRADESH,VIDISHA,N/A,N/A,IND_DIST_0405,22.9434,77.9069,GRID_066_046,23.0,78.0,11.42,0.3887,1
District,MADHYA PRADESH,VIDISHA,N/A,N/A,IND_DIST_0405,22.9434,77.9069,GRID_066_045,23.0,77.75,17.25,0.2573,2
District,MADHYA PRADESH,VIDISHA,N/A,N/A,IND_DIST_0405,22.9434,77.9069,GRID_065_046,22.75,78.0,23.53,0.1887,3
District,MADHYA PRADESH,VIDISHA,N/A,N/A,IND_DIST_0405,22.9434,77.9069,GRID_065_045,22.75,77.75,26.85,0.1653,4
District,MADHYA PRADESH,BHIND,N/A,N/A,IND_DIST_0406,23.1984,78.5219,GRID_067_048,23.25,78.5,6.16,0.571,1
District,MADHYA PRADESH,BHIND,N/A,N/A,IND_DIST_0406,23.1984,78.5219,GRID_066_048,23.0,78.5,22.17,0.1586,2
District,MADHYA PRADESH,BHIND,N/A,N/A,IND_DIST_0406,23.1984,78.5219,GRID_067_049,23.25,78.75,24.0,0.1465,3
District,MADHYA PRADESH,BHIND,N/A,N/A,IND_DIST_0406,23.1984,78.5219,GRID_067_047,23.25,78.25,28.37,0.1239,4
District,MADHYA PRADESH,DATIA,N/A,N/A,IND_DIST_0407,23.1834,78.2519,GRID_067_047,23.25,78.25,7.41,0.5208,1
District,MADHYA PRADESH,DATIA,N/A,N/A,IND_DIST_0407,23.1834,78.2519,GRID_066_047,23.0,78.25,20.39,0.1892,2
District,MADHYA PRADESH,DATIA,N/A,N/A,IND_DIST_0407,23.1834,78.2519,GRID_067_048,23.25,78.5,26.41,0.1461,3
District,MADHYA PRADESH,DATIA,N/A,N/A,IND_DIST_0407,23.1834,78.2519,GRID_067_046,23.25,78.0,26.79,0.144,4
District,MADHYA PRADESH,DEWAS,N/A,N/A,IND_DIST_0408,23.1984,77.9819,GRID_067_046,23.25,78.0,6.03,0.5764,1
District,MADHYA PRADESH,DEWAS,N/A,N/A,IND_DIST_0408,23.1984,77.9819,GRID_066_046,23.0,78.0,22.14,0.157,2
District,MADHYA PRADESH,DEWAS,N/A,N/A,IND_DIST_0408,23.1984,77.9819,GRID_067_045,23.25,77.75,24.38,0.1425,3
District,MADHYA PRADESH,DEWAS,N/A,N/A,IND_DIST_0408,23.1984,77.9819,GRID_067_047,23.25,78.25,27.99,0.1241,4
District,MADHYA PRADESH,DHAR,N/A,N/A,IND_DIST_0409,23.3034,79.3019,GRID_067_051,23.25,79.25,7.96,0.5003,1
District,MADHYA PRADESH,DHAR,N/A,N/A,IND_DIST_0409,23.3034,79.3019,GRID_067_052,23.25,79.5,21.09,0.1889,2
District,MADHYA PRADESH,DHAR,N/A,N/A,IND_DIST_0409,23.3034,79.3019,GRID_068_051,23.5,79.25,22.49,0.1771,3
District,MADHYA PRADESH,DHAR,N/A,N/A,IND_DIST_0409,23.3034,79.3019,GRID_068_052,23.5,79.5,29.78,0.1338,4
District,MADHYA PRADESH,GUNA,N/A,N/A,IND_DIST_0410,22.3584,78.2819,GRID_063_047,22.25,78.25,12.49,0.3672,1
District,MADHYA PRADESH,GUNA,N/A,N/A,IND_DIST_0410,22.3584,78.2819,GRID_064_047,22.5,78.25,16.08,0.2852,2
District,MADHYA PRADESH,GUNA,N/A,N/A,IND_DIST_0410,22.3584,78.2819,GRID_063_048,22.25,78.5,25.47,0.1801,3
District,MADHYA PRADESH,GUNA,N/A,N/A,IND_DIST_0410,22.3584,78.2819,GRID_064_048,22.5,78.5,27.39,0.1675,4
District,MADHYA PRADESH,GWALIOR,N/A,N/A,IND_DIST_0411,23.3934,78.5369,GRID_068_048,23.5,78.5,12.44,0.3673,1
District,MADHYA PRADESH,GWALIOR,N/A,N/A,IND_DIST_0411,23.3934,78.5369,GRID_067_048,23.25,78.5,16.38,0.2788,2
District,MADHYA PRADESH,GWALIOR,N/A,N/A,IND_DIST_0411,23.3934,78.5369,GRID_068_049,23.5,78.75,24.76,0.1845,3
District,MADHYA PRADESH,GWALIOR,N/A,N/A,IND_DIST_0411,23.3934,78.5369,GRID_067_049,23.25,78.75,26.98,0.1693,4
District,MADHYA PRADESH,HOSHANGABAD,N/A,N/A,IND_DIST_0412,23.6484,78.2969,GRID_069_047,23.75,78.25,12.27,0.3707,1
District,MADHYA PRADESH,HOSHANGABAD,N/A,N/A,IND_DIST_0412,23.6484,78.2969,GRID_068_047,23.5,78.25,17.18,0.2646,2
District,MADHYA PRADESH,HOSHANGABAD,N/A,N/A,IND_DIST_0412,23.6484,78.2969,GRID_069_048,23.75,78.5,23.56,0.1929,3
District,MADHYA PRADESH,HOSHANGABAD,N/A,N/A,IND_DIST_0412,23.6484,78.2969,GRID_068_048,23.5,78.5,26.47,0.1717,4
District,MADHYA PRADESH,INDORE,N/A,N/A,IND_DIST_0413,22.3434,78.5069,GRID_063_048,22.25,78.5,10.41,0.4258,1
District,MADHYA PRADESH,INDORE,N/A,N/A,IND_DIST_0413,22.3434,78.5069,GRID_064_048,22.5,78.5,17.43,0.2544,2
District,MADHYA PRADESH,INDORE,N/A,N/A,IND_DIST_0413,22.3434,78.5069,GRID_063_049,22.25,78.75,27.08,0.1637,3
District,MADHYA PRADESH,INDORE,N/A,N/A,IND_DIST_0413,22.3434,78.5069,GRID_063_047,22.25,78.25,28.4,0.1561,4
District,MADHYA PRADESH,JHABUA,N/A,N/A,IND_DIST_0414,22.5084,78.1319,GRID_064_047,22.5,78.25,12.17,0.3686,1
District,MADHYA PRADESH,JHABUA,N/A,N/A,IND_DIST_0414,22.5084,78.1319,GRID_064_046,22.5,78.0,13.58,0.3302,2
District,MADHYA PRADESH,JHABUA,N/A,N/A,IND_DIST_0414,22.5084,78.1319,GRID_065_047,22.75,78.25,29.47,0.1522,3
District,MADHYA PRADESH,JHABUA,N/A,N/A,IND_DIST_0414,22.5084,78.1319,GRID_065_046,22.75,78.0,30.08,0.1491,4
District,MADHYA PRADESH,MANDSAUR,N/A,N/A,IND_DIST_0415,22.8684,78.9269,GRID_065_050,22.75,79.0,15.15,0.3079,1
District,MADHYA PRADESH,MANDSAUR,N/A,N/A,IND_DIST_0415,22.8684,78.9269,GRID_066_050,23.0,79.0,16.44,0.2837,2
District,MADHYA PRADESH,MANDSAUR,N/A,N/A,IND_DIST_0415,22.8684,78.9269,GRID_065_049,22.75,78.75,22.41,0.2081,3
District,MADHYA PRADESH,MANDSAUR,N/A,N/A,IND_DIST_0415,22.8684,78.9269,GRID_066_049,23.0,78.75,23.29,0.2003,4
District,MADHYA PRADESH,MORENA,N/A,N/A,IND_DIST_0416,22.9584,78.2669,GRID_066_047,23.0,78.25,4.94,0.6274,1
District,MADHYA PRADESH,MORENA,N/A,N/A,IND_DIST_0416,22.9584,78.2669,GRID_065_047,22.75,78.25,23.24,0.1333,2
District,MADHYA PRADESH,MORENA,N/A,N/A,IND_DIST_0416,22.9584,78.2669,GRID_066_048,23.0,78.5,24.31,0.1275,3
District,MADHYA PRADESH,MORENA,N/A,N/A,IND_DIST_0416,22.9584,78.2669,GRID_066_046,23.0,78.0,27.71,0.1118,4
District,MADHYA PRADESH,KHANDWA,N/A,N/A,IND_DIST_0417,23.3184,78.6419,GRID_067_049,23.25,78.75,13.41,0.34,1
District,MADHYA PRADESH,KHANDWA,N/A,N/A,IND_DIST_0417,23.3184,78.6419,GRID_067_048,23.25,78.5,16.37,0.2785,2
District,MADHYA PRADESH,KHANDWA,N/A,N/A,IND_DIST_0417,23.3184,78.6419,GRID_068_049,23.5,78.75,23.01,0.1981,3
District,MADHYA PRADESH,KHANDWA,N/A,N/A,IND_DIST_0417,23.3184,78.6419,GRID_068_048,23.5,78.5,24.85,0.1834,4
District,MADHYA PRADESH,KHARGONE,N/A,N/A,IND_DIST_0418,23.2734,77.9969,GRID_067_046,23.25,78.0,2.62,0.7644,1
District,MADHYA PRADESH,KHARGONE,N/A,N/A,IND_DIST_0418,23.2734,77.9969,GRID_068_046,23.5,78.0,25.2,0.0795,2
District,MADHYA PRADESH,KHARGONE,N/A,N/A,IND_DIST_0418,23.2734,77.9969,GRID_067_045,23.25,77.75,25.36,0.079,3
District,MADHYA PRADESH,KHARGONE,N/A,N/A,IND_DIST_0418,23.2734,77.9969,GRID_067_047,23.25,78.25,25.99,0.0771,4
District,MADHYA PRADESH,RAISEN,N/A,N/A,IND_DIST_0419,22.5084,78.9869,GRID_064_050,22.5,79.0,1.64,0.8412,1
District,MADHYA PRADESH,RAISEN,N/A,N/A,IND_DIST_0419,22.5084,78.9869,GRID_064_049,22.5,78.75,24.35,0.0566,2
District,MADHYA PRADESH,RAISEN,N/A,N/A,IND_DIST_0419,22.5084,78.9869,GRID_065_050,22.75,79.0,26.9,0.0512,3
District,MADHYA PRADESH,RAISEN,N/A,N/A,IND_DIST_0419,22.5084,78.9869,GRID_064_051,22.5,79.25,27.04,0.051,4
District,MADHYA PRADESH,RAJGARH,N/A,N/A,IND_DIST_0420,23.6034,78.7469,GRID_068_049,23.5,78.75,11.5,0.3955,1
District,MADHYA PRADESH,RAJGARH,N/A,N/A,IND_DIST_0420,23.6034,78.7469,GRID_069_049,23.75,78.75,16.3,0.279,2
District,MADHYA PRADESH,RAJGARH,N/A,N/A,IND_DIST_0420,23.6034,78.7469,GRID_068_048,23.5,78.5,27.67,0.1644,3
District,MADHYA PRADESH,RAJGARH,N/A,N/A,IND_DIST_0420,23.6034,78.7469,GRID_068_050,23.5,79.0,28.25,0.1611,4
District,MADHYA PRADESH,RATLAM,N/A,N/A,IND_DIST_0421,23.1534,78.6269,GRID_067_049,23.25,78.75,16.54,0.2829,1
District,MADHYA PRADESH,RATLAM,N/A,N/A,IND_DIST_0421,23.1534,78.6269,GRID_067_048,23.25,78.5,16.84,0.2779,2
District,MADHYA PRADESH,RATLAM,N/A,N/A,IND_DIST_0421,23.1534,78.6269,GRID_066_049,23.0,78.75,21.2,0.2208,3
District,MADHYA PRADESH,RATLAM,N/A,N/A,IND_DIST_0421,23.1534,78.6269,GRID_066_048,23.0,78.5,21.44,0.2184,4
District,MADHYA PRADESH,SEHORE,N/A,N/A,IND_DIST_0422,23.4834,78.5369,GRID_068_048,23.5,78.5,4.19,0.6689,1
District,MADHYA PRADESH,SEHORE,N/A,N/A,IND_DIST_0422,23.4834,78.5369,GRID_068_049,23.5,78.75,21.81,0.1285,2
District,MADHYA PRADESH,SEHORE,N/A,N/A,IND_DIST_0422,23.4834,78.5369,GRID_067_048,23.25,78.5,26.22,0.1069,3
District,MADHYA PRADESH,SEHORE,N/A,N/A,IND_DIST_0422,23.4834,78.5369,GRID_068_047,23.5,78.25,29.32,0.0956,4
District,MADHYA PRADESH,SHAJAPUR,N/A,N/A,IND_DIST_0423,22.7334,78.5819,GRID_065_048,22.75,78.5,8.6,0.4784,1
District,MADHYA PRADESH,SHAJAPUR,N/A,N/A,IND_DIST_0423,22.7334,78.5819,GRID_065_049,22.75,78.75,17.34,0.2373,2
District,MADHYA PRADESH,SHAJAPUR,N/A,N/A,IND_DIST_0423,22.7334,78.5819,GRID_064_048,22.5,78.5,27.28,0.1508,3
District,MADHYA PRADESH,SHAJAPUR,N/A,N/A,IND_DIST_0423,22.7334,78.5819,GRID_066_048,23.0,78.5,30.81,0.1335,4
District,MADHYA PRADESH,SHIVPURI,N/A,N/A,IND_DIST_0424,22.2234,78.3119,GRID_063_047,22.25,78.25,7.02,0.5387,1
District,MADHYA PRADESH,SHIVPURI,N/A,N/A,IND_DIST_0424,22.2234,78.3119,GRID_063_048,22.25,78.5,19.58,0.1932,2
District,MADHYA PRADESH,SHIVPURI,N/A,N/A,IND_DIST_0424,22.2234,78.3119,GRID_062_047,22.0,78.25,25.65,0.1476,3
District,MADHYA PRADESH,SHIVPURI,N/A,N/A,IND_DIST_0424,22.2234,78.3119,GRID_064_047,22.5,78.25,31.41,0.1205,4
District,MADHYA PRADESH,UJJAIN,N/A,N/A,IND_DIST_0425,22.2534,78.6419,GRID_063_049,22.25,78.75,11.13,0.3991,1
District,MADHYA PRADESH,UJJAIN,N/A,N/A,IND_DIST_0425,22.2534,78.6419,GRID_063_048,22.25,78.5,14.61,0.3041,2
District,MADHYA PRADESH,UJJAIN,N/A,N/A,IND_DIST_0425,22.2534,78.6419,GRID_064_049,22.5,78.75,29.59,0.1501,3
District,MADHYA PRADESH,UJJAIN,N/A,N/A,IND_DIST_0425,22.2534,78.6419,GRID_062_049,22.0,78.75,30.3,0.1466,4
District,MADHYA PRADESH,BHOPAL,N/A,N/A,IND_DIST_0426,22.3884,78.8219,GRID_064_049,22.5,78.75,14.44,0.3223,1
District,MADHYA PRADESH,BHOPAL,N/A,N/A,IND_DIST_0426,22.3884,78.8219,GRID_063_049,22.25,78.75,17.07,0.2726,2
District,MADHYA PRADESH,BHOPAL,N/A,N/A,IND_DIST_0426,22.3884,78.8219,GRID_064_050,22.5,79.0,22.11,0.2105,3
District,MADHYA PRADESH,BHOPAL,N/A,N/A,IND_DIST_0426,22.3884,78.8219,GRID_063_050,22.25,79.0,23.93,0.1946,4
District,MADHYA PRADESH,HARDA,N/A,N/A,IND_DIST_0427,22.6134,78.4169,GRID_064_048,22.5,78.5,15.23,0.3072,1
District,MADHYA PRADESH,HARDA,N/A,N/A,IND_DIST_0427,22.6134,78.4169,GRID_065_048,22.75,78.5,17.42,0.2686,2
District,MADHYA PRADESH,HARDA,N/A,N/A,IND_DIST_0427,22.6134,78.4169,GRID_064_047,22.5,78.25,21.28,0.2198,3
District,MADHYA PRADESH,HARDA,N/A,N/A,IND_DIST_0427,22.6134,78.4169,GRID_065_047,22.75,78.25,22.89,0.2044,4
District,MADHYA PRADESH,NEEMUCH,N/A,N/A,IND_DIST_0428,22.7034,79.3769,GRID_065_052,22.75,79.5,13.65,0.3307,1
District,MADHYA PRADESH,NEEMUCH,N/A,N/A,IND_DIST_0428,22.7034,79.3769,GRID_065_051,22.75,79.25,14.01,0.3222,2
District,MADHYA PRADESH,NEEMUCH,N/A,N/A,IND_DIST_0428,22.7034,79.3769,GRID_064_052,22.5,79.5,25.91,0.1742,3
District,MADHYA PRADESH,NEEMUCH,N/A,N/A,IND_DIST_0428,22.7034,79.3769,GRID_064_051,22.5,79.25,26.1,0.1729,4
District,MADHYA PRADESH,SHEOPUR,N/A,N/A,IND_DIST_0429,23.3334,79.3919,GRID_067_052,23.25,79.5,14.42,0.3205,1
District,MADHYA PRADESH,SHEOPUR,N/A,N/A,IND_DIST_0429,23.3334,79.3919,GRID_067_051,23.25,79.25,17.21,0.2686,2
District,MADHYA PRADESH,SHEOPUR,N/A,N/A,IND_DIST_0429,23.3334,79.3919,GRID_068_052,23.5,79.5,21.56,0.2143,3
District,MADHYA PRADESH,SHEOPUR,N/A,N/A,IND_DIST_0429,23.3334,79.3919,GRID_068_051,23.5,79.25,23.51,0.1966,4
District,MADHYA PRADESH,BARWANI,N/A,N/A,IND_DIST_0430,22.9434,78.1769,GRID_066_047,23.0,78.25,9.78,0.4372,1
District,MADHYA PRADESH,BARWANI,N/A,N/A,IND_DIST_0430,22.9434,78.1769,GRID_066_046,23.0,78.0,19.17,0.223,2
District,MADHYA PRADESH,BARWANI,N/A,N/A,IND_DIST_0430,22.9434,78.1769,GRID_065_047,22.75,78.25,22.77,0.1877,3
District,MADHYA PRADESH,BARWANI,N/A,N/A,IND_DIST_0430,22.9434,78.1769,GRID_065_046,22.75,78.0,28.13,0.152,4
District,MADHYA PRADESH,ASHOKNAGAR(GNA,N/A,N/A,IND_DIST_0431,23.6184,79.1369,GRID_068_051,23.5,79.25,17.5,0.269,1
District,MADHYA PRADESH,ASHOKNAGAR(GNA,N/A,N/A,IND_DIST_0431,23.6184,79.1369,GRID_069_051,23.75,79.25,18.62,0.2528,2
District,MADHYA PRADESH,ASHOKNAGAR(GNA,N/A,N/A,IND_DIST_0431,23.6184,79.1369,GRID_068_050,23.5,79.0,19.18,0.2454,3
District,MADHYA PRADESH,ASHOKNAGAR(GNA,N/A,N/A,IND_DIST_0431,23.6184,79.1369,GRID_069_050,23.75,79.0,20.21,0.2329,4
District,MADHYA PRADESH,BURHANPUR,N/A,N/A,IND_DIST_0432,23.2434,78.5969,GRID_067_048,23.25,78.5,9.93,0.4334,1
District,MADHYA PRADESH,BURHANPUR,N/A,N/A,IND_DIST_0432,23.2434,78.5969,GRID_067_049,23.25,78.75,15.66,0.2748,2
District,MADHYA PRADESH,BURHANPUR,N/A,N/A,IND_DIST_0432,23.2434,78.5969,GRID_066_048,23.0,78.5,28.82,0.1493,3
District,MADHYA PRADESH,BURHANPUR,N/A,N/A,IND_DIST_0432,23.2434,78.5969,GRID_068_048,23.5,78.5,30.2,0.1425,4
District,MADHYA PRADESH,ALIRAJPUR(JBA),N/A,N/A,IND_DIST_0433,22.7784,78.6119,GRID_065_048,22.75,78.5,11.9,0.3736,1
District,MADHYA PRADESH,ALIRAJPUR(JBA),N/A,N/A,IND_DIST_0433,22.7784,78.6119,GRID_065_049,22.75,78.75,14.51,0.3064,2
District,MADHYA PRADESH,ALIRAJPUR(JBA),N/A,N/A,IND_DIST_0433,22.7784,78.6119,GRID_066_048,23.0,78.5,27.18,0.1636,3
District,MADHYA PRADESH,ALIRAJPUR(JBA),N/A,N/A,IND_DIST_0433,22.7784,78.6119,GRID_066_049,23.0,78.75,28.41,0.1565,4
District,MADHYA PRADESH,BALAGHAT,N/A,N/A,IND_DIST_0434,22.8084,78.9569,GRID_065_050,22.75,79.0,7.85,0.506,1
District,MADHYA PRADESH,BALAGHAT,N/A,N/A,IND_DIST_0434,22.8084,78.9569,GRID_066_050,23.0,79.0,21.76,0.1827,2
District,MADHYA PRADESH,BALAGHAT,N/A,N/A,IND_DIST_0434,22.8084,78.9569,GRID_065_049,22.75,78.75,22.18,0.1791,3
District,MADHYA PRADESH,BALAGHAT,N/A,N/A,IND_DIST_0434,22.8084,78.9569,GRID_066_049,23.0,78.75,30.05,0.1322,4
District,MADHYA PRADESH,CHHATARPUR,N/A,N/A,IND_DIST_0435,23.2434,78.7919,GRID_067_049,23.25,78.75,4.34,0.6608,1
District,MADHYA PRADESH,CHHATARPUR,N/A,N/A,IND_DIST_0435,23.2434,78.7919,GRID_067_050,23.25,79.0,21.27,0.1349,2
District,MADHYA PRADESH,CHHATARPUR,N/A,N/A,IND_DIST_0435,23.2434,78.7919,GRID_066_049,23.0,78.75,27.4,0.1047,3
District,MADHYA PRADESH,CHHATARPUR,N/A,N/A,IND_DIST_0435,23.2434,78.7919,GRID_068_049,23.5,78.75,28.85,0.0995,4
District,MADHYA PRADESH,CHHINDWARA,N/A,N/A,IND_DIST_0436,23.2134,78.2369,GRID_067_047,23.25,78.25,4.28,0.6612,1
District,MADHYA PRADESH,CHHINDWARA,N/A,N/A,IND_DIST_0436,23.2134,78.2369,GRID_066_047,23.0,78.25,23.77,0.1192,2
District,MADHYA PRADESH,CHHINDWARA,N/A,N/A,IND_DIST_0436,23.2134,78.2369,GRID_067_046,23.25,78.0,24.55,0.1154,3
District,MADHYA PRADESH,CHHINDWARA,N/A,N/A,IND_DIST_0436,23.2134,78.2369,GRID_067_048,23.25,78.5,27.19,0.1042,4
District,MADHYA PRADESH,JABALPUR,N/A,N/A,IND_DIST_0437,23.4084,78.1319,GRID_068_047,23.5,78.25,15.78,0.2954,1
District,MADHYA PRADESH,JABALPUR,N/A,N/A,IND_DIST_0437,23.4084,78.1319,GRID_068_046,23.5,78.0,16.88,0.2761,2
District,MADHYA PRADESH,JABALPUR,N/A,N/A,IND_DIST_0437,23.4084,78.1319,GRID_067_047,23.25,78.25,21.35,0.2183,3
District,MADHYA PRADESH,JABALPUR,N/A,N/A,IND_DIST_0437,23.4084,78.1319,GRID_067_046,23.25,78.0,22.17,0.2102,4
District,MADHYA PRADESH,MANDLA,N/A,N/A,IND_DIST_0438,23.2734,78.9569,GRID_067_050,23.25,79.0,5.11,0.621,1
District,MADHYA PRADESH,MANDLA,N/A,N/A,IND_DIST_0438,23.2734,78.9569,GRID_067_049,23.25,78.75,21.3,0.1491,2
District,MADHYA PRADESH,MANDLA,N/A,N/A,IND_DIST_0438,23.2734,78.9569,GRID_068_050,23.5,79.0,25.58,0.1242,3
District,MADHYA PRADESH,MANDLA,N/A,N/A,IND_DIST_0438,23.2734,78.9569,GRID_067_051,23.25,79.25,30.05,0.1057,4
District,MADHYA PRADESH,NARSINGHPUR,N/A,N/A,IND_DIST_0439,22.2984,78.8369,GRID_063_049,22.25,78.75,10.44,0.4171,1
District,MADHYA PRADESH,NARSINGHPUR,N/A,N/A,IND_DIST_0439,22.2984,78.8369,GRID_063_050,22.25,79.0,17.62,0.247,2
District,MADHYA PRADESH,NARSINGHPUR,N/A,N/A,IND_DIST_0439,22.2984,78.8369,GRID_064_049,22.5,78.75,24.13,0.1804,3
District,MADHYA PRADESH,NARSINGHPUR,N/A,N/A,IND_DIST_0439,22.2984,78.8369,GRID_064_050,22.5,79.0,27.99,0.1555,4
District,MADHYA PRADESH,PANNA,N/A,N/A,IND_DIST_0440,23.3634,78.3719,GRID_067_047,23.25,78.25,17.72,0.2658,1
District,MADHYA PRADESH,PANNA,N/A,N/A,IND_DIST_0440,23.3634,78.3719,GRID_067_048,23.25,78.5,18.17,0.2592,2
District,MADHYA PRADESH,PANNA,N/A,N/A,IND_DIST_0440,23.3634,78.3719,GRID_068_047,23.5,78.25,19.63,0.2399,3
District,MADHYA PRADESH,PANNA,N/A,N/A,IND_DIST_0440,23.3634,78.3719,GRID_068_048,23.5,78.5,20.04,0.235,4
District,MADHYA PRADESH,REWA,N/A,N/A,IND_DIST_0441,22.7634,79.2719,GRID_065_051,22.75,79.25,2.69,0.7613,1
District,MADHYA PRADESH,REWA,N/A,N/A,IND_DIST_0441,22.7634,79.2719,GRID_065_052,22.75,79.5,23.44,0.0875,2
District,MADHYA PRADESH,REWA,N/A,N/A,IND_DIST_0441,22.7634,79.2719,GRID_066_051,23.0,79.25,26.4,0.0777,3
District,MADHYA PRADESH,REWA,N/A,N/A,IND_DIST_0441,22.7634,79.2719,GRID_065_050,22.75,79.0,27.92,0.0735,4
District,MADHYA PRADESH,SAGAR,N/A,N/A,IND_DIST_0442,22.8684,78.9869,GRID_065_050,22.75,79.0,13.23,0.3513,1
District,MADHYA PRADESH,SAGAR,N/A,N/A,IND_DIST_0442,22.8684,78.9869,GRID_066_050,23.0,79.0,14.69,0.3164,2
District,MADHYA PRADESH,SAGAR,N/A,N/A,IND_DIST_0442,22.8684,78.9869,GRID_065_049,22.75,78.75,27.62,0.1683,3
District,MADHYA PRADESH,SAGAR,N/A,N/A,IND_DIST_0442,22.8684,78.9869,GRID_066_049,23.0,78.75,28.33,0.1641,4
District,MADHYA PRADESH,SATNA,N/A,N/A,IND_DIST_0443,22.6434,78.0869,GRID_065_046,22.75,78.0,14.83,0.3148,1
District,MADHYA PRADESH,SATNA,N/A,N/A,IND_DIST_0443,22.6434,78.0869,GRID_064_046,22.5,78.0,18.27,0.2555,2
District,MADHYA PRADESH,SATNA,N/A,N/A,IND_DIST_0443,22.6434,78.0869,GRID_065_047,22.75,78.25,20.5,0.2277,3
District,MADHYA PRADESH,SATNA,N/A,N/A,IND_DIST_0443,22.6434,78.0869,GRID_064_047,22.5,78.25,23.12,0.2019,4
District,MADHYA PRADESH,SEONI,N/A,N/A,IND_DIST_0444,23.5434,78.8219,GRID_068_049,23.5,78.75,8.78,0.4693,1
District,MADHYA PRADESH,SEONI,N/A,N/A,IND_DIST_0444,23.5434,78.8219,GRID_068_050,23.5,79.0,18.79,0.2192,2
District,MADHYA PRADESH,SEONI,N/A,N/A,IND_DIST_0444,23.5434,78.8219,GRID_069_049,23.75,78.75,24.11,0.1708,3
District,MADHYA PRADESH,SEONI,N/A,N/A,IND_DIST_0444,23.5434,78.8219,GRID_069_050,23.75,79.0,29.27,0.1407,4
District,MADHYA PRADESH,SHAHDOL,N/A,N/A,IND_DIST_0445,22.3584,77.9969,GRID_063_046,22.25,78.0,12.06,0.3824,1
District,MADHYA PRADESH,SHAHDOL,N/A,N/A,IND_DIST_0445,22.3584,77.9969,GRID_064_046,22.5,78.0,15.75,0.2928,2
District,MADHYA PRADESH,SHAHDOL,N/A,N/A,IND_DIST_0445,22.3584,77.9969,GRID_063_045,22.25,77.75,28.11,0.164,3
District,MADHYA PRADESH,SHAHDOL,N/A,N/A,IND_DIST_0445,22.3584,77.9969,GRID_063_047,22.25,78.25,28.69,0.1607,4
District,MADHYA PRADESH,SIDHI,N/A,N/A,IND_DIST_0446,22.8984,78.1469,GRID_066_047,23.0,78.25,15.46,0.3027,1
District,MADHYA PRADESH,SIDHI,N/A,N/A,IND_DIST_0446,22.8984,78.1469,GRID_066_046,23.0,78.0,18.81,0.2488,2
District,MADHYA PRADESH,SIDHI,N/A,N/A,IND_DIST_0446,22.8984,78.1469,GRID_065_047,22.75,78.25,19.59,0.2389,3
District,MADHYA PRADESH,SIDHI,N/A,N/A,IND_DIST_0446,22.8984,78.1469,GRID_065_046,22.75,78.0,22.34,0.2096,4
District,MADHYA PRADESH,TIKAMGARH,N/A,N/A,IND_DIST_0447,23.3484,78.1619,GRID_067_047,23.25,78.25,14.17,0.3272,1
District,MADHYA PRADESH,TIKAMGARH,N/A,N/A,IND_DIST_0447,23.3484,78.1619,GRID_068_047,23.5,78.25,19.1,0.2426,2
District,MADHYA PRADESH,TIKAMGARH,N/A,N/A,IND_DIST_0447,23.3484,78.1619,GRID_067_046,23.25,78.0,19.83,0.2338,3
District,MADHYA PRADESH,TIKAMGARH,N/A,N/A,IND_DIST_0447,23.3484,78.1619,GRID_068_046,23.5,78.0,23.6,0.1964,4
District,MADHYA PRADESH,KATNI,N/A,N/A,IND_DIST_0448,22.4784,78.4319,GRID_064_048,22.5,78.5,7.4,0.523,1
District,MADHYA PRADESH,KATNI,N/A,N/A,IND_DIST_0448,22.4784,78.4319,GRID_064_047,22.5,78.25,18.84,0.2053,2
District,MADHYA PRADESH,KATNI,N/A,N/A,IND_DIST_0448,22.4784,78.4319,GRID_063_048,22.25,78.5,26.34,0.1469,3
District,MADHYA PRADESH,KATNI,N/A,N/A,IND_DIST_0448,22.4784,78.4319,GRID_065_048,22.75,78.5,31.0,0.1248,4
District,MADHYA PRADESH,DINDORI,N/A,N/A,IND_DIST_0449,22.9134,78.4169,GRID_066_048,23.0,78.5,12.85,0.3558,1
District,MADHYA PRADESH,DINDORI,N/A,N/A,IND_DIST_0449,22.9134,78.4169,GRID_066_047,23.0,78.25,19.61,0.2331,2
District,MADHYA PRADESH,DINDORI,N/A,N/A,IND_DIST_0449,22.9134,78.4169,GRID_065_048,22.75,78.5,20.07,0.2279,3
District,MADHYA PRADESH,DINDORI,N/A,N/A,IND_DIST_0449,22.9134,78.4169,GRID_065_047,22.75,78.25,24.95,0.1832,4
District,MADHYA PRADESH,UMARIA,N/A,N/A,IND_DIST_0450,22.8384,79.0469,GRID_065_050,22.75,79.0,10.94,0.4062,1
District,MADHYA PRADESH,UMARIA,N/A,N/A,IND_DIST_0450,22.8384,79.0469,GRID_066_050,23.0,79.0,18.6,0.239,2
District,MADHYA PRADESH,UMARIA,N/A,N/A,IND_DIST_0450,22.8384,79.0469,GRID_065_051,22.75,79.25,23.02,0.1931,3
District,MADHYA PRADESH,UMARIA,N/A,N/A,IND_DIST_0450,22.8384,79.0469,GRID_066_051,23.0,79.25,27.49,0.1617,4
District,MADHYA PRADESH,DAMOH,N/A,N/A,IND_DIST_0451,22.2384,79.0469,GRID_063_050,22.25,79.0,5.0,0.6276,1
District,MADHYA PRADESH,DAMOH,N/A,N/A,IND_DIST_0451,22.2384,79.0469,GRID_063_051,22.25,79.25,20.94,0.1497,2
District,MADHYA PRADESH,DAMOH,N/A,N/A,IND_DIST_0451,22.2384,79.0469,GRID_062_050,22.0,79.0,26.95,0.1164,3
District,MADHYA PRADESH,DAMOH,N/A,N/A,IND_DIST_0451,22.2384,79.0469,GRID_064_050,22.5,79.0,29.49,0.1063,4
District,MADHYA PRADESH,ANUPPUR(SHAHD,N/A,N/A,IND_DIST_0452,22.7334,79.3769,GRID_065_052,22.75,79.5,12.76,0.3506,1
District,MADHYA PRADESH,ANUPPUR(SHAHD,N/A,N/A,IND_DIST_0452,22.7334,79.3769,GRID_065_051,22.75,79.25,13.14,0.3403,2
District,MADHYA PRADESH,ANUPPUR(SHAHD,N/A,N/A,IND_DIST_0452,22.7334,79.3769,GRID_064_052,22.5,79.5,28.87,0.155,3
District,MADHYA PRADESH,ANUPPUR(SHAHD,N/A,N/A,IND_DIST_0452,22.7334,79.3769,GRID_064_051,22.5,79.25,29.04,0.1541,4
District,MADHYA PRADESH,SINGRAULI,N/A,N/A,IND_DIST_0453,23.4984,79.3619,GRID_068_051,23.5,79.25,11.41,0.3891,1
District,MADHYA PRADESH,SINGRAULI,N/A,N/A,IND_DIST_0453,23.4984,79.3619,GRID_068_052,23.5,79.5,14.08,0.3153,2
District,MADHYA PRADESH,SINGRAULI,N/A,N/A,IND_DIST_0453,23.4984,79.3619,GRID_067_051,23.25,79.25,29.89,0.1486,3
District,MADHYA PRADESH,SINGRAULI,N/A,N/A,IND_DIST_0453,23.4984,79.3619,GRID_069_051,23.75,79.25,30.21,0.147,4
District,GUJARAT,AHMEDABAD,N/A,N/A,IND_DIST_0454,21.5687,71.0424,GRID_060_018,21.5,71.0,8.81,0.4733,1
District,GUJARAT,AHMEDABAD,N/A,N/A,IND_DIST_0454,21.5687,71.0424,GRID_061_018,21.75,71.0,20.63,0.2021,2
District,GUJARAT,AHMEDABAD,N/A,N/A,IND_DIST_0454,21.5687,71.0424,GRID_060_019,21.5,71.25,22.79,0.1829,3
District,GUJARAT,AHMEDABAD,N/A,N/A,IND_DIST_0454,21.5687,71.0424,GRID_061_019,21.75,71.25,29.44,0.1416,4
District,GUJARAT,BANASKANTHA,N/A,N/A,IND_DIST_0455,22.3487,70.8924,GRID_063_018,22.25,71.0,15.59,0.3008,1
District,GUJARAT,BANASKANTHA,N/A,N/A,IND_DIST_0455,22.3487,70.8924,GRID_063_017,22.25,70.75,18.3,0.2561,2
District,GUJARAT,BANASKANTHA,N/A,N/A,IND_DIST_0455,22.3487,70.8924,GRID_064_018,22.5,71.0,20.13,0.2329,3
District,GUJARAT,BANASKANTHA,N/A,N/A,IND_DIST_0455,22.3487,70.8924,GRID_064_017,22.5,70.75,22.3,0.2102,4
District,GUJARAT,BARODA,N/A,N/A,IND_DIST_0456,22.6337,70.6824,GRID_065_017,22.75,70.75,14.67,0.3171,1
District,GUJARAT,BARODA,N/A,N/A,IND_DIST_0456,22.6337,70.6824,GRID_064_017,22.5,70.75,16.41,0.2836,2
District,GUJARAT,BARODA,N/A,N/A,IND_DIST_0456,22.6337,70.6824,GRID_065_016,22.75,70.5,22.75,0.2046,3
District,GUJARAT,BARODA,N/A,N/A,IND_DIST_0456,22.6337,70.6824,GRID_064_016,22.5,70.5,23.91,0.1946,4
District,GUJARAT,BHARUCH,N/A,N/A,IND_DIST_0457,22.3487,71.4324,GRID_063_020,22.25,71.5,12.99,0.3537,1
District,GUJARAT,BHARUCH,N/A,N/A,IND_DIST_0457,22.3487,71.4324,GRID_064_020,22.5,71.5,18.2,0.2525,2
District,GUJARAT,BHARUCH,N/A,N/A,IND_DIST_0457,22.3487,71.4324,GRID_063_019,22.25,71.25,21.74,0.2114,3
District,GUJARAT,BHARUCH,N/A,N/A,IND_DIST_0457,22.3487,71.4324,GRID_064_019,22.5,71.25,25.19,0.1824,4
District,GUJARAT,VALSAD,N/A,N/A,IND_DIST_0458,22.9937,71.3124,GRID_066_019,23.0,71.25,6.43,0.5602,1
District,GUJARAT,VALSAD,N/A,N/A,IND_DIST_0458,22.9937,71.3124,GRID_066_020,23.0,71.5,19.22,0.1873,2
District,GUJARAT,VALSAD,N/A,N/A,IND_DIST_0458,22.9937,71.3124,GRID_065_019,22.75,71.25,27.84,0.1293,3
District,GUJARAT,VALSAD,N/A,N/A,IND_DIST_0458,22.9937,71.3124,GRID_067_019,23.25,71.25,29.2,0.1232,4
District,GUJARAT,DANGS,N/A,N/A,IND_DIST_0459,21.8087,71.8674,GRID_061_021,21.75,71.75,13.77,0.3317,1
District,GUJARAT,DANGS,N/A,N/A,IND_DIST_0459,21.8087,71.8674,GRID_061_022,21.75,72.0,15.17,0.3011,2
District,GUJARAT,DANGS,N/A,N/A,IND_DIST_0459,21.8087,71.8674,GRID_062_021,22.0,71.75,24.48,0.1866,3
District,GUJARAT,DANGS,N/A,N/A,IND_DIST_0459,21.8087,71.8674,GRID_062_022,22.0,72.0,25.29,0.1806,4
District,GUJARAT,KHEDA,N/A,N/A,IND_DIST_0460,22.0637,71.8824,GRID_062_022,22.0,72.0,14.04,0.3263,1
District,GUJARAT,KHEDA,N/A,N/A,IND_DIST_0460,22.0637,71.8824,GRID_062_021,22.0,71.75,15.38,0.298,2
District,GUJARAT,KHEDA,N/A,N/A,IND_DIST_0460,22.0637,71.8824,GRID_063_022,22.25,72.0,24.0,0.1909,3
District,GUJARAT,KHEDA,N/A,N/A,IND_DIST_0460,22.0637,71.8824,GRID_063_021,22.25,71.75,24.8,0.1847,4
District,GUJARAT,MEHSANA,N/A,N/A,IND_DIST_0461,22.2287,71.8224,GRID_063_021,22.25,71.75,7.82,0.5074,1
District,GUJARAT,MEHSANA,N/A,N/A,IND_DIST_0461,22.2287,71.8224,GRID_063_022,22.25,72.0,18.43,0.2152,2
District,GUJARAT,MEHSANA,N/A,N/A,IND_DIST_0461,22.2287,71.8224,GRID_062_021,22.0,71.75,26.5,0.1497,3
District,GUJARAT,MEHSANA,N/A,N/A,IND_DIST_0461,22.2287,71.8224,GRID_064_021,22.5,71.75,31.07,0.1277,4
District,GUJARAT,PANCHMAHALS,N/A,N/A,IND_DIST_0462,21.7787,70.4874,GRID_061_016,21.75,70.5,3.45,0.7115,1
District,GUJARAT,PANCHMAHALS,N/A,N/A,IND_DIST_0462,21.7787,70.4874,GRID_062_016,22.0,70.5,24.64,0.0995,2
District,GUJARAT,PANCHMAHALS,N/A,N/A,IND_DIST_0462,21.7787,70.4874,GRID_061_015,21.75,70.25,24.72,0.0992,3
District,GUJARAT,PANCHMAHALS,N/A,N/A,IND_DIST_0462,21.7787,70.4874,GRID_061_017,21.75,70.75,27.31,0.0898,4
District,GUJARAT,SABARKANTHA,N/A,N/A,IND_DIST_0463,22.7837,71.0424,GRID_065_018,22.75,71.0,5.74,0.5916,1
District,GUJARAT,SABARKANTHA,N/A,N/A,IND_DIST_0463,22.7837,71.0424,GRID_065_019,22.75,71.25,21.61,0.1571,2
District,GUJARAT,SABARKANTHA,N/A,N/A,IND_DIST_0463,22.7837,71.0424,GRID_066_018,23.0,71.0,24.44,0.1389,3
District,GUJARAT,SABARKANTHA,N/A,N/A,IND_DIST_0463,22.7837,71.0424,GRID_065_017,22.75,70.75,30.21,0.1124,4
District,GUJARAT,SURAT,N/A,N/A,IND_DIST_0464,22.3487,71.3274,GRID_063_019,22.25,71.25,13.56,0.341,1
District,GUJARAT,SURAT,N/A,N/A,IND_DIST_0464,22.3487,71.3274,GRID_064_019,22.5,71.25,18.61,0.2484,2
District,GUJARAT,SURAT,N/A,N/A,IND_DIST_0464,22.3487,71.3274,GRID_063_020,22.25,71.5,20.87,0.2215,3
District,GUJARAT,SURAT,N/A,N/A,IND_DIST_0464,22.3487,71.3274,GRID_064_020,22.5,71.5,24.45,0.1891,4
District,GUJARAT,GANDHINAGAR,N/A,N/A,IND_DIST_0465,22.6637,71.3574,GRID_065_019,22.75,71.25,14.61,0.3178,1
District,GUJARAT,GANDHINAGAR,N/A,N/A,IND_DIST_0465,22.6637,71.3574,GRID_065_020,22.75,71.5,17.49,0.2654,2
District,GUJARAT,GANDHINAGAR,N/A,N/A,IND_DIST_0465,22.6637,71.3574,GRID_064_019,22.5,71.25,21.28,0.2181,3
District,GUJARAT,GANDHINAGAR,N/A,N/A,IND_DIST_0465,22.6637,71.3574,GRID_064_020,22.5,71.5,23.36,0.1987,4
District,GUJARAT,NARMADA(BRC),N/A,N/A,IND_DIST_0466,21.9287,71.7174,GRID_062_021,22.0,71.75,8.61,0.4815,1
District,GUJARAT,NARMADA(BRC),N/A,N/A,IND_DIST_0466,21.9287,71.7174,GRID_061_021,21.75,71.75,20.15,0.2058,2
District,GUJARAT,NARMADA(BRC),N/A,N/A,IND_DIST_0466,21.9287,71.7174,GRID_062_020,22.0,71.5,23.78,0.1744,3
District,GUJARAT,NARMADA(BRC),N/A,N/A,IND_DIST_0466,21.9287,71.7174,GRID_061_020,21.75,71.5,29.97,0.1383,4
District,GUJARAT,NAVSARI(VSD),N/A,N/A,IND_DIST_0467,22.6487,70.6674,GRID_065_017,22.75,70.75,14.1,0.3294,1
District,GUJARAT,NAVSARI(VSD),N/A,N/A,IND_DIST_0467,22.6487,70.6674,GRID_064_017,22.5,70.75,18.58,0.2499,2
District,GUJARAT,NAVSARI(VSD),N/A,N/A,IND_DIST_0467,22.6487,70.6674,GRID_065_016,22.75,70.5,20.54,0.2261,3
District,GUJARAT,NAVSARI(VSD),N/A,N/A,IND_DIST_0467,22.6487,70.6674,GRID_064_016,22.5,70.5,23.85,0.1947,4
District,GUJARAT,ANAND(KHR),N/A,N/A,IND_DIST_0468,21.9137,71.9274,GRID_062_022,22.0,72.0,12.17,0.3733,1
District,GUJARAT,ANAND(KHR),N/A,N/A,IND_DIST_0468,21.9137,71.9274,GRID_061_022,21.75,72.0,19.68,0.2308,2
District,GUJARAT,ANAND(KHR),N/A,N/A,IND_DIST_0468,21.9137,71.9274,GRID_062_021,22.0,71.75,20.66,0.2199,3
District,GUJARAT,ANAND(KHR),N/A,N/A,IND_DIST_0468,21.9137,71.9274,GRID_061_021,21.75,71.75,25.82,0.176,4
District,GUJARAT,PATAN(MHSN),N/A,N/A,IND_DIST_0469,21.9437,71.3724,GRID_062_019,22.0,71.25,14.09,0.3237,1
District,GUJARAT,PATAN(MHSN),N/A,N/A,IND_DIST_0469,21.9437,71.3724,GRID_062_020,22.0,71.5,14.57,0.313,2
District,GUJARAT,PATAN(MHSN),N/A,N/A,IND_DIST_0469,21.9437,71.3724,GRID_061_019,21.75,71.25,24.97,0.1826,3
District,GUJARAT,PATAN(MHSN),N/A,N/A,IND_DIST_0469,21.9437,71.3724,GRID_061_020,21.75,71.5,25.25,0.1807,4
District,GUJARAT,DAHOD(PNML),N/A,N/A,IND_DIST_0470,21.5387,71.8224,GRID_060_021,21.5,71.75,8.64,0.4767,1
District,GUJARAT,DAHOD(PNML),N/A,N/A,IND_DIST_0470,21.5387,71.8224,GRID_060_022,21.5,72.0,18.87,0.2182,2
District,GUJARAT,DAHOD(PNML),N/A,N/A,IND_DIST_0470,21.5387,71.8224,GRID_061_021,21.75,71.75,24.66,0.167,3
District,GUJARAT,DAHOD(PNML),N/A,N/A,IND_DIST_0470,21.5387,71.8224,GRID_061_022,21.75,72.0,29.82,0.1381,4
District,GUJARAT,TAPI(SRT),N/A,N/A,IND_DIST_0471,22.0037,71.1324,GRID_062_019,22.0,71.25,12.13,0.3718,1
District,GUJARAT,TAPI(SRT),N/A,N/A,IND_DIST_0471,22.0037,71.1324,GRID_062_018,22.0,71.0,13.66,0.3302,2
District,GUJARAT,TAPI(SRT),N/A,N/A,IND_DIST_0471,22.0037,71.1324,GRID_063_019,22.25,71.25,29.95,0.1506,3
District,GUJARAT,TAPI(SRT),N/A,N/A,IND_DIST_0471,22.0037,71.1324,GRID_063_018,22.25,71.0,30.6,0.1474,4
District,GUJARAT,AMRELI,N/A,N/A,IND_DIST_0472,22.3037,71.1924,GRID_063_019,22.25,71.25,8.41,0.4844,1
District,GUJARAT,AMRELI,N/A,N/A,IND_DIST_0472,22.3037,71.1924,GRID_063_018,22.25,71.0,20.68,0.1971,2
District,GUJARAT,AMRELI,N/A,N/A,IND_DIST_0472,22.3037,71.1924,GRID_064_019,22.5,71.25,22.62,0.1802,3
District,GUJARAT,AMRELI,N/A,N/A,IND_DIST_0472,22.3037,71.1924,GRID_064_018,22.5,71.0,29.46,0.1383,4
District,GUJARAT,BHAVNAGAR,N/A,N/A,IND_DIST_0473,21.7937,71.5224,GRID_061_020,21.75,71.5,5.38,0.6075,1
District,GUJARAT,BHAVNAGAR,N/A,N/A,IND_DIST_0473,21.7937,71.5224,GRID_062_020,22.0,71.5,23.06,0.1418,2
District,GUJARAT,BHAVNAGAR,N/A,N/A,IND_DIST_0473,21.7937,71.5224,GRID_061_021,21.75,71.75,24.0,0.1362,3
District,GUJARAT,BHAVNAGAR,N/A,N/A,IND_DIST_0473,21.7937,71.5224,GRID_061_019,21.75,71.25,28.55,0.1145,4
District,GUJARAT,JAMNAGAR,N/A,N/A,IND_DIST_0474,22.6187,71.5224,GRID_064_020,22.5,71.5,13.4,0.3458,1
District,GUJARAT,JAMNAGAR,N/A,N/A,IND_DIST_0474,22.6187,71.5224,GRID_065_020,22.75,71.5,14.78,0.3134,2
District,GUJARAT,JAMNAGAR,N/A,N/A,IND_DIST_0474,22.6187,71.5224,GRID_064_021,22.5,71.75,26.84,0.1726,3
District,GUJARAT,JAMNAGAR,N/A,N/A,IND_DIST_0474,22.6187,71.5224,GRID_065_021,22.75,71.75,27.54,0.1682,4
District,GUJARAT,JUNAGADH,N/A,N/A,IND_DIST_0475,22.4987,71.1174,GRID_064_018,22.5,71.0,12.06,0.3729,1
District,GUJARAT,JUNAGADH,N/A,N/A,IND_DIST_0475,22.4987,71.1174,GRID_064_019,22.5,71.25,13.62,0.3302,2
District,GUJARAT,JUNAGADH,N/A,N/A,IND_DIST_0475,22.4987,71.1174,GRID_063_018,22.25,71.0,30.17,0.1491,3
District,GUJARAT,JUNAGADH,N/A,N/A,IND_DIST_0475,22.4987,71.1174,GRID_065_018,22.75,71.0,30.43,0.1478,4
District,GUJARAT,KUTCH,N/A,N/A,IND_DIST_0476,22.7237,70.7274,GRID_065_017,22.75,70.75,3.73,0.694,1
District,GUJARAT,KUTCH,N/A,N/A,IND_DIST_0476,22.7237,70.7274,GRID_065_016,22.75,70.5,23.5,0.1102,2
District,GUJARAT,KUTCH,N/A,N/A,IND_DIST_0476,22.7237,70.7274,GRID_064_017,22.5,70.75,24.98,0.1037,3
District,GUJARAT,KUTCH,N/A,N/A,IND_DIST_0476,22.7237,70.7274,GRID_065_018,22.75,71.0,28.11,0.0921,4
District,GUJARAT,RAJKOT,N/A,N/A,IND_DIST_0477,22.7837,71.0724,GRID_065_018,22.75,71.0,8.32,0.487,1
District,GUJARAT,RAJKOT,N/A,N/A,IND_DIST_0477,22.7837,71.0724,GRID_065_019,22.75,71.25,18.59,0.2178,2
District,GUJARAT,RAJKOT,N/A,N/A,IND_DIST_0477,22.7837,71.0724,GRID_066_018,23.0,71.0,25.17,0.1609,3
District,GUJARAT,RAJKOT,N/A,N/A,IND_DIST_0477,22.7837,71.0724,GRID_066_019,23.0,71.25,30.16,0.1343,4
District,GUJARAT,SURENDRANAGAR,N/A,N/A,IND_DIST_0478,21.9437,71.0274,GRID_062_018,22.0,71.0,6.87,0.5437,1
District,GUJARAT,SURENDRANAGAR,N/A,N/A,IND_DIST_0478,21.9437,71.0274,GRID_061_018,21.75,71.0,21.72,0.1719,2
District,GUJARAT,SURENDRANAGAR,N/A,N/A,IND_DIST_0478,21.9437,71.0274,GRID_062_019,22.0,71.25,23.79,0.1569,3
District,GUJARAT,SURENDRANAGAR,N/A,N/A,IND_DIST_0478,21.9437,71.0274,GRID_062_017,22.0,70.75,29.28,0.1275,4
District,GUJARAT,PORBANDAR,N/A,N/A,IND_DIST_0479,22.9037,70.7424,GRID_066_017,23.0,70.75,10.74,0.4163,1
District,GUJARAT,PORBANDAR,N/A,N/A,IND_DIST_0479,22.9037,70.7424,GRID_065_017,22.75,70.75,17.11,0.2613,2
District,GUJARAT,PORBANDAR,N/A,N/A,IND_DIST_0479,22.9037,70.7424,GRID_066_016,23.0,70.5,27.03,0.1654,3
District,GUJARAT,PORBANDAR,N/A,N/A,IND_DIST_0479,22.9037,70.7424,GRID_066_018,23.0,71.0,28.47,0.157,4
District,DADAR NAGAR HAVELI,DNH,N/A,N/A,IND_DIST_0480,20.1437,79.3979,GRID_055_052,20.25,79.5,15.91,0.2974,1
District,DADAR NAGAR HAVELI,DNH,N/A,N/A,IND_DIST_0480,20.1437,79.3979,GRID_054_052,20.0,79.5,19.21,0.2463,2
District,DADAR NAGAR HAVELI,DNH,N/A,N/A,IND_DIST_0480,20.1437,79.3979,GRID_055_051,20.25,79.25,19.44,0.2434,3
District,DADAR NAGAR HAVELI,DNH,N/A,N/A,IND_DIST_0480,20.1437,79.3979,GRID_054_051,20.0,79.25,22.22,0.2129,4
District,DAMAN AND DUI,DAMAN,N/A,N/A,IND_DIST_0481,21.1937,78.8129,GRID_059_049,21.25,78.75,9.04,0.4636,1
District,DAMAN AND DUI,DAMAN,N/A,N/A,IND_DIST_0481,21.1937,78.8129,GRID_059_050,21.25,79.0,20.38,0.2056,2
District,DAMAN AND DUI,DAMAN,N/A,N/A,IND_DIST_0481,21.1937,78.8129,GRID_058_049,21.0,78.75,22.51,0.1862,3
District,DAMAN AND DUI,DAMAN,N/A,N/A,IND_DIST_0481,21.1937,78.8129,GRID_058_050,21.0,79.0,28.99,0.1445,4
District,DAMAN AND DUI,DIU,N/A,N/A,IND_DIST_0482,20.3087,79.3229,GRID_055_051,20.25,79.25,10.02,0.4327,1
District,DAMAN AND DUI,DIU,N/A,N/A,IND_DIST_0482,20.3087,79.3229,GRID_055_052,20.25,79.5,19.59,0.2213,2
District,DAMAN AND DUI,DIU,N/A,N/A,IND_DIST_0482,20.3087,79.3229,GRID_056_051,20.5,79.25,22.59,0.192,3
District,DAMAN AND DUI,DIU,N/A,N/A,IND_DIST_0482,20.3087,79.3229,GRID_056_052,20.5,79.5,28.16,0.154,4
District,MAHARASHTRA,MUMBAI CITY,N/A,N/A,IND_DIST_0483,20.2915,75.5639,GRID_055_036,20.25,75.5,8.11,0.4974,1
District,MAHARASHTRA,MUMBAI CITY,N/A,N/A,IND_DIST_0483,20.2915,75.5639,GRID_055_037,20.25,75.75,19.95,0.2021,2
District,MAHARASHTRA,MUMBAI CITY,N/A,N/A,IND_DIST_0483,20.2915,75.5639,GRID_056_036,20.5,75.5,24.12,0.1672,3
District,MAHARASHTRA,MUMBAI CITY,N/A,N/A,IND_DIST_0483,20.2915,75.5639,GRID_056_037,20.5,75.75,30.23,0.1334,4
District,MAHARASHTRA,RAIGAD,N/A,N/A,IND_DIST_0484,19.0765,75.1139,GRID_050_034,19.0,75.0,14.69,0.3184,1
District,MAHARASHTRA,RAIGAD,N/A,N/A,IND_DIST_0484,19.0765,75.1139,GRID_050_035,19.0,75.25,16.64,0.2809,2
District,MAHARASHTRA,RAIGAD,N/A,N/A,IND_DIST_0484,19.0765,75.1139,GRID_051_034,19.25,75.0,22.7,0.206,3
District,MAHARASHTRA,RAIGAD,N/A,N/A,IND_DIST_0484,19.0765,75.1139,GRID_051_035,19.25,75.25,24.01,0.1947,4
District,MAHARASHTRA,RATNAGIRI,N/A,N/A,IND_DIST_0485,20.3065,75.1439,GRID_055_035,20.25,75.25,12.73,0.358,1
District,MAHARASHTRA,RATNAGIRI,N/A,N/A,IND_DIST_0485,20.3065,75.1439,GRID_055_034,20.25,75.0,16.27,0.28,2
District,MAHARASHTRA,RATNAGIRI,N/A,N/A,IND_DIST_0485,20.3065,75.1439,GRID_056_035,20.5,75.25,24.19,0.1883,3
District,MAHARASHTRA,RATNAGIRI,N/A,N/A,IND_DIST_0485,20.3065,75.1439,GRID_056_034,20.5,75.0,26.23,0.1737,4
District,MAHARASHTRA,THANE,N/A,N/A,IND_DIST_0486,19.6465,76.4489,GRID_053_040,19.75,76.5,12.69,0.3632,1
District,MAHARASHTRA,THANE,N/A,N/A,IND_DIST_0486,19.6465,76.4489,GRID_052_040,19.5,76.5,17.15,0.2688,2
District,MAHARASHTRA,THANE,N/A,N/A,IND_DIST_0486,19.6465,76.4489,GRID_053_039,19.75,76.25,23.79,0.1937,3
District,MAHARASHTRA,THANE,N/A,N/A,IND_DIST_0486,19.6465,76.4489,GRID_052_039,19.5,76.25,26.45,0.1743,4
District,MAHARASHTRA,SINDHUDURG,N/A,N/A,IND_DIST_0487,20.4115,75.9539,GRID_056_038,20.5,76.0,10.95,0.4081,1
District,MAHARASHTRA,SINDHUDURG,N/A,N/A,IND_DIST_0487,20.4115,75.9539,GRID_055_038,20.25,76.0,18.59,0.2404,2
District,MAHARASHTRA,SINDHUDURG,N/A,N/A,IND_DIST_0487,20.4115,75.9539,GRID_056_037,20.5,75.75,23.41,0.1909,3
District,MAHARASHTRA,SINDHUDURG,N/A,N/A,IND_DIST_0487,20.4115,75.9539,GRID_055_037,20.25,75.75,27.83,0.1606,4
District,MAHARASHTRA,MUMBAI SUB,N/A,N/A,IND_DIST_0488,19.6315,75.1589,GRID_053_035,19.75,75.25,16.27,0.2914,1
District,MAHARASHTRA,MUMBAI SUB,N/A,N/A,IND_DIST_0488,19.6315,75.1589,GRID_052_035,19.5,75.25,17.46,0.2714,2
District,MAHARASHTRA,MUMBAI SUB,N/A,N/A,IND_DIST_0488,19.6315,75.1589,GRID_053_034,19.75,75.0,21.22,0.2233,3
District,MAHARASHTRA,MUMBAI SUB,N/A,N/A,IND_DIST_0488,19.6315,75.1589,GRID_052_034,19.5,75.0,22.16,0.2139,4
District,GOA,NORTH GOA,N/A,N/A,IND_DIST_0489,14.8793,73.704,GRID_034_029,15.0,73.75,14.3,0.3287,1
District,GOA,NORTH GOA,N/A,N/A,IND_DIST_0489,14.8793,73.704,GRID_033_029,14.75,73.75,15.2,0.3092,2
District,GOA,NORTH GOA,N/A,N/A,IND_DIST_0489,14.8793,73.704,GRID_034_028,15.0,73.5,25.7,0.1829,3
District,GOA,NORTH GOA,N/A,N/A,IND_DIST_0489,14.8793,73.704,GRID_033_028,14.75,73.5,26.22,0.1793,4
District,GOA,SOUTH GOA,N/A,N/A,IND_DIST_0490,15.0743,74.484,GRID_034_032,15.0,74.5,8.44,0.4919,1
District,GOA,SOUTH GOA,N/A,N/A,IND_DIST_0490,15.0743,74.484,GRID_035_032,15.25,74.5,19.61,0.2116,2
District,GOA,SOUTH GOA,N/A,N/A,IND_DIST_0490,15.0743,74.484,GRID_034_031,15.0,74.25,26.45,0.1569,3
District,GOA,SOUTH GOA,N/A,N/A,IND_DIST_0490,15.0743,74.484,GRID_034_033,15.0,74.75,29.74,0.1396,4
District,MAHARASHTRA,AHMEDNAGAR,N/A,N/A,IND_DIST_0491,19.0165,75.5939,GRID_050_036,19.0,75.5,10.04,0.4354,1
District,MAHARASHTRA,AHMEDNAGAR,N/A,N/A,IND_DIST_0491,19.0165,75.5939,GRID_050_037,19.0,75.75,16.51,0.2648,2
District,MAHARASHTRA,AHMEDNAGAR,N/A,N/A,IND_DIST_0491,19.0165,75.5939,GRID_051_036,19.25,75.5,27.77,0.1574,3
District,MAHARASHTRA,AHMEDNAGAR,N/A,N/A,IND_DIST_0491,19.0165,75.5939,GRID_051_037,19.25,75.75,30.71,0.1424,4
District,MAHARASHTRA,DHULE,N/A,N/A,IND_DIST_0492,19.3765,75.4739,GRID_052_036,19.5,75.5,14.0,0.333,1
District,MAHARASHTRA,DHULE,N/A,N/A,IND_DIST_0492,19.3765,75.4739,GRID_051_036,19.25,75.5,14.33,0.3254,2
District,MAHARASHTRA,DHULE,N/A,N/A,IND_DIST_0492,19.3765,75.4739,GRID_052_035,19.5,75.25,27.2,0.1714,3
District,MAHARASHTRA,DHULE,N/A,N/A,IND_DIST_0492,19.3765,75.4739,GRID_051_035,19.25,75.25,27.38,0.1703,4
District,MAHARASHTRA,JALGAON,N/A,N/A,IND_DIST_0493,19.3015,75.8789,GRID_051_038,19.25,76.0,13.94,0.3295,1
District,MAHARASHTRA,JALGAON,N/A,N/A,IND_DIST_0493,19.3015,75.8789,GRID_051_037,19.25,75.75,14.69,0.3127,2
District,MAHARASHTRA,JALGAON,N/A,N/A,IND_DIST_0493,19.3015,75.8789,GRID_052_038,19.5,76.0,25.47,0.1804,3
District,MAHARASHTRA,JALGAON,N/A,N/A,IND_DIST_0493,19.3015,75.8789,GRID_052_037,19.5,75.75,25.88,0.1775,4
District,MAHARASHTRA,KOLHAPUR,N/A,N/A,IND_DIST_0494,20.2315,75.9089,GRID_055_038,20.25,76.0,9.72,0.4437,1
District,MAHARASHTRA,KOLHAPUR,N/A,N/A,IND_DIST_0494,20.2315,75.9089,GRID_055_037,20.25,75.75,16.7,0.2583,2
District,MAHARASHTRA,KOLHAPUR,N/A,N/A,IND_DIST_0494,20.2315,75.9089,GRID_054_038,20.0,76.0,27.44,0.1572,3
District,MAHARASHTRA,KOLHAPUR,N/A,N/A,IND_DIST_0494,20.2315,75.9089,GRID_054_037,20.0,75.75,30.63,0.1409,4
District,MAHARASHTRA,NASHIK,N/A,N/A,IND_DIST_0495,20.2315,75.4739,GRID_055_036,20.25,75.5,3.41,0.7166,1
District,MAHARASHTRA,NASHIK,N/A,N/A,IND_DIST_0495,20.2315,75.4739,GRID_055_035,20.25,75.25,23.45,0.1043,2
District,MAHARASHTRA,NASHIK,N/A,N/A,IND_DIST_0495,20.2315,75.4739,GRID_054_036,20.0,75.5,25.89,0.0945,3
District,MAHARASHTRA,NASHIK,N/A,N/A,IND_DIST_0495,20.2315,75.4739,GRID_055_037,20.25,75.75,28.88,0.0847,4
District,MAHARASHTRA,PUNE,N/A,N/A,IND_DIST_0496,19.8865,76.0889,GRID_054_038,20.0,76.0,15.67,0.3015,1
District,MAHARASHTRA,PUNE,N/A,N/A,IND_DIST_0496,19.8865,76.0889,GRID_053_038,19.75,76.0,17.8,0.2655,2
District,MAHARASHTRA,PUNE,N/A,N/A,IND_DIST_0496,19.8865,76.0889,GRID_054_039,20.0,76.25,21.04,0.2246,3
District,MAHARASHTRA,PUNE,N/A,N/A,IND_DIST_0496,19.8865,76.0889,GRID_053_039,19.75,76.25,22.68,0.2084,4
District,MAHARASHTRA,SANGLI,N/A,N/A,IND_DIST_0497,20.4115,75.3089,GRID_056_035,20.5,75.25,11.6,0.3898,1
District,MAHARASHTRA,SANGLI,N/A,N/A,IND_DIST_0497,20.4115,75.3089,GRID_055_035,20.25,75.25,18.98,0.2382,2
District,MAHARASHTRA,SANGLI,N/A,N/A,IND_DIST_0497,20.4115,75.3089,GRID_056_036,20.5,75.5,22.21,0.2035,3
District,MAHARASHTRA,SANGLI,N/A,N/A,IND_DIST_0497,20.4115,75.3089,GRID_055_036,20.25,75.5,26.82,0.1685,4
District,MAHARASHTRA,SATARA,N/A,N/A,IND_DIST_0498,19.2565,75.8339,GRID_051_037,19.25,75.75,8.84,0.4733,1
District,MAHARASHTRA,SATARA,N/A,N/A,IND_DIST_0498,19.2565,75.8339,GRID_051_038,19.25,76.0,17.45,0.2397,2
District,MAHARASHTRA,SATARA,N/A,N/A,IND_DIST_0498,19.2565,75.8339,GRID_052_037,19.5,75.75,28.47,0.1469,3
District,MAHARASHTRA,SATARA,N/A,N/A,IND_DIST_0498,19.2565,75.8339,GRID_050_037,19.0,75.75,29.85,0.1401,4
District,MAHARASHTRA,SOLAPUR,N/A,N/A,IND_DIST_0499,19.8265,75.9689,GRID_053_038,19.75,76.0,9.11,0.4667,1
District,MAHARASHTRA,SOLAPUR,N/A,N/A,IND_DIST_0499,19.8265,75.9689,GRID_054_038,20.0,76.0,19.56,0.2173,2
District,MAHARASHTRA,SOLAPUR,N/A,N/A,IND_DIST_0499,19.8265,75.9689,GRID_053_037,19.75,75.75,24.43,0.174,3
District,MAHARASHTRA,SOLAPUR,N/A,N/A,IND_DIST_0499,19.8265,75.9689,GRID_054_037,20.0,75.75,29.93,0.142,4
District,MAHARASHTRA,NANDURBAR,N/A,N/A,IND_DIST_0500,20.0965,76.3739,GRID_054_039,20.0,76.25,16.81,0.2813,1
District,MAHARASHTRA,NANDURBAR,N/A,N/A,IND_DIST_0500,20.0965,76.3739,GRID_054_040,20.0,76.5,16.99,0.2784,2
District,MAHARASHTRA,NANDURBAR,N/A,N/A,IND_DIST_0500,20.0965,76.3739,GRID_055_039,20.25,76.25,21.41,0.2209,3
District,MAHARASHTRA,NANDURBAR,N/A,N/A,IND_DIST_0500,20.0965,76.3739,GRID_055_040,20.25,76.5,21.55,0.2194,4
District,MAHARASHTRA,AURANGABAD,N/A,N/A,IND_DIST_0501,20.3065,75.4739,GRID_055_036,20.25,75.5,6.85,0.5461,1
District,MAHARASHTRA,AURANGABAD,N/A,N/A,IND_DIST_0501,20.3065,75.4739,GRID_056_036,20.5,75.5,21.69,0.1724,2
District,MAHARASHTRA,AURANGABAD,N/A,N/A,IND_DIST_0501,20.3065,75.4739,GRID_055_035,20.25,75.25,24.18,0.1546,3
District,MAHARASHTRA,AURANGABAD,N/A,N/A,IND_DIST_0501,20.3065,75.4739,GRID_055_037,20.25,75.75,29.48,0.1269,4
District,MAHARASHTRA,BEED,N/A,N/A,IND_DIST_0502,19.3465,75.7739,GRID_051_037,19.25,75.75,11.02,0.41,1
District,MAHARASHTRA,BEED,N/A,N/A,IND_DIST_0502,19.3465,75.7739,GRID_052_037,19.5,75.75,17.25,0.2619,2
District,MAHARASHTRA,BEED,N/A,N/A,IND_DIST_0502,19.3465,75.7739,GRID_051_038,19.25,76.0,26.04,0.1735,3
District,MAHARASHTRA,BEED,N/A,N/A,IND_DIST_0502,19.3465,75.7739,GRID_052_038,19.5,76.0,29.21,0.1546,4
District,MAHARASHTRA,NANDED,N/A,N/A,IND_DIST_0503,20.4565,75.1289,GRID_056_035,20.5,75.25,13.51,0.3367,1
District,MAHARASHTRA,NANDED,N/A,N/A,IND_DIST_0503,20.4565,75.1289,GRID_056_034,20.5,75.0,14.27,0.3187,2
District,MAHARASHTRA,NANDED,N/A,N/A,IND_DIST_0503,20.4565,75.1289,GRID_055_035,20.25,75.25,26.2,0.1736,3
District,MAHARASHTRA,NANDED,N/A,N/A,IND_DIST_0503,20.4565,75.1289,GRID_055_034,20.25,75.0,26.6,0.171,4
District,MAHARASHTRA,OSMANABAD,N/A,N/A,IND_DIST_0504,19.8565,75.6389,GRID_053_037,19.75,75.75,16.59,0.2861,1
District,MAHARASHTRA,OSMANABAD,N/A,N/A,IND_DIST_0504,19.8565,75.6389,GRID_053_036,19.75,75.5,18.75,0.2533,2
District,MAHARASHTRA,OSMANABAD,N/A,N/A,IND_DIST_0504,19.8565,75.6389,GRID_054_037,20.0,75.75,19.74,0.2406,3
District,MAHARASHTRA,OSMANABAD,N/A,N/A,IND_DIST_0504,19.8565,75.6389,GRID_054_036,20.0,75.5,21.57,0.2201,4
District,MAHARASHTRA,PARBHANI,N/A,N/A,IND_DIST_0505,19.3315,75.4589,GRID_051_036,19.25,75.5,10.04,0.4361,1
District,MAHARASHTRA,PARBHANI,N/A,N/A,IND_DIST_0505,19.3315,75.4589,GRID_052_036,19.5,75.5,19.23,0.2276,2
District,MAHARASHTRA,PARBHANI,N/A,N/A,IND_DIST_0505,19.3315,75.4589,GRID_051_035,19.25,75.25,23.72,0.1845,3
District,MAHARASHTRA,PARBHANI,N/A,N/A,IND_DIST_0505,19.3315,75.4589,GRID_052_035,19.5,75.25,28.83,0.1518,4
District,MAHARASHTRA,LATUR,N/A,N/A,IND_DIST_0506,19.4065,75.2489,GRID_052_035,19.5,75.25,10.4,0.4283,1
District,MAHARASHTRA,LATUR,N/A,N/A,IND_DIST_0506,19.4065,75.2489,GRID_051_035,19.25,75.25,17.4,0.2559,2
District,MAHARASHTRA,LATUR,N/A,N/A,IND_DIST_0506,19.4065,75.2489,GRID_052_034,19.5,75.0,28.09,0.1585,3
District,MAHARASHTRA,LATUR,N/A,N/A,IND_DIST_0506,19.4065,75.2489,GRID_052_036,19.5,75.5,28.31,0.1573,4
District,MAHARASHTRA,JALNA,N/A,N/A,IND_DIST_0507,19.6315,75.3239,GRID_053_035,19.75,75.25,15.28,0.308,1
District,MAHARASHTRA,JALNA,N/A,N/A,IND_DIST_0507,19.6315,75.3239,GRID_052_035,19.5,75.25,16.55,0.2844,2
District,MAHARASHTRA,JALNA,N/A,N/A,IND_DIST_0507,19.6315,75.3239,GRID_053_036,19.75,75.5,22.66,0.2077,3
District,MAHARASHTRA,JALNA,N/A,N/A,IND_DIST_0507,19.6315,75.3239,GRID_052_036,19.5,75.5,23.54,0.1999,4
District,MAHARASHTRA,HINGOLI,N/A,N/A,IND_DIST_0508,19.1365,75.6089,GRID_051_036,19.25,75.5,17.03,0.2798,1
District,MAHARASHTRA,HINGOLI,N/A,N/A,IND_DIST_0508,19.1365,75.6089,GRID_050_036,19.0,75.5,19.01,0.2507,2
District,MAHARASHTRA,HINGOLI,N/A,N/A,IND_DIST_0508,19.1365,75.6089,GRID_051_037,19.25,75.75,19.46,0.2449,3
District,MAHARASHTRA,HINGOLI,N/A,N/A,IND_DIST_0508,19.1365,75.6089,GRID_050_037,19.0,75.75,21.22,0.2246,4
District,MAHARASHTRA,AKOLA,N/A,N/A,IND_DIST_0509,19.2715,75.4289,GRID_051_036,19.25,75.5,7.84,0.5097,1
District,MAHARASHTRA,AKOLA,N/A,N/A,IND_DIST_0509,19.2715,75.4289,GRID_051_035,19.25,75.25,18.93,0.211,2
District,MAHARASHTRA,AKOLA,N/A,N/A,IND_DIST_0509,19.2715,75.4289,GRID_052_036,19.5,75.5,26.48,0.1509,3
District,MAHARASHTRA,AKOLA,N/A,N/A,IND_DIST_0509,19.2715,75.4289,GRID_050_036,19.0,75.5,31.1,0.1284,4
District,MAHARASHTRA,AMRAVATI,N/A,N/A,IND_DIST_0510,19.2115,75.1439,GRID_051_035,19.25,75.25,11.93,0.378,1
District,MAHARASHTRA,AMRAVATI,N/A,N/A,IND_DIST_0510,19.2115,75.1439,GRID_051_034,19.25,75.0,15.7,0.2873,2
District,MAHARASHTRA,AMRAVATI,N/A,N/A,IND_DIST_0510,19.2115,75.1439,GRID_050_035,19.0,75.25,26.03,0.1733,3
District,MAHARASHTRA,AMRAVATI,N/A,N/A,IND_DIST_0510,19.2115,75.1439,GRID_050_034,19.0,75.0,27.96,0.1614,4
District,MAHARASHTRA,BHANDARA,N/A,N/A,IND_DIST_0511,20.0365,75.6089,GRID_054_036,20.0,75.5,12.08,0.3729,1
District,MAHARASHTRA,BHANDARA,N/A,N/A,IND_DIST_0511,20.0365,75.6089,GRID_054_037,20.0,75.75,15.29,0.2946,2
District,MAHARASHTRA,BHANDARA,N/A,N/A,IND_DIST_0511,20.0365,75.6089,GRID_055_036,20.25,75.5,26.32,0.1712,3
District,MAHARASHTRA,BHANDARA,N/A,N/A,IND_DIST_0511,20.0365,75.6089,GRID_055_037,20.25,75.75,27.94,0.1613,4
District,MAHARASHTRA,BULDHANA,N/A,N/A,IND_DIST_0512,20.2765,75.5039,GRID_055_036,20.25,75.5,2.97,0.7427,1
District,MAHARASHTRA,BULDHANA,N/A,N/A,IND_DIST_0512,20.2765,75.5039,GRID_056_036,20.5,75.5,24.86,0.0889,2
District,MAHARASHTRA,BULDHANA,N/A,N/A,IND_DIST_0512,20.2765,75.5039,GRID_055_037,20.25,75.75,25.84,0.0855,3
District,MAHARASHTRA,BULDHANA,N/A,N/A,IND_DIST_0512,20.2765,75.5039,GRID_055_035,20.25,75.25,26.65,0.0829,4
District,MAHARASHTRA,CHANDRAPUR,N/A,N/A,IND_DIST_0513,19.4815,75.4739,GRID_052_036,19.5,75.5,3.42,0.7166,1
District,MAHARASHTRA,CHANDRAPUR,N/A,N/A,IND_DIST_0513,19.4815,75.4739,GRID_052_035,19.5,75.25,23.56,0.1041,2
District,MAHARASHTRA,CHANDRAPUR,N/A,N/A,IND_DIST_0513,19.4815,75.4739,GRID_051_036,19.25,75.5,25.89,0.0948,3
District,MAHARASHTRA,CHANDRAPUR,N/A,N/A,IND_DIST_0513,19.4815,75.4739,GRID_052_037,19.5,75.75,29.01,0.0845,4
District,MAHARASHTRA,NAGPUR,N/A,N/A,IND_DIST_0514,19.7665,75.7589,GRID_053_037,19.75,75.75,2.06,0.8089,1
District,MAHARASHTRA,NAGPUR,N/A,N/A,IND_DIST_0514,19.7665,75.7589,GRID_053_038,19.75,76.0,25.3,0.0658,2
District,MAHARASHTRA,NAGPUR,N/A,N/A,IND_DIST_0514,19.7665,75.7589,GRID_054_037,20.0,75.75,25.98,0.0641,3
District,MAHARASHTRA,NAGPUR,N/A,N/A,IND_DIST_0514,19.7665,75.7589,GRID_053_036,19.75,75.5,27.16,0.0613,4
District,MAHARASHTRA,YAVATMAL,N/A,N/A,IND_DIST_0515,19.8415,75.7739,GRID_053_037,19.75,75.75,10.48,0.4254,1
District,MAHARASHTRA,YAVATMAL,N/A,N/A,IND_DIST_0515,19.8415,75.7739,GRID_054_037,20.0,75.75,17.8,0.2504,2
District,MAHARASHTRA,YAVATMAL,N/A,N/A,IND_DIST_0515,19.8415,75.7739,GRID_053_038,19.75,76.0,25.75,0.1731,3
District,MAHARASHTRA,YAVATMAL,N/A,N/A,IND_DIST_0515,19.8415,75.7739,GRID_054_038,20.0,76.0,29.48,0.1512,4
District,MAHARASHTRA,WARDHA,N/A,N/A,IND_DIST_0516,19.2415,76.2089,GRID_051_039,19.25,76.25,4.42,0.6598,1
District,MAHARASHTRA,WARDHA,N/A,N/A,IND_DIST_0516,19.2415,76.2089,GRID_051_038,19.25,76.0,21.95,0.1328,2
District,MAHARASHTRA,WARDHA,N/A,N/A,IND_DIST_0516,19.2415,76.2089,GRID_050_039,19.0,76.25,27.2,0.1072,3
District,MAHARASHTRA,WARDHA,N/A,N/A,IND_DIST_0516,19.2415,76.2089,GRID_052_039,19.5,76.25,29.07,0.1003,4
District,MAHARASHTRA,GADCHIROLI,N/A,N/A,IND_DIST_0517,20.3365,75.5489,GRID_055_036,20.25,75.5,10.89,0.4097,1
District,MAHARASHTRA,GADCHIROLI,N/A,N/A,IND_DIST_0517,20.3365,75.5489,GRID_056_036,20.5,75.5,18.88,0.2362,2
District,MAHARASHTRA,GADCHIROLI,N/A,N/A,IND_DIST_0517,20.3365,75.5489,GRID_055_037,20.25,75.75,23.07,0.1933,3
District,MAHARASHTRA,GADCHIROLI,N/A,N/A,IND_DIST_0517,20.3365,75.5489,GRID_056_037,20.5,75.75,27.74,0.1608,4
District,MAHARASHTRA,WASHIM,N/A,N/A,IND_DIST_0518,20.4415,75.6389,GRID_056_037,20.5,75.75,13.28,0.3448,1
District,MAHARASHTRA,WASHIM,N/A,N/A,IND_DIST_0518,20.4415,75.6389,GRID_056_036,20.5,75.5,15.86,0.2886,2
District,MAHARASHTRA,WASHIM,N/A,N/A,IND_DIST_0518,20.4415,75.6389,GRID_055_037,20.25,75.75,24.24,0.1889,3
District,MAHARASHTRA,WASHIM,N/A,N/A,IND_DIST_0518,20.4415,75.6389,GRID_055_036,20.25,75.5,25.75,0.1778,4
District,MAHARASHTRA,GONDIA,N/A,N/A,IND_DIST_0519,19.9165,75.5489,GRID_054_036,20.0,75.5,10.6,0.4182,1
District,MAHARASHTRA,GONDIA,N/A,N/A,IND_DIST_0519,19.9165,75.5489,GRID_053_036,19.75,75.5,19.21,0.2308,2
District,MAHARASHTRA,GONDIA,N/A,N/A,IND_DIST_0519,19.9165,75.5489,GRID_054_037,20.0,75.75,22.98,0.1929,3
District,MAHARASHTRA,GONDIA,N/A,N/A,IND_DIST_0519,19.9165,75.5489,GRID_053_037,19.75,75.75,28.02,0.1582,4
District,CHATISGARH,BASTAR,N/A,N/A,IND_DIST_0520,20.9187,82.4961,GRID_058_064,21.0,82.5,9.05,0.4671,1
District,CHATISGARH,BASTAR,N/A,N/A,IND_DIST_0520,20.9187,82.4961,GRID_057_064,20.75,82.5,18.76,0.2253,2
District,CHATISGARH,BASTAR,N/A,N/A,IND_DIST_0520,20.9187,82.4961,GRID_058_063,21.0,82.25,27.11,0.1559,3
District,CHATISGARH,BASTAR,N/A,N/A,IND_DIST_0520,20.9187,82.4961,GRID_058_065,21.0,82.75,27.87,0.1517,4
District,CHATISGARH,BILASPUR,N/A,N/A,IND_DIST_0521,20.6037,82.3761,GRID_056_064,20.5,82.5,17.3,0.2738,1
District,CHATISGARH,BILASPUR,N/A,N/A,IND_DIST_0521,20.6037,82.3761,GRID_056_063,20.5,82.25,17.47,0.2712,2
District,CHATISGARH,BILASPUR,N/A,N/A,IND_DIST_0521,20.6037,82.3761,GRID_057_064,20.75,82.5,20.76,0.2283,3
District,CHATISGARH,BILASPUR,N/A,N/A,IND_DIST_0521,20.6037,82.3761,GRID_057_063,20.75,82.25,20.9,0.2267,4
District,CHATISGARH,DURG,N/A,N/A,IND_DIST_0522,21.7287,81.7611,GRID_061_061,21.75,81.75,2.63,0.7653,1
District,CHATISGARH,DURG,N/A,N/A,IND_DIST_0522,21.7287,81.7611,GRID_061_062,21.75,82.0,24.79,0.0812,2
District,CHATISGARH,DURG,N/A,N/A,IND_DIST_0522,21.7287,81.7611,GRID_060_061,21.5,81.75,25.46,0.0791,3
District,CHATISGARH,DURG,N/A,N/A,IND_DIST_0522,21.7287,81.7611,GRID_061_060,21.75,81.5,27.07,0.0744,4
District,CHATISGARH,RAIGARH,N/A,N/A,IND_DIST_0523,21.8037,82.1061,GRID_061_062,21.75,82.0,12.48,0.362,1
District,CHATISGARH,RAIGARH,N/A,N/A,IND_DIST_0523,21.8037,82.1061,GRID_061_063,21.75,82.25,16.01,0.282,2
District,CHATISGARH,RAIGARH,N/A,N/A,IND_DIST_0523,21.8037,82.1061,GRID_062_062,22.0,82.0,24.42,0.185,3
District,CHATISGARH,RAIGARH,N/A,N/A,IND_DIST_0523,21.8037,82.1061,GRID_062_063,22.0,82.25,26.4,0.1711,4
District,CHATISGARH,RAIPUR,N/A,N/A,IND_DIST_0524,21.7137,82.4211,GRID_061_064,21.75,82.5,9.09,0.4607,1
District,CHATISGARH,RAIPUR,N/A,N/A,IND_DIST_0524,21.7137,82.4211,GRID_061_063,21.75,82.25,18.13,0.2311,2
District,CHATISGARH,RAIPUR,N/A,N/A,IND_DIST_0524,21.7137,82.4211,GRID_060_064,21.5,82.5,25.12,0.1668,3
District,CHATISGARH,RAIPUR,N/A,N/A,IND_DIST_0524,21.7137,82.4211,GRID_060_063,21.5,82.25,29.62,0.1414,4
District,CHATISGARH,SURGUJA,N/A,N/A,IND_DIST_0525,20.7987,82.5411,GRID_057_064,20.75,82.5,6.9,0.5449,1
District,CHATISGARH,SURGUJA,N/A,N/A,IND_DIST_0525,20.7987,82.5411,GRID_057_065,20.75,82.75,22.38,0.1679,2
District,CHATISGARH,SURGUJA,N/A,N/A,IND_DIST_0525,20.7987,82.5411,GRID_058_064,21.0,82.5,22.79,0.1649,3
District,CHATISGARH,SURGUJA,N/A,N/A,IND_DIST_0525,20.7987,82.5411,GRID_057_063,20.75,82.25,30.75,0.1223,4
District,CHATISGARH,RAJNANDGAON,N/A,N/A,IND_DIST_0526,20.6937,82.2111,GRID_057_063,20.75,82.25,7.45,0.5237,1
District,CHATISGARH,RAJNANDGAON,N/A,N/A,IND_DIST_0526,20.6937,82.2111,GRID_056_063,20.5,82.25,21.92,0.1781,2
District,CHATISGARH,RAJNANDGAON,N/A,N/A,IND_DIST_0526,20.6937,82.2111,GRID_057_062,20.75,82.0,22.83,0.171,3
District,CHATISGARH,RAJNANDGAON,N/A,N/A,IND_DIST_0526,20.6937,82.2111,GRID_057_064,20.75,82.5,30.69,0.1272,4
District,CHATISGARH,DANTEWADA,N/A,N/A,IND_DIST_0527,20.5437,81.2211,GRID_056_059,20.5,81.25,5.72,0.5938,1
District,CHATISGARH,DANTEWADA,N/A,N/A,IND_DIST_0527,20.5437,81.2211,GRID_057_059,20.75,81.25,23.14,0.1467,2
District,CHATISGARH,DANTEWADA,N/A,N/A,IND_DIST_0527,20.5437,81.2211,GRID_056_058,20.5,81.0,23.53,0.1442,3
District,CHATISGARH,DANTEWADA,N/A,N/A,IND_DIST_0527,20.5437,81.2211,GRID_056_060,20.5,81.5,29.45,0.1153,4
District,CHATISGARH,KANKER (NORH,N/A,N/A,IND_DIST_0528,21.8487,81.1161,GRID_061_058,21.75,81.0,16.25,0.2895,1
District,CHATISGARH,KANKER (NORH,N/A,N/A,IND_DIST_0528,21.8487,81.1161,GRID_061_059,21.75,81.25,17.65,0.2665,2
District,CHATISGARH,KANKER (NORH,N/A,N/A,IND_DIST_0528,21.8487,81.1161,GRID_062_058,22.0,81.0,20.65,0.2278,3
District,CHATISGARH,KANKER (NORH,N/A,N/A,IND_DIST_0528,21.8487,81.1161,GRID_062_059,22.0,81.25,21.77,0.2161,4
District,CHATISGARH,JANJGIR-CHAMP,N/A,N/A,IND_DIST_0529,21.6687,82.3161,GRID_061_063,21.75,82.25,11.33,0.3952,1
District,CHATISGARH,JANJGIR-CHAMP,N/A,N/A,IND_DIST_0529,21.6687,82.3161,GRID_060_063,21.5,82.25,19.96,0.2243,2
District,CHATISGARH,JANJGIR-CHAMP,N/A,N/A,IND_DIST_0529,21.6687,82.3161,GRID_061_064,21.75,82.5,21.04,0.2128,3
District,CHATISGARH,JANJGIR-CHAMP,N/A,N/A,IND_DIST_0529,21.6687,82.3161,GRID_060_064,21.5,82.5,26.71,0.1676,4
District,CHATISGARH,KORBA,N/A,N/A,IND_DIST_0530,21.3537,82.5711,GRID_059_064,21.25,82.5,13.68,0.3392,1
District,CHATISGARH,KORBA,N/A,N/A,IND_DIST_0530,21.3537,82.5711,GRID_060_064,21.5,82.5,17.86,0.2599,2
District,CHATISGARH,KORBA,N/A,N/A,IND_DIST_0530,21.3537,82.5711,GRID_059_065,21.25,82.75,21.83,0.2126,3
District,CHATISGARH,KORBA,N/A,N/A,IND_DIST_0530,21.3537,82.5711,GRID_060_065,21.5,82.75,24.65,0.1883,4
District,CHATISGARH,JASHPUR,N/A,N/A,IND_DIST_0531,21.0837,81.2511,GRID_058_059,21.0,81.25,9.31,0.459,1
District,CHATISGARH,JASHPUR,N/A,N/A,IND_DIST_0531,21.0837,81.2511,GRID_059_059,21.25,81.25,18.49,0.231,2
District,CHATISGARH,JASHPUR,N/A,N/A,IND_DIST_0531,21.0837,81.2511,GRID_058_060,21.0,81.5,27.46,0.1556,3
District,CHATISGARH,JASHPUR,N/A,N/A,IND_DIST_0531,21.0837,81.2511,GRID_058_058,21.0,81.0,27.67,0.1544,4
District,CHATISGARH,DHAMTARI,N/A,N/A,IND_DIST_0532,20.9787,81.1461,GRID_058_059,21.0,81.25,11.04,0.4013,1
District,CHATISGARH,DHAMTARI,N/A,N/A,IND_DIST_0532,20.9787,81.1461,GRID_058_058,21.0,81.0,15.35,0.2887,2
District,CHATISGARH,DHAMTARI,N/A,N/A,IND_DIST_0532,20.9787,81.1461,GRID_057_059,20.75,81.25,27.63,0.1604,3
District,CHATISGARH,DHAMTARI,N/A,N/A,IND_DIST_0532,20.9787,81.1461,GRID_057_058,20.75,81.0,29.62,0.1496,4
District,CHATISGARH,MAHASAMUND,N/A,N/A,IND_DIST_0533,21.4587,82.1811,GRID_060_063,21.5,82.25,8.48,0.4824,1
District,CHATISGARH,MAHASAMUND,N/A,N/A,IND_DIST_0533,21.4587,82.1811,GRID_060_062,21.5,82.0,19.29,0.212,2
District,CHATISGARH,MAHASAMUND,N/A,N/A,IND_DIST_0533,21.4587,82.1811,GRID_059_063,21.25,82.25,24.28,0.1685,3
District,CHATISGARH,MAHASAMUND,N/A,N/A,IND_DIST_0533,21.4587,82.1811,GRID_059_062,21.25,82.0,29.84,0.1371,4
District,CHATISGARH,KORIYA,N/A,N/A,IND_DIST_0534,21.7887,81.1911,GRID_061_059,21.75,81.25,7.45,0.5212,1
District,CHATISGARH,KORIYA,N/A,N/A,IND_DIST_0534,21.7887,81.1911,GRID_061_058,21.75,81.0,20.2,0.1922,2
District,CHATISGARH,KORIYA,N/A,N/A,IND_DIST_0534,21.7887,81.1911,GRID_062_059,22.0,81.25,24.27,0.16,3
District,CHATISGARH,KORIYA,N/A,N/A,IND_DIST_0534,21.7887,81.1911,GRID_062_058,22.0,81.0,30.67,0.1266,4
District,CHATISGARH,KOWARDHA (KAB,N/A,N/A,IND_DIST_0535,21.8937,82.0911,GRID_062_062,22.0,82.0,15.1,0.3105,1
District,CHATISGARH,KOWARDHA (KAB,N/A,N/A,IND_DIST_0535,21.8937,82.0911,GRID_061_062,21.75,82.0,18.54,0.2528,2
District,CHATISGARH,KOWARDHA (KAB,N/A,N/A,IND_DIST_0535,21.8937,82.0911,GRID_062_063,22.0,82.25,20.21,0.232,3
District,CHATISGARH,KOWARDHA (KAB,N/A,N/A,IND_DIST_0535,21.8937,82.0911,GRID_061_063,21.75,82.25,22.9,0.2047,4
District,CHATISGARH,NARAYANPUR,N/A,N/A,IND_DIST_0536,21.0687,81.9411,GRID_058_062,21.0,82.0,9.78,0.4404,1
District,CHATISGARH,NARAYANPUR,N/A,N/A,IND_DIST_0536,21.0687,81.9411,GRID_059_062,21.25,82.0,21.06,0.2045,2
District,CHATISGARH,NARAYANPUR,N/A,N/A,IND_DIST_0536,21.0687,81.9411,GRID_058_061,21.0,81.75,21.25,0.2027,3
District,CHATISGARH,NARAYANPUR,N/A,N/A,IND_DIST_0536,21.0687,81.9411,GRID_059_061,21.25,81.75,28.27,0.1524,4
District,CHATISGARH,BIJAPUR,N/A,N/A,IND_DIST_0537,21.3237,81.2211,GRID_059_059,21.25,81.25,8.72,0.4787,1
District,CHATISGARH,BIJAPUR,N/A,N/A,IND_DIST_0537,21.3237,81.2211,GRID_060_059,21.5,81.25,19.83,0.2106,2
District,CHATISGARH,BIJAPUR,N/A,N/A,IND_DIST_0537,21.3237,81.2211,GRID_059_058,21.25,81.0,24.33,0.1717,3
District,CHATISGARH,BIJAPUR,N/A,N/A,IND_DIST_0537,21.3237,81.2211,GRID_059_060,21.25,81.5,30.04,0.139,4
District,ANDHRA PRADESH,EAST GODAVARI,N/A,N/A,IND_DIST_0538,15.5979,79.965,GRID_036_054,15.5,80.0,11.51,0.3969,1
District,ANDHRA PRADESH,EAST GODAVARI,N/A,N/A,IND_DIST_0538,15.5979,79.965,GRID_037_054,15.75,80.0,17.32,0.2638,2
District,ANDHRA PRADESH,EAST GODAVARI,N/A,N/A,IND_DIST_0538,15.5979,79.965,GRID_036_053,15.5,79.75,25.47,0.1794,3
District,ANDHRA PRADESH,EAST GODAVARI,N/A,N/A,IND_DIST_0538,15.5979,79.965,GRID_037_053,15.75,79.75,28.56,0.16,4
District,ANDHRA PRADESH,WEST GODAVARI,N/A,N/A,IND_DIST_0539,16.5879,79.17,GRID_040_051,16.5,79.25,12.97,0.3586,1
District,ANDHRA PRADESH,WEST GODAVARI,N/A,N/A,IND_DIST_0539,16.5879,79.17,GRID_041_051,16.75,79.25,19.94,0.2333,2
District,ANDHRA PRADESH,WEST GODAVARI,N/A,N/A,IND_DIST_0539,16.5879,79.17,GRID_040_050,16.5,79.0,20.59,0.226,3
District,ANDHRA PRADESH,WEST GODAVARI,N/A,N/A,IND_DIST_0539,16.5879,79.17,GRID_041_050,16.75,79.0,25.55,0.1821,4
District,ANDHRA PRADESH,GUNTUR,N/A,N/A,IND_DIST_0540,16.3629,79.77,GRID_039_053,16.25,79.75,12.73,0.3663,1
District,ANDHRA PRADESH,GUNTUR,N/A,N/A,IND_DIST_0540,16.3629,79.77,GRID_040_053,16.5,79.75,15.39,0.303,2
District,ANDHRA PRADESH,GUNTUR,N/A,N/A,IND_DIST_0540,16.3629,79.77,GRID_039_054,16.25,80.0,27.57,0.1692,3
District,ANDHRA PRADESH,GUNTUR,N/A,N/A,IND_DIST_0540,16.3629,79.77,GRID_040_054,16.5,80.0,28.88,0.1615,4
District,ANDHRA PRADESH,KRISHNA,N/A,N/A,IND_DIST_0541,16.4679,79.935,GRID_040_054,16.5,80.0,7.8,0.5134,1
District,ANDHRA PRADESH,KRISHNA,N/A,N/A,IND_DIST_0541,16.4679,79.935,GRID_040_053,16.5,79.75,20.05,0.1997,2
District,ANDHRA PRADESH,KRISHNA,N/A,N/A,IND_DIST_0541,16.4679,79.935,GRID_039_054,16.25,80.0,25.2,0.1588,3
District,ANDHRA PRADESH,KRISHNA,N/A,N/A,IND_DIST_0541,16.4679,79.935,GRID_039_053,16.25,79.75,31.25,0.1281,4
District,ANDHRA PRADESH,NELLORE,N/A,N/A,IND_DIST_0542,15.2079,80.4,GRID_035_056,15.25,80.5,11.71,0.3886,1
District,ANDHRA PRADESH,NELLORE,N/A,N/A,IND_DIST_0542,15.2079,80.4,GRID_035_055,15.25,80.25,16.76,0.2714,2
District,ANDHRA PRADESH,NELLORE,N/A,N/A,IND_DIST_0542,15.2079,80.4,GRID_034_056,15.0,80.5,25.49,0.1785,3
District,ANDHRA PRADESH,NELLORE,N/A,N/A,IND_DIST_0542,15.2079,80.4,GRID_034_055,15.0,80.25,28.17,0.1615,4
District,ANDHRA PRADESH,PRAKASAM,N/A,N/A,IND_DIST_0543,15.8829,79.635,GRID_038_053,16.0,79.75,17.91,0.2689,1
District,ANDHRA PRADESH,PRAKASAM,N/A,N/A,IND_DIST_0543,15.8829,79.635,GRID_037_053,15.75,79.75,19.23,0.2504,2
District,ANDHRA PRADESH,PRAKASAM,N/A,N/A,IND_DIST_0543,15.8829,79.635,GRID_038_052,16.0,79.5,19.44,0.2477,3
District,ANDHRA PRADESH,PRAKASAM,N/A,N/A,IND_DIST_0543,15.8829,79.635,GRID_037_052,15.75,79.5,20.66,0.233,4
District,ANDHRA PRADESH,SRIKAKULAM,N/A,N/A,IND_DIST_0544,16.5729,80.16,GRID_040_055,16.5,80.25,12.56,0.3675,1
District,ANDHRA PRADESH,SRIKAKULAM,N/A,N/A,IND_DIST_0544,16.5729,80.16,GRID_040_054,16.5,80.0,18.88,0.2445,2
District,ANDHRA PRADESH,SRIKAKULAM,N/A,N/A,IND_DIST_0544,16.5729,80.16,GRID_041_055,16.75,80.25,21.9,0.2108,3
District,ANDHRA PRADESH,SRIKAKULAM,N/A,N/A,IND_DIST_0544,16.5729,80.16,GRID_041_054,16.75,80.0,26.04,0.1772,4
District,ANDHRA PRADESH,VISAKHAPATNAM,N/A,N/A,IND_DIST_0545,15.6879,79.8,GRID_037_053,15.75,79.75,8.74,0.4795,1
District,ANDHRA PRADESH,VISAKHAPATNAM,N/A,N/A,IND_DIST_0545,15.6879,79.8,GRID_036_053,15.5,79.75,21.57,0.1942,2
District,ANDHRA PRADESH,VISAKHAPATNAM,N/A,N/A,IND_DIST_0545,15.6879,79.8,GRID_037_054,15.75,80.0,22.49,0.1862,3
District,ANDHRA PRADESH,VISAKHAPATNAM,N/A,N/A,IND_DIST_0545,15.6879,79.8,GRID_036_054,15.5,80.0,29.92,0.14,4
District,ANDHRA PRADESH,VIZIANAGARAM,N/A,N/A,IND_DIST_0546,15.4629,79.44,GRID_036_052,15.5,79.5,7.64,0.5198,1
District,ANDHRA PRADESH,VIZIANAGARAM,N/A,N/A,IND_DIST_0546,15.4629,79.44,GRID_036_051,15.5,79.25,20.77,0.1912,2
District,ANDHRA PRADESH,VIZIANAGARAM,N/A,N/A,IND_DIST_0546,15.4629,79.44,GRID_035_052,15.25,79.5,24.53,0.1619,3
District,ANDHRA PRADESH,VIZIANAGARAM,N/A,N/A,IND_DIST_0546,15.4629,79.44,GRID_035_051,15.25,79.25,31.23,0.1271,4
District,ANDHRA PRADESH,ADILABAD,N/A,N/A,IND_DIST_0547,16.3329,80.355,GRID_039_055,16.25,80.25,14.51,0.3252,1
District,ANDHRA PRADESH,ADILABAD,N/A,N/A,IND_DIST_0547,16.3329,80.355,GRID_039_056,16.25,80.5,18.01,0.262,2
District,ANDHRA PRADESH,ADILABAD,N/A,N/A,IND_DIST_0547,16.3329,80.355,GRID_040_055,16.5,80.25,21.69,0.2175,3
District,ANDHRA PRADESH,ADILABAD,N/A,N/A,IND_DIST_0547,16.3329,80.355,GRID_040_056,16.5,80.5,24.18,0.1952,4
District,ANDHRA PRADESH,HYDERABAD,N/A,N/A,IND_DIST_0548,16.2129,79.41,GRID_039_052,16.25,79.5,10.46,0.4233,1
District,ANDHRA PRADESH,HYDERABAD,N/A,N/A,IND_DIST_0548,16.2129,79.41,GRID_039_051,16.25,79.25,17.57,0.2519,2
District,ANDHRA PRADESH,HYDERABAD,N/A,N/A,IND_DIST_0548,16.2129,79.41,GRID_038_052,16.0,79.5,25.55,0.1732,3
District,ANDHRA PRADESH,HYDERABAD,N/A,N/A,IND_DIST_0548,16.2129,79.41,GRID_038_051,16.0,79.25,29.2,0.1516,4
District,ANDHRA PRADESH,KARIMNAGAR,N/A,N/A,IND_DIST_0549,15.4329,79.335,GRID_036_051,15.5,79.25,11.77,0.3878,1
District,ANDHRA PRADESH,KARIMNAGAR,N/A,N/A,IND_DIST_0549,15.4329,79.335,GRID_036_052,15.5,79.5,19.19,0.2379,2
District,ANDHRA PRADESH,KARIMNAGAR,N/A,N/A,IND_DIST_0549,15.4329,79.335,GRID_035_051,15.25,79.25,22.29,0.2049,3
District,ANDHRA PRADESH,KARIMNAGAR,N/A,N/A,IND_DIST_0549,15.4329,79.335,GRID_035_052,15.25,79.5,26.96,0.1694,4
District,ANDHRA PRADESH,KHAMMAM,N/A,N/A,IND_DIST_0550,16.3779,80.175,GRID_040_055,16.5,80.25,15.76,0.3012,1
District,ANDHRA PRADESH,KHAMMAM,N/A,N/A,IND_DIST_0550,16.3779,80.175,GRID_039_055,16.25,80.25,16.32,0.2909,2
District,ANDHRA PRADESH,KHAMMAM,N/A,N/A,IND_DIST_0550,16.3779,80.175,GRID_040_054,16.5,80.0,23.08,0.2057,3
District,ANDHRA PRADESH,KHAMMAM,N/A,N/A,IND_DIST_0550,16.3779,80.175,GRID_039_054,16.25,80.0,23.47,0.2022,4
District,ANDHRA PRADESH,MAHABUBNAGAR,N/A,N/A,IND_DIST_0551,15.2079,79.755,GRID_035_053,15.25,79.75,4.71,0.6452,1
District,ANDHRA PRADESH,MAHABUBNAGAR,N/A,N/A,IND_DIST_0551,15.2079,79.755,GRID_034_053,15.0,79.75,23.12,0.1315,2
District,ANDHRA PRADESH,MAHABUBNAGAR,N/A,N/A,IND_DIST_0551,15.2079,79.755,GRID_035_054,15.25,80.0,26.7,0.1139,3
District,ANDHRA PRADESH,MAHABUBNAGAR,N/A,N/A,IND_DIST_0551,15.2079,79.755,GRID_035_052,15.25,79.5,27.76,0.1095,4
District,ANDHRA PRADESH,MEDAK,N/A,N/A,IND_DIST_0552,16.1079,80.25,GRID_038_055,16.0,80.25,12.0,0.3878,1
District,ANDHRA PRADESH,MEDAK,N/A,N/A,IND_DIST_0552,16.1079,80.25,GRID_039_055,16.25,80.25,15.8,0.2945,2
District,ANDHRA PRADESH,MEDAK,N/A,N/A,IND_DIST_0552,16.1079,80.25,GRID_038_056,16.0,80.5,29.29,0.1589,3
District,ANDHRA PRADESH,MEDAK,N/A,N/A,IND_DIST_0552,16.1079,80.25,GRID_038_054,16.0,80.0,29.29,0.1589,4
District,ANDHRA PRADESH,NALGONDA,N/A,N/A,IND_DIST_0553,15.2979,79.545,GRID_035_052,15.25,79.5,7.19,0.5379,1
District,ANDHRA PRADESH,NALGONDA,N/A,N/A,IND_DIST_0553,15.2979,79.545,GRID_035_053,15.25,79.75,22.63,0.1709,2
District,ANDHRA PRADESH,NALGONDA,N/A,N/A,IND_DIST_0553,15.2979,79.545,GRID_036_052,15.5,79.5,22.98,0.1682,3
District,ANDHRA PRADESH,NALGONDA,N/A,N/A,IND_DIST_0553,15.2979,79.545,GRID_036_053,15.5,79.75,31.43,0.123,4
District,ANDHRA PRADESH,NIZAMABAD,N/A,N/A,IND_DIST_0554,15.9279,79.365,GRID_038_051,16.0,79.25,14.68,0.3207,1
District,ANDHRA PRADESH,NIZAMABAD,N/A,N/A,IND_DIST_0554,15.9279,79.365,GRID_038_052,16.0,79.5,16.51,0.2851,2
District,ANDHRA PRADESH,NIZAMABAD,N/A,N/A,IND_DIST_0554,15.9279,79.365,GRID_037_051,15.75,79.25,23.29,0.2021,3
District,ANDHRA PRADESH,NIZAMABAD,N/A,N/A,IND_DIST_0554,15.9279,79.365,GRID_037_052,15.75,79.5,24.49,0.1922,4
District,ANDHRA PRADESH,WARANGAL,N/A,N/A,IND_DIST_0555,16.0929,79.065,GRID_038_050,16.0,79.0,12.45,0.3714,1
District,ANDHRA PRADESH,WARANGAL,N/A,N/A,IND_DIST_0555,16.0929,79.065,GRID_039_050,16.25,79.0,18.8,0.246,2
District,ANDHRA PRADESH,WARANGAL,N/A,N/A,IND_DIST_0555,16.0929,79.065,GRID_038_051,16.0,79.25,22.31,0.2073,3
District,ANDHRA PRADESH,WARANGAL,N/A,N/A,IND_DIST_0555,16.0929,79.065,GRID_039_051,16.25,79.25,26.37,0.1753,4
District,ANDHRA PRADESH,RANGAREDDY,N/A,N/A,IND_DIST_0556,16.4229,80.325,GRID_040_055,16.5,80.25,11.72,0.3889,1
District,ANDHRA PRADESH,RANGAREDDY,N/A,N/A,IND_DIST_0556,16.4229,80.325,GRID_040_056,16.5,80.5,20.54,0.222,2
District,ANDHRA PRADESH,RANGAREDDY,N/A,N/A,IND_DIST_0556,16.4229,80.325,GRID_039_055,16.25,80.25,20.82,0.219,3
District,ANDHRA PRADESH,RANGAREDDY,N/A,N/A,IND_DIST_0556,16.4229,80.325,GRID_039_056,16.25,80.5,26.8,0.1701,4
District,ANDHRA PRADESH,ANANTAPUR,N/A,N/A,IND_DIST_0557,16.0479,79.245,GRID_038_051,16.0,79.25,5.35,0.613,1
District,ANDHRA PRADESH,ANANTAPUR,N/A,N/A,IND_DIST_0557,16.0479,79.245,GRID_039_051,16.25,79.25,22.48,0.146,2
District,ANDHRA PRADESH,ANANTAPUR,N/A,N/A,IND_DIST_0557,16.0479,79.245,GRID_038_050,16.0,79.0,26.72,0.1228,3
District,ANDHRA PRADESH,ANANTAPUR,N/A,N/A,IND_DIST_0557,16.0479,79.245,GRID_038_052,16.0,79.5,27.77,0.1182,4
District,ANDHRA PRADESH,CHITTOOR,N/A,N/A,IND_DIST_0558,15.7629,79.365,GRID_037_051,15.75,79.25,12.39,0.3715,1
District,ANDHRA PRADESH,CHITTOOR,N/A,N/A,IND_DIST_0558,15.7629,79.365,GRID_037_052,15.75,79.5,14.52,0.3171,2
District,ANDHRA PRADESH,CHITTOOR,N/A,N/A,IND_DIST_0558,15.7629,79.365,GRID_038_051,16.0,79.25,29.09,0.1582,3
District,ANDHRA PRADESH,CHITTOOR,N/A,N/A,IND_DIST_0558,15.7629,79.365,GRID_038_052,16.0,79.5,30.06,0.1531,4
District,ANDHRA PRADESH,KUDDAPAH,N/A,N/A,IND_DIST_0559,15.2979,79.815,GRID_035_053,15.25,79.75,8.77,0.4779,1
District,ANDHRA PRADESH,KUDDAPAH,N/A,N/A,IND_DIST_0559,15.2979,79.815,GRID_035_054,15.25,80.0,20.55,0.2041,2
District,ANDHRA PRADESH,KUDDAPAH,N/A,N/A,IND_DIST_0559,15.2979,79.815,GRID_036_053,15.5,79.75,23.53,0.1782,3
District,ANDHRA PRADESH,KUDDAPAH,N/A,N/A,IND_DIST_0559,15.2979,79.815,GRID_036_054,15.5,80.0,29.97,0.1399,4
District,ANDHRA PRADESH,KURNOOL,N/A,N/A,IND_DIST_0560,16.4379,80.25,GRID_040_055,16.5,80.25,6.91,0.5459,1
District,ANDHRA PRADESH,KURNOOL,N/A,N/A,IND_DIST_0560,16.4379,80.25,GRID_039_055,16.25,80.25,20.89,0.1804,2
District,ANDHRA PRADESH,KURNOOL,N/A,N/A,IND_DIST_0560,16.4379,80.25,GRID_040_054,16.5,80.0,27.54,0.1369,3
District,ANDHRA PRADESH,KURNOOL,N/A,N/A,IND_DIST_0560,16.4379,80.25,GRID_040_056,16.5,80.5,27.54,0.1369,4
District,TAMIL NADU,VELLORE,N/A,N/A,IND_DIST_0561,10.4671,78.4619,GRID_016_048,10.5,78.5,5.54,0.6107,1
District,TAMIL NADU,VELLORE,N/A,N/A,IND_DIST_0561,10.4671,78.4619,GRID_016_047,10.5,78.25,23.46,0.1443,2
District,TAMIL NADU,VELLORE,N/A,N/A,IND_DIST_0561,10.4671,78.4619,GRID_015_048,10.25,78.5,24.5,0.1382,3
District,TAMIL NADU,VELLORE,N/A,N/A,IND_DIST_0561,10.4671,78.4619,GRID_016_049,10.5,78.75,31.71,0.1068,4
District,TAMIL NADU,COIMBATORE,N/A,N/A,IND_DIST_0562,11.8021,79.2119,GRID_021_051,11.75,79.25,7.12,0.5431,1
District,TAMIL NADU,COIMBATORE,N/A,N/A,IND_DIST_0562,11.8021,79.2119,GRID_022_051,12.0,79.25,22.39,0.1728,2
District,TAMIL NADU,COIMBATORE,N/A,N/A,IND_DIST_0562,11.8021,79.2119,GRID_021_050,11.75,79.0,23.78,0.1627,3
District,TAMIL NADU,COIMBATORE,N/A,N/A,IND_DIST_0562,11.8021,79.2119,GRID_022_050,12.0,79.0,31.87,0.1214,4
District,TAMIL NADU,DHARMAPURI,N/A,N/A,IND_DIST_0563,11.3821,77.9069,GRID_020_046,11.5,78.0,16.58,0.2913,1
District,TAMIL NADU,DHARMAPURI,N/A,N/A,IND_DIST_0563,11.3821,77.9069,GRID_019_046,11.25,78.0,17.86,0.2704,2
District,TAMIL NADU,DHARMAPURI,N/A,N/A,IND_DIST_0563,11.3821,77.9069,GRID_020_045,11.5,77.75,21.55,0.2241,3
District,TAMIL NADU,DHARMAPURI,N/A,N/A,IND_DIST_0563,11.3821,77.9069,GRID_019_045,11.25,77.75,22.55,0.2142,4
District,TAMIL NADU,KANYAKUMARI,N/A,N/A,IND_DIST_0564,10.3921,78.4769,GRID_016_048,10.5,78.5,12.26,0.3805,1
District,TAMIL NADU,KANYAKUMARI,N/A,N/A,IND_DIST_0564,10.3921,78.4769,GRID_015_048,10.25,78.5,16.0,0.2916,2
District,TAMIL NADU,KANYAKUMARI,N/A,N/A,IND_DIST_0564,10.3921,78.4769,GRID_016_047,10.5,78.25,27.56,0.1693,3
District,TAMIL NADU,KANYAKUMARI,N/A,N/A,IND_DIST_0564,10.3921,78.4769,GRID_015_047,10.25,78.25,29.42,0.1586,4
District,TAMIL NADU,CHENNAI,N/A,N/A,IND_DIST_0565,10.6621,78.8219,GRID_017_049,10.75,78.75,12.54,0.3723,1
District,TAMIL NADU,CHENNAI,N/A,N/A,IND_DIST_0565,10.6621,78.8219,GRID_016_049,10.5,78.75,19.66,0.2374,2
District,TAMIL NADU,CHENNAI,N/A,N/A,IND_DIST_0565,10.6621,78.8219,GRID_017_050,10.75,79.0,21.78,0.2144,3
District,TAMIL NADU,CHENNAI,N/A,N/A,IND_DIST_0565,10.6621,78.8219,GRID_016_050,10.5,79.0,26.53,0.176,4
District,TAMIL NADU,MADURAI,N/A,N/A,IND_DIST_0566,10.9321,78.0119,GRID_018_046,11.0,78.0,7.66,0.5209,1
District,TAMIL NADU,MADURAI,N/A,N/A,IND_DIST_0566,10.9321,78.0119,GRID_017_046,10.75,78.0,20.29,0.1967,2
District,TAMIL NADU,MADURAI,N/A,N/A,IND_DIST_0566,10.9321,78.0119,GRID_018_047,11.0,78.25,27.07,0.1474,3
District,TAMIL NADU,MADURAI,N/A,N/A,IND_DIST_0566,10.9321,78.0119,GRID_018_045,11.0,77.75,29.57,0.135,4
District,TAMIL NADU,NILGIRIS,N/A,N/A,IND_DIST_0567,10.6471,77.9219,GRID_017_046,10.75,78.0,14.27,0.3338,1
District,TAMIL NADU,NILGIRIS,N/A,N/A,IND_DIST_0567,10.6471,77.9219,GRID_016_046,10.5,78.0,18.45,0.2583,2
District,TAMIL NADU,NILGIRIS,N/A,N/A,IND_DIST_0567,10.6471,77.9219,GRID_017_045,10.75,77.75,21.99,0.2167,3
District,TAMIL NADU,NILGIRIS,N/A,N/A,IND_DIST_0567,10.6471,77.9219,GRID_016_045,10.5,77.75,24.91,0.1913,4
District,TAMIL NADU,RAMANATHAPURA,N/A,N/A,IND_DIST_0568,11.8021,78.7469,GRID_021_049,11.75,78.75,5.8,0.5949,1
District,TAMIL NADU,RAMANATHAPURA,N/A,N/A,IND_DIST_0568,11.8021,78.7469,GRID_022_049,12.0,78.75,22.01,0.1569,2
District,TAMIL NADU,RAMANATHAPURA,N/A,N/A,IND_DIST_0568,11.8021,78.7469,GRID_021_048,11.75,78.5,27.49,0.1256,3
District,TAMIL NADU,RAMANATHAPURA,N/A,N/A,IND_DIST_0568,11.8021,78.7469,GRID_021_050,11.75,79.0,28.15,0.1226,4
District,TAMIL NADU,SALEM,N/A,N/A,IND_DIST_0569,11.3671,79.0019,GRID_019_050,11.25,79.0,13.02,0.3645,1
District,TAMIL NADU,SALEM,N/A,N/A,IND_DIST_0569,11.3671,79.0019,GRID_020_050,11.5,79.0,14.78,0.3212,2
District,TAMIL NADU,SALEM,N/A,N/A,IND_DIST_0569,11.3671,79.0019,GRID_019_051,11.25,79.25,30.02,0.1581,3
District,TAMIL NADU,SALEM,N/A,N/A,IND_DIST_0569,11.3671,79.0019,GRID_019_049,11.25,78.75,30.4,0.1562,4
District,TAMIL NADU,THANJAVUR,N/A,N/A,IND_DIST_0570,10.4971,78.8369,GRID_016_049,10.5,78.75,9.51,0.4587,1
District,TAMIL NADU,THANJAVUR,N/A,N/A,IND_DIST_0570,10.4971,78.8369,GRID_016_050,10.5,79.0,17.84,0.2445,2
District,TAMIL NADU,THANJAVUR,N/A,N/A,IND_DIST_0570,10.4971,78.8369,GRID_015_049,10.25,78.75,29.07,0.15,3
District,TAMIL NADU,THANJAVUR,N/A,N/A,IND_DIST_0570,10.4971,78.8369,GRID_017_049,10.75,78.75,29.68,0.1469,4
District,TAMIL NADU,TIRUCHIRAPPAL,N/A,N/A,IND_DIST_0571,11.8321,79.0769,GRID_021_050,11.75,79.0,12.39,0.3754,1
District,TAMIL NADU,TIRUCHIRAPPAL,N/A,N/A,IND_DIST_0571,11.8321,79.0769,GRID_022_050,12.0,79.0,20.46,0.2273,2
District,TAMIL NADU,TIRUCHIRAPPAL,N/A,N/A,IND_DIST_0571,11.8321,79.0769,GRID_021_051,11.75,79.25,20.94,0.2221,3
District,TAMIL NADU,TIRUCHIRAPPAL,N/A,N/A,IND_DIST_0571,11.8321,79.0769,GRID_022_051,12.0,79.25,26.52,0.1753,4
District,TAMIL NADU,TIRUNELVELI,N/A,N/A,IND_DIST_0572,10.5571,78.1469,GRID_016_047,10.5,78.25,12.94,0.3615,1
District,TAMIL NADU,TIRUNELVELI,N/A,N/A,IND_DIST_0572,10.5571,78.1469,GRID_016_046,10.5,78.0,17.27,0.2708,2
District,TAMIL NADU,TIRUNELVELI,N/A,N/A,IND_DIST_0572,10.5571,78.1469,GRID_017_047,10.75,78.25,24.23,0.193,3
District,TAMIL NADU,TIRUNELVELI,N/A,N/A,IND_DIST_0572,10.5571,78.1469,GRID_017_046,10.75,78.0,26.79,0.1746,4
District,TAMIL NADU,ERODE,N/A,N/A,IND_DIST_0573,10.6321,78.9719,GRID_017_050,10.75,79.0,13.46,0.3496,1
District,TAMIL NADU,ERODE,N/A,N/A,IND_DIST_0573,10.6321,78.9719,GRID_016_050,10.5,79.0,15.01,0.3137,2
District,TAMIL NADU,ERODE,N/A,N/A,IND_DIST_0573,10.6321,78.9719,GRID_017_049,10.75,78.75,27.56,0.1708,3
District,TAMIL NADU,ERODE,N/A,N/A,IND_DIST_0573,10.6321,78.9719,GRID_016_049,10.5,78.75,28.36,0.166,4
District,TAMIL NADU,PUDUKKOTTAI,N/A,N/A,IND_DIST_0574,11.1271,78.4019,GRID_019_048,11.25,78.5,17.36,0.279,1
District,TAMIL NADU,PUDUKKOTTAI,N/A,N/A,IND_DIST_0574,11.1271,78.4019,GRID_018_048,11.0,78.5,17.73,0.2732,2
District,TAMIL NADU,PUDUKKOTTAI,N/A,N/A,IND_DIST_0574,11.1271,78.4019,GRID_019_047,11.25,78.25,21.48,0.2255,3
District,TAMIL NADU,PUDUKKOTTAI,N/A,N/A,IND_DIST_0574,11.1271,78.4019,GRID_018_047,11.0,78.25,21.78,0.2223,4
District,TAMIL NADU,DINDIGUL,N/A,N/A,IND_DIST_0575,10.7671,77.9669,GRID_017_046,10.75,78.0,4.09,0.6828,1
District,TAMIL NADU,DINDIGUL,N/A,N/A,IND_DIST_0575,10.7671,77.9669,GRID_017_045,10.75,77.75,23.77,0.1173,2
District,TAMIL NADU,DINDIGUL,N/A,N/A,IND_DIST_0575,10.7671,77.9669,GRID_018_046,11.0,78.0,26.15,0.1067,3
District,TAMIL NADU,DINDIGUL,N/A,N/A,IND_DIST_0575,10.7671,77.9669,GRID_016_046,10.5,78.0,29.92,0.0932,4
District,TAMIL NADU,VIRUDHUNAGAR,N/A,N/A,IND_DIST_0576,10.5421,79.1069,GRID_016_050,10.5,79.0,12.59,0.3693,1
District,TAMIL NADU,VIRUDHUNAGAR,N/A,N/A,IND_DIST_0576,10.5421,79.1069,GRID_016_051,10.5,79.25,16.33,0.2847,2
District,TAMIL NADU,VIRUDHUNAGAR,N/A,N/A,IND_DIST_0576,10.5421,79.1069,GRID_017_050,10.75,79.0,25.9,0.1795,3
District,TAMIL NADU,VIRUDHUNAGAR,N/A,N/A,IND_DIST_0576,10.5421,79.1069,GRID_017_051,10.75,79.25,27.91,0.1666,4
District,TAMIL NADU,SIVAGANGA,N/A,N/A,IND_DIST_0577,10.8571,78.2819,GRID_017_047,10.75,78.25,12.41,0.3756,1
District,TAMIL NADU,SIVAGANGA,N/A,N/A,IND_DIST_0577,10.8571,78.2819,GRID_018_047,11.0,78.25,16.27,0.2865,2
District,TAMIL NADU,SIVAGANGA,N/A,N/A,IND_DIST_0577,10.8571,78.2819,GRID_017_048,10.75,78.5,26.63,0.175,3
District,TAMIL NADU,SIVAGANGA,N/A,N/A,IND_DIST_0577,10.8571,78.2819,GRID_018_048,11.0,78.5,28.63,0.1628,4
District,TAMIL NADU,THOOTHUKUDI,N/A,N/A,IND_DIST_0578,10.6921,79.1069,GRID_017_050,10.75,79.0,13.34,0.3521,1
District,TAMIL NADU,THOOTHUKUDI,N/A,N/A,IND_DIST_0578,10.6921,79.1069,GRID_017_051,10.75,79.25,16.91,0.2777,2
District,TAMIL NADU,THOOTHUKUDI,N/A,N/A,IND_DIST_0578,10.6921,79.1069,GRID_016_050,10.5,79.0,24.35,0.1929,3
District,TAMIL NADU,THOOTHUKUDI,N/A,N/A,IND_DIST_0578,10.6921,79.1069,GRID_016_051,10.5,79.25,26.47,0.1774,4
District,TAMIL NADU,TIRUVANNAMALA,N/A,N/A,IND_DIST_0579,11.0671,79.3919,GRID_018_052,11.0,79.5,13.96,0.3388,1
District,TAMIL NADU,TIRUVANNAMALA,N/A,N/A,IND_DIST_0579,11.0671,79.3919,GRID_018_051,11.0,79.25,17.19,0.2751,2
District,TAMIL NADU,TIRUVANNAMALA,N/A,N/A,IND_DIST_0579,11.0671,79.3919,GRID_019_052,11.25,79.5,23.51,0.2011,3
District,TAMIL NADU,TIRUVANNAMALA,N/A,N/A,IND_DIST_0579,11.0671,79.3919,GRID_019_051,11.25,79.25,25.56,0.185,4
District,TAMIL NADU,NAGAPATTINAM,N/A,N/A,IND_DIST_0580,11.6821,78.1019,GRID_021_046,11.75,78.0,13.42,0.3505,1
District,TAMIL NADU,NAGAPATTINAM,N/A,N/A,IND_DIST_0580,11.6821,78.1019,GRID_021_047,11.75,78.25,17.8,0.2642,2
District,TAMIL NADU,NAGAPATTINAM,N/A,N/A,IND_DIST_0580,11.6821,78.1019,GRID_020_046,11.5,78.0,23.09,0.2037,3
District,TAMIL NADU,NAGAPATTINAM,N/A,N/A,IND_DIST_0580,11.6821,78.1019,GRID_020_047,11.5,78.25,25.89,0.1817,4
District,TAMIL NADU,VILUPPURAM,N/A,N/A,IND_DIST_0581,11.0521,77.9519,GRID_018_046,11.0,78.0,7.82,0.5155,1
District,TAMIL NADU,VILUPPURAM,N/A,N/A,IND_DIST_0581,11.0521,77.9519,GRID_019_046,11.25,78.0,22.62,0.1782,2
District,TAMIL NADU,VILUPPURAM,N/A,N/A,IND_DIST_0581,11.0521,77.9519,GRID_018_045,11.0,77.75,22.78,0.1769,3
District,TAMIL NADU,VILUPPURAM,N/A,N/A,IND_DIST_0581,11.0521,77.9519,GRID_019_045,11.25,77.75,31.14,0.1294,4
District,TAMIL NADU,CUDDALORE,N/A,N/A,IND_DIST_0582,11.5171,78.8369,GRID_020_049,11.5,78.75,9.66,0.4545,1
District,TAMIL NADU,CUDDALORE,N/A,N/A,IND_DIST_0582,11.5171,78.8369,GRID_020_050,11.5,79.0,17.87,0.2456,2
District,TAMIL NADU,CUDDALORE,N/A,N/A,IND_DIST_0582,11.5171,78.8369,GRID_021_049,11.75,78.75,27.57,0.1592,3
District,TAMIL NADU,CUDDALORE,N/A,N/A,IND_DIST_0582,11.5171,78.8369,GRID_019_049,11.25,78.75,31.17,0.1408,4
District,TAMIL NADU,KANCHIPURAM,N/A,N/A,IND_DIST_0583,11.5621,78.7319,GRID_020_049,11.5,78.75,7.18,0.5389,1
District,TAMIL NADU,KANCHIPURAM,N/A,N/A,IND_DIST_0583,11.5621,78.7319,GRID_021_049,11.75,78.75,20.99,0.1844,2
District,TAMIL NADU,KANCHIPURAM,N/A,N/A,IND_DIST_0583,11.5621,78.7319,GRID_020_048,11.5,78.5,26.19,0.1478,3
District,TAMIL NADU,KANCHIPURAM,N/A,N/A,IND_DIST_0583,11.5621,78.7319,GRID_020_050,11.5,79.0,30.01,0.1289,4
District,TAMIL NADU,TIRUVALLUR,N/A,N/A,IND_DIST_0584,10.4971,78.9419,GRID_016_050,10.5,79.0,6.36,0.5717,1
District,TAMIL NADU,TIRUVALLUR,N/A,N/A,IND_DIST_0584,10.4971,78.9419,GRID_016_049,10.5,78.75,20.98,0.1733,2
District,TAMIL NADU,TIRUVALLUR,N/A,N/A,IND_DIST_0584,10.4971,78.9419,GRID_015_050,10.25,79.0,28.2,0.1289,3
District,TAMIL NADU,TIRUVALLUR,N/A,N/A,IND_DIST_0584,10.4971,78.9419,GRID_017_050,10.75,79.0,28.83,0.1261,4
District,TAMIL NADU,THENI,N/A,N/A,IND_DIST_0585,11.8321,78.3719,GRID_021_047,11.75,78.25,16.11,0.2975,1
District,TAMIL NADU,THENI,N/A,N/A,IND_DIST_0585,11.8321,78.3719,GRID_021_048,11.75,78.5,16.67,0.2875,2
District,TAMIL NADU,THENI,N/A,N/A,IND_DIST_0585,11.8321,78.3719,GRID_022_047,12.0,78.25,22.9,0.2093,3
District,TAMIL NADU,THENI,N/A,N/A,IND_DIST_0585,11.8321,78.3719,GRID_022_048,12.0,78.5,23.3,0.2057,4
District,TAMIL NADU,NAMAKKAL,N/A,N/A,IND_DIST_0586,11.5321,79.1069,GRID_020_050,11.5,79.0,12.18,0.3791,1
District,TAMIL NADU,NAMAKKAL,N/A,N/A,IND_DIST_0586,11.5321,79.1069,GRID_020_051,11.5,79.25,16.0,0.2887,2
District,TAMIL NADU,NAMAKKAL,N/A,N/A,IND_DIST_0586,11.5321,79.1069,GRID_021_050,11.75,79.0,26.88,0.1718,3
District,TAMIL NADU,NAMAKKAL,N/A,N/A,IND_DIST_0586,11.5321,79.1069,GRID_021_051,11.75,79.25,28.81,0.1603,4
District,TAMIL NADU,KARUR,N/A,N/A,IND_DIST_0587,10.7971,79.1819,GRID_017_051,10.75,79.25,9.1,0.4698,1
District,TAMIL NADU,KARUR,N/A,N/A,IND_DIST_0587,10.7971,79.1819,GRID_017_050,10.75,79.0,20.55,0.208,2
District,TAMIL NADU,KARUR,N/A,N/A,IND_DIST_0587,10.7971,79.1819,GRID_018_051,11.0,79.25,23.76,0.1799,3
District,TAMIL NADU,KARUR,N/A,N/A,IND_DIST_0587,10.7971,79.1819,GRID_018_050,11.0,79.0,30.06,0.1422,4
District,TAMIL NADU,PERAMBALUR,N/A,N/A,IND_DIST_0588,11.5021,78.9119,GRID_020_050,11.5,79.0,9.6,0.4551,1
District,TAMIL NADU,PERAMBALUR,N/A,N/A,IND_DIST_0588,11.5021,78.9119,GRID_020_049,11.5,78.75,17.64,0.2477,2
District,TAMIL NADU,PERAMBALUR,N/A,N/A,IND_DIST_0588,11.5021,78.9119,GRID_021_050,11.75,79.0,29.19,0.1497,3
District,TAMIL NADU,PERAMBALUR,N/A,N/A,IND_DIST_0588,11.5021,78.9119,GRID_019_050,11.25,79.0,29.63,0.1475,4
District,TAMIL NADU,TIRUVARUR,N/A,N/A,IND_DIST_0589,10.8871,78.3419,GRID_018_047,11.0,78.25,16.07,0.3002,1
District,TAMIL NADU,TIRUVARUR,N/A,N/A,IND_DIST_0589,10.8871,78.3419,GRID_017_047,10.75,78.25,18.25,0.2643,2
District,TAMIL NADU,TIRUVARUR,N/A,N/A,IND_DIST_0589,10.8871,78.3419,GRID_018_048,11.0,78.5,21.34,0.226,3
District,TAMIL NADU,TIRUVARUR,N/A,N/A,IND_DIST_0589,10.8871,78.3419,GRID_017_048,10.75,78.5,23.03,0.2094,4
District,TAMIL NADU,KRISHNAGIRI,N/A,N/A,IND_DIST_0590,10.8871,79.0319,GRID_018_050,11.0,79.0,13.03,0.36,1
District,TAMIL NADU,KRISHNAGIRI,N/A,N/A,IND_DIST_0590,10.8871,79.0319,GRID_017_050,10.75,79.0,15.64,0.2999,2
District,TAMIL NADU,KRISHNAGIRI,N/A,N/A,IND_DIST_0590,10.8871,79.0319,GRID_018_051,11.0,79.25,26.92,0.1742,3
District,TAMIL NADU,KRISHNAGIRI,N/A,N/A,IND_DIST_0590,10.8871,79.0319,GRID_017_051,10.75,79.25,28.28,0.1658,4
District,TAMIL NADU,ARIYALUR,N/A,N/A,IND_DIST_0591,10.4071,79.2869,GRID_016_051,10.5,79.25,11.09,0.4108,1
District,TAMIL NADU,ARIYALUR,N/A,N/A,IND_DIST_0591,10.4071,79.2869,GRID_015_051,10.25,79.25,17.93,0.2541,2
District,TAMIL NADU,ARIYALUR,N/A,N/A,IND_DIST_0591,10.4071,79.2869,GRID_016_052,10.5,79.5,25.49,0.1787,3
District,TAMIL NADU,ARIYALUR,N/A,N/A,IND_DIST_0591,10.4071,79.2869,GRID_015_052,10.25,79.5,29.13,0.1564,4
District,TAMIL NADU,TIRUPUR,N/A,N/A,IND_DIST_0592,11.0521,78.7319,GRID_018_049,11.0,78.75,6.12,0.5821,1
District,TAMIL NADU,TIRUPUR,N/A,N/A,IND_DIST_0592,11.0521,78.7319,GRID_019_049,11.25,78.75,22.09,0.1613,2
District,TAMIL NADU,TIRUPUR,N/A,N/A,IND_DIST_0592,11.0521,78.7319,GRID_018_048,11.0,78.5,25.96,0.1372,3
District,TAMIL NADU,TIRUPUR,N/A,N/A,IND_DIST_0592,11.0521,78.7319,GRID_018_050,11.0,79.0,29.83,0.1194,4
District,PONDICHERRY,PONDICHERRY,N/A,N/A,IND_DIST_0593,11.8666,80.5283,GRID_021_056,11.75,80.5,13.33,0.3525,1
District,PONDICHERRY,PONDICHERRY,N/A,N/A,IND_DIST_0593,11.8666,80.5283,GRID_022_056,12.0,80.5,15.15,0.3101,2
District,PONDICHERRY,PONDICHERRY,N/A,N/A,IND_DIST_0593,11.8666,80.5283,GRID_021_057,11.75,80.75,27.39,0.1715,3
District,PONDICHERRY,PONDICHERRY,N/A,N/A,IND_DIST_0593,11.8666,80.5283,GRID_022_057,12.0,80.75,28.32,0.1659,4
District,PONDICHERRY,KARAIKAL,N/A,N/A,IND_DIST_0594,12.6166,80.1383,GRID_024_055,12.5,80.25,17.75,0.273,1
District,PONDICHERRY,KARAIKAL,N/A,N/A,IND_DIST_0594,12.6166,80.1383,GRID_025_055,12.75,80.25,19.15,0.253,2
District,PONDICHERRY,KARAIKAL,N/A,N/A,IND_DIST_0594,12.6166,80.1383,GRID_024_054,12.5,80.0,19.83,0.2443,3
District,PONDICHERRY,KARAIKAL,N/A,N/A,IND_DIST_0594,12.6166,80.1383,GRID_025_054,12.75,80.0,21.1,0.2297,4
District,PONDICHERRY,MAHE,N/A,N/A,IND_DIST_0595,11.7016,79.2683,GRID_021_051,11.75,79.25,5.74,0.5986,1
District,PONDICHERRY,MAHE,N/A,N/A,IND_DIST_0595,11.7016,79.2683,GRID_020_051,11.5,79.25,22.51,0.1526,2
District,PONDICHERRY,MAHE,N/A,N/A,IND_DIST_0595,11.7016,79.2683,GRID_021_052,11.75,79.5,25.79,0.1332,3
District,PONDICHERRY,MAHE,N/A,N/A,IND_DIST_0595,11.7016,79.2683,GRID_021_050,11.75,79.0,29.7,0.1156,4
District,PONDICHERRY,YANAM,N/A,N/A,IND_DIST_0596,12.0016,80.3783,GRID_022_056,12.0,80.5,13.24,0.356,1
District,PONDICHERRY,YANAM,N/A,N/A,IND_DIST_0596,12.0016,80.3783,GRID_022_055,12.0,80.25,13.96,0.3377,2
District,PONDICHERRY,YANAM,N/A,N/A,IND_DIST_0596,12.0016,80.3783,GRID_023_056,12.25,80.5,30.63,0.1539,3
District,PONDICHERRY,YANAM,N/A,N/A,IND_DIST_0596,12.0016,80.3783,GRID_023_055,12.25,80.25,30.94,0.1523,4
District,KARNATAKA,UTTAR KANNADA,N/A,N/A,IND_DIST_0597,15.1673,76.4339,GRID_035_040,15.25,76.5,11.61,0.393,1
District,KARNATAKA,UTTAR KANNADA,N/A,N/A,IND_DIST_0597,15.1673,76.4339,GRID_034_040,15.0,76.5,19.91,0.2292,2
District,KARNATAKA,UTTAR KANNADA,N/A,N/A,IND_DIST_0597,15.1673,76.4339,GRID_035_039,15.25,76.25,21.77,0.2096,3
District,KARNATAKA,UTTAR KANNADA,N/A,N/A,IND_DIST_0597,15.1673,76.4339,GRID_034_039,15.0,76.25,27.13,0.1682,4
District,KARNATAKA,DAKSHIN KANDA,N/A,N/A,IND_DIST_0598,15.2873,75.4439,GRID_035_036,15.25,75.5,7.31,0.533,1
District,KARNATAKA,DAKSHIN KANDA,N/A,N/A,IND_DIST_0598,15.2873,75.4439,GRID_035_035,15.25,75.25,21.21,0.1837,2
District,KARNATAKA,DAKSHIN KANDA,N/A,N/A,IND_DIST_0598,15.2873,75.4439,GRID_036_036,15.5,75.5,24.4,0.1596,3
District,KARNATAKA,DAKSHIN KANDA,N/A,N/A,IND_DIST_0598,15.2873,75.4439,GRID_036_035,15.5,75.25,31.49,0.1237,4
District,KARNATAKA,UDUPI,N/A,N/A,IND_DIST_0599,15.8273,75.3989,GRID_037_036,15.75,75.5,13.82,0.3397,1
District,KARNATAKA,UDUPI,N/A,N/A,IND_DIST_0599,15.8273,75.3989,GRID_037_035,15.75,75.25,18.1,0.2592,2
District,KARNATAKA,UDUPI,N/A,N/A,IND_DIST_0599,15.8273,75.3989,GRID_038_036,16.0,75.5,22.04,0.213,3
District,KARNATAKA,UDUPI,N/A,N/A,IND_DIST_0599,15.8273,75.3989,GRID_038_035,16.0,75.25,24.95,0.1881,4
District,KARNATAKA,BELGAM,N/A,N/A,IND_DIST_0600,15.3323,75.6539,GRID_035_037,15.25,75.75,13.78,0.3412,1
District,KARNATAKA,BELGAM,N/A,N/A,IND_DIST_0600,15.3323,75.6539,GRID_035_036,15.25,75.5,18.87,0.2492,2
District,KARNATAKA,BELGAM,N/A,N/A,IND_DIST_0600,15.3323,75.6539,GRID_036_037,15.5,75.75,21.3,0.2208,3
District,KARNATAKA,BELGAM,N/A,N/A,IND_DIST_0600,15.3323,75.6539,GRID_036_036,15.5,75.5,24.9,0.1889,4
District,KARNATAKA,BIDAR,N/A,N/A,IND_DIST_0601,15.5273,75.8039,GRID_036_037,15.5,75.75,6.52,0.5644,1
District,KARNATAKA,BIDAR,N/A,N/A,IND_DIST_0601,15.5273,75.8039,GRID_036_038,15.5,76.0,21.23,0.1734,2
District,KARNATAKA,BIDAR,N/A,N/A,IND_DIST_0601,15.5273,75.8039,GRID_037_037,15.75,75.75,25.43,0.1448,3
District,KARNATAKA,BIDAR,N/A,N/A,IND_DIST_0601,15.5273,75.8039,GRID_035_037,15.25,75.75,31.37,0.1174,4
District,KARNATAKA,BIJAPUR,N/A,N/A,IND_DIST_0602,15.3623,75.0689,GRID_035_034,15.25,75.0,14.51,0.3259,1
District,KARNATAKA,BIJAPUR,N/A,N/A,IND_DIST_0602,15.3623,75.0689,GRID_036_034,15.5,75.0,17.0,0.2781,2
District,KARNATAKA,BIJAPUR,N/A,N/A,IND_DIST_0602,15.3623,75.0689,GRID_035_035,15.25,75.25,23.09,0.2048,3
District,KARNATAKA,BIJAPUR,N/A,N/A,IND_DIST_0602,15.3623,75.0689,GRID_036_035,15.5,75.25,24.72,0.1912,4
District,KARNATAKA,DHARWAD,N/A,N/A,IND_DIST_0603,15.2123,75.3539,GRID_035_035,15.25,75.25,11.91,0.3831,1
District,KARNATAKA,DHARWAD,N/A,N/A,IND_DIST_0603,15.2123,75.3539,GRID_035_036,15.25,75.5,16.23,0.2812,2
District,KARNATAKA,DHARWAD,N/A,N/A,IND_DIST_0603,15.2123,75.3539,GRID_034_035,15.0,75.25,26.11,0.1747,3
District,KARNATAKA,DHARWAD,N/A,N/A,IND_DIST_0603,15.2123,75.3539,GRID_034_036,15.0,75.5,28.34,0.161,4
District,KARNATAKA,GULBARGA,N/A,N/A,IND_DIST_0604,14.8373,76.3139,GRID_033_039,14.75,76.25,11.89,0.386,1
District,KARNATAKA,GULBARGA,N/A,N/A,IND_DIST_0604,14.8373,76.3139,GRID_034_039,15.0,76.25,19.35,0.2373,2
District,KARNATAKA,GULBARGA,N/A,N/A,IND_DIST_0604,14.8373,76.3139,GRID_033_040,14.75,76.5,22.24,0.2064,3
District,KARNATAKA,GULBARGA,N/A,N/A,IND_DIST_0604,14.8373,76.3139,GRID_034_040,15.0,76.5,26.97,0.1703,4
District,KARNATAKA,YADGIR,N/A,N/A,IND_DIST_0605,15.4073,75.8789,GRID_036_038,15.5,76.0,16.57,0.2885,1
District,KARNATAKA,YADGIR,N/A,N/A,IND_DIST_0605,15.4073,75.8789,GRID_036_037,15.5,75.75,17.24,0.2774,2
District,KARNATAKA,YADGIR,N/A,N/A,IND_DIST_0605,15.4073,75.8789,GRID_035_038,15.25,76.0,21.79,0.2195,3
District,KARNATAKA,YADGIR,N/A,N/A,IND_DIST_0605,15.4073,75.8789,GRID_035_037,15.25,75.75,22.29,0.2145,4
District,KARNATAKA,RAICHUR,N/A,N/A,IND_DIST_0606,14.6423,75.7589,GRID_033_037,14.75,75.75,12.01,0.3884,1
District,KARNATAKA,RAICHUR,N/A,N/A,IND_DIST_0606,14.6423,75.7589,GRID_032_037,14.5,75.75,15.85,0.2943,2
District,KARNATAKA,RAICHUR,N/A,N/A,IND_DIST_0606,14.6423,75.7589,GRID_033_038,14.75,76.0,28.56,0.1634,3
District,KARNATAKA,RAICHUR,N/A,N/A,IND_DIST_0606,14.6423,75.7589,GRID_033_036,14.75,75.5,30.31,0.1539,4
District,KARNATAKA,BAGALKOTE,N/A,N/A,IND_DIST_0607,14.7623,75.4139,GRID_033_036,14.75,75.5,9.36,0.4609,1
District,KARNATAKA,BAGALKOTE,N/A,N/A,IND_DIST_0607,14.7623,75.4139,GRID_033_035,14.75,75.25,17.68,0.244,2
District,KARNATAKA,BAGALKOTE,N/A,N/A,IND_DIST_0607,14.7623,75.4139,GRID_034_036,15.0,75.5,28.0,0.154,3
District,KARNATAKA,BAGALKOTE,N/A,N/A,IND_DIST_0607,14.7623,75.4139,GRID_032_036,14.5,75.5,30.6,0.141,4
District,KARNATAKA,GADAG,N/A,N/A,IND_DIST_0608,15.0773,75.4739,GRID_034_036,15.0,75.5,9.04,0.4731,1
District,KARNATAKA,GADAG,N/A,N/A,IND_DIST_0608,15.0773,75.4739,GRID_035_036,15.25,75.5,19.41,0.2204,2
District,KARNATAKA,GADAG,N/A,N/A,IND_DIST_0608,15.0773,75.4739,GRID_034_035,15.0,75.25,25.53,0.1675,3
District,KARNATAKA,GADAG,N/A,N/A,IND_DIST_0608,15.0773,75.4739,GRID_035_035,15.25,75.25,30.76,0.139,4
District,KARNATAKA,HAVERI,N/A,N/A,IND_DIST_0609,14.7473,75.7439,GRID_033_037,14.75,75.75,0.72,0.926,1
District,KARNATAKA,HAVERI,N/A,N/A,IND_DIST_0609,14.7473,75.7439,GRID_033_036,14.75,75.5,26.23,0.0255,2
District,KARNATAKA,HAVERI,N/A,N/A,IND_DIST_0609,14.7473,75.7439,GRID_032_037,14.5,75.75,27.51,0.0243,3
District,KARNATAKA,HAVERI,N/A,N/A,IND_DIST_0609,14.7473,75.7439,GRID_033_038,14.75,76.0,27.54,0.0243,4
District,KARNATAKA,KOPPAL,N/A,N/A,IND_DIST_0610,15.1073,75.2189,GRID_034_035,15.0,75.25,12.39,0.3744,1
District,KARNATAKA,KOPPAL,N/A,N/A,IND_DIST_0610,15.1073,75.2189,GRID_035_035,15.25,75.25,16.21,0.2861,2
District,KARNATAKA,KOPPAL,N/A,N/A,IND_DIST_0610,15.1073,75.2189,GRID_034_034,15.0,75.0,26.36,0.176,3
District,KARNATAKA,KOPPAL,N/A,N/A,IND_DIST_0610,15.1073,75.2189,GRID_035_034,15.25,75.0,28.35,0.1636,4
District,KARNATAKA,BANGALORE RUR,N/A,N/A,IND_DIST_0611,14.8073,75.9389,GRID_033_038,14.75,76.0,9.15,0.4655,1
District,KARNATAKA,BANGALORE RUR,N/A,N/A,IND_DIST_0611,14.8073,75.9389,GRID_033_037,14.75,75.75,21.29,0.2001,2
District,KARNATAKA,BANGALORE RUR,N/A,N/A,IND_DIST_0611,14.8073,75.9389,GRID_034_038,15.0,76.0,22.41,0.1901,3
District,KARNATAKA,BANGALORE RUR,N/A,N/A,IND_DIST_0611,14.8073,75.9389,GRID_034_037,15.0,75.75,29.52,0.1443,4
District,KARNATAKA,BELLARY,N/A,N/A,IND_DIST_0612,15.4673,75.4139,GRID_036_036,15.5,75.5,9.92,0.4409,1
District,KARNATAKA,BELLARY,N/A,N/A,IND_DIST_0612,15.4673,75.4139,GRID_036_035,15.5,75.25,17.94,0.2438,2
District,KARNATAKA,BELLARY,N/A,N/A,IND_DIST_0612,15.4673,75.4139,GRID_035_036,15.25,75.5,25.87,0.169,3
District,KARNATAKA,BELLARY,N/A,N/A,IND_DIST_0612,15.4673,75.4139,GRID_035_035,15.25,75.25,29.88,0.1463,4
District,KARNATAKA,CHIKMAGALUR,N/A,N/A,IND_DIST_0613,15.1223,75.9989,GRID_034_038,15.0,76.0,13.6,0.3495,1
District,KARNATAKA,CHIKMAGALUR,N/A,N/A,IND_DIST_0613,15.1223,75.9989,GRID_035_038,15.25,76.0,14.2,0.3347,2
District,KARNATAKA,CHIKMAGALUR,N/A,N/A,IND_DIST_0613,15.1223,75.9989,GRID_034_037,15.0,75.75,29.99,0.1585,3
District,KARNATAKA,CHIKMAGALUR,N/A,N/A,IND_DIST_0613,15.1223,75.9989,GRID_034_039,15.0,76.25,30.2,0.1574,4
District,KARNATAKA,CHITRADURGA,N/A,N/A,IND_DIST_0614,15.9623,76.0739,GRID_038_038,16.0,76.0,8.94,0.4719,1
District,KARNATAKA,CHITRADURGA,N/A,N/A,IND_DIST_0614,15.9623,76.0739,GRID_038_039,16.0,76.25,19.29,0.2188,2
District,KARNATAKA,CHITRADURGA,N/A,N/A,IND_DIST_0614,15.9623,76.0739,GRID_037_038,15.75,76.0,24.89,0.1695,3
District,KARNATAKA,CHITRADURGA,N/A,N/A,IND_DIST_0614,15.9623,76.0739,GRID_037_039,15.75,76.25,30.2,0.1397,4
District,KARNATAKA,KODAGU,N/A,N/A,IND_DIST_0615,15.9473,76.1939,GRID_038_039,16.0,76.25,8.38,0.4912,1
District,KARNATAKA,KODAGU,N/A,N/A,IND_DIST_0615,15.9473,76.1939,GRID_038_038,16.0,76.0,21.54,0.1912,2
District,KARNATAKA,KODAGU,N/A,N/A,IND_DIST_0615,15.9473,76.1939,GRID_037_039,15.75,76.25,22.74,0.1811,3
District,KARNATAKA,KODAGU,N/A,N/A,IND_DIST_0615,15.9473,76.1939,GRID_037_038,15.75,76.0,30.19,0.1364,4
District,KARNATAKA,HASSAN,N/A,N/A,IND_DIST_0616,15.6173,75.6389,GRID_036_037,15.5,75.75,17.66,0.2727,1
District,KARNATAKA,HASSAN,N/A,N/A,IND_DIST_0616,15.6173,75.6389,GRID_037_037,15.75,75.75,18.95,0.2541,2
District,KARNATAKA,HASSAN,N/A,N/A,IND_DIST_0616,15.6173,75.6389,GRID_036_036,15.5,75.5,19.79,0.2434,3
District,KARNATAKA,HASSAN,N/A,N/A,IND_DIST_0616,15.6173,75.6389,GRID_037_036,15.75,75.5,20.95,0.2299,4
District,KARNATAKA,KOLAR,N/A,N/A,IND_DIST_0617,14.8073,75.3989,GRID_033_036,14.75,75.5,12.6,0.3667,1
District,KARNATAKA,KOLAR,N/A,N/A,IND_DIST_0617,14.8073,75.3989,GRID_033_035,14.75,75.25,17.23,0.2682,2
District,KARNATAKA,KOLAR,N/A,N/A,IND_DIST_0617,14.8073,75.3989,GRID_034_036,15.0,75.5,24.02,0.1923,3
District,KARNATAKA,KOLAR,N/A,N/A,IND_DIST_0617,14.8073,75.3989,GRID_034_035,15.0,75.25,26.74,0.1728,4
District,KARNATAKA,MANDYA,N/A,N/A,IND_DIST_0618,15.4673,76.3289,GRID_036_039,15.5,76.25,9.2,0.464,1
District,KARNATAKA,MANDYA,N/A,N/A,IND_DIST_0618,15.4673,76.3289,GRID_036_040,15.5,76.5,18.69,0.2285,2
District,KARNATAKA,MANDYA,N/A,N/A,IND_DIST_0618,15.4673,76.3289,GRID_035_039,15.25,76.25,25.6,0.1668,3
District,KARNATAKA,MANDYA,N/A,N/A,IND_DIST_0618,15.4673,76.3289,GRID_035_040,15.25,76.5,30.34,0.1408,4
District,KARNATAKA,MYSORE,N/A,N/A,IND_DIST_0619,15.2423,76.2089,GRID_035_039,15.25,76.25,4.49,0.658,1
District,KARNATAKA,MYSORE,N/A,N/A,IND_DIST_0619,15.2423,76.2089,GRID_035_038,15.25,76.0,22.43,0.1318,2
District,KARNATAKA,MYSORE,N/A,N/A,IND_DIST_0619,15.2423,76.2089,GRID_034_039,15.0,76.25,27.3,0.1083,3
District,KARNATAKA,MYSORE,N/A,N/A,IND_DIST_0619,15.2423,76.2089,GRID_036_039,15.5,76.25,28.99,0.1019,4
District,KARNATAKA,SHIMOGA,N/A,N/A,IND_DIST_0620,15.0923,75.2489,GRID_034_035,15.0,75.25,10.26,0.4349,1
District,KARNATAKA,SHIMOGA,N/A,N/A,IND_DIST_0620,15.0923,75.2489,GRID_035_035,15.25,75.25,17.54,0.2545,2
District,KARNATAKA,SHIMOGA,N/A,N/A,IND_DIST_0620,15.0923,75.2489,GRID_034_034,15.0,75.0,28.63,0.1559,3
District,KARNATAKA,SHIMOGA,N/A,N/A,IND_DIST_0620,15.0923,75.2489,GRID_034_036,15.0,75.5,28.85,0.1547,4
District,KARNATAKA,TUMKUR,N/A,N/A,IND_DIST_0621,15.4823,75.6689,GRID_036_037,15.5,75.75,8.91,0.4753,1
District,KARNATAKA,TUMKUR,N/A,N/A,IND_DIST_0621,15.4823,75.6689,GRID_036_036,15.5,75.5,18.21,0.2327,2
District,KARNATAKA,TUMKUR,N/A,N/A,IND_DIST_0621,15.4823,75.6689,GRID_035_037,15.25,75.75,27.25,0.1554,3
District,KARNATAKA,TUMKUR,N/A,N/A,IND_DIST_0621,15.4823,75.6689,GRID_037_037,15.75,75.75,31.01,0.1366,4
District,KARNATAKA,BANGALORE URB,N/A,N/A,IND_DIST_0622,16.0223,75.7439,GRID_038_037,16.0,75.75,2.56,0.7737,1
District,KARNATAKA,BANGALORE URB,N/A,N/A,IND_DIST_0622,16.0223,75.7439,GRID_039_037,16.25,75.75,25.33,0.0783,2
District,KARNATAKA,BANGALORE URB,N/A,N/A,IND_DIST_0622,16.0223,75.7439,GRID_038_036,16.0,75.5,26.19,0.0758,3
District,KARNATAKA,BANGALORE URB,N/A,N/A,IND_DIST_0622,16.0223,75.7439,GRID_038_038,16.0,76.0,27.48,0.0722,4
District,KARNATAKA,CHAMARAJANAGA,N/A,N/A,IND_DIST_0623,15.9023,75.0239,GRID_038_034,16.0,75.0,11.16,0.408,1
District,KARNATAKA,CHAMARAJANAGA,N/A,N/A,IND_DIST_0623,15.9023,75.0239,GRID_037_034,15.75,75.0,17.13,0.2659,2
District,KARNATAKA,CHAMARAJANAGA,N/A,N/A,IND_DIST_0623,15.9023,75.0239,GRID_038_035,16.0,75.25,26.5,0.1718,3
District,KARNATAKA,CHAMARAJANAGA,N/A,N/A,IND_DIST_0623,15.9023,75.0239,GRID_037_035,15.75,75.25,29.53,0.1542,4
District,KARNATAKA,DAVANGERE,N/A,N/A,IND_DIST_0624,15.8573,75.3989,GRID_037_036,15.75,75.5,16.1,0.2972,1
District,KARNATAKA,DAVANGERE,N/A,N/A,IND_DIST_0624,15.8573,75.3989,GRID_038_036,16.0,75.5,19.2,0.2493,2
District,KARNATAKA,DAVANGERE,N/A,N/A,IND_DIST_0624,15.8573,75.3989,GRID_037_035,15.75,75.25,19.9,0.2405,3
District,KARNATAKA,DAVANGERE,N/A,N/A,IND_DIST_0624,15.8573,75.3989,GRID_038_035,16.0,75.25,22.48,0.213,4
District,KARNATAKA,RAMNAGAR(BNGR),N/A,N/A,IND_DIST_0625,15.8423,75.4889,GRID_037_036,15.75,75.5,10.33,0.4329,1
District,KARNATAKA,RAMNAGAR(BNGR),N/A,N/A,IND_DIST_0625,15.8423,75.4889,GRID_038_036,16.0,75.5,17.58,0.2545,2
District,KARNATAKA,RAMNAGAR(BNGR),N/A,N/A,IND_DIST_0625,15.8423,75.4889,GRID_037_035,15.75,75.25,27.54,0.1624,3
District,KARNATAKA,RAMNAGAR(BNGR),N/A,N/A,IND_DIST_0625,15.8423,75.4889,GRID_037_037,15.75,75.75,29.76,0.1503,4
District,KARNATAKA,CHICKBALLAPUR,N/A,N/A,IND_DIST_0626,16.0523,76.1339,GRID_038_039,16.0,76.25,13.7,0.3387,1
District,KARNATAKA,CHICKBALLAPUR,N/A,N/A,IND_DIST_0626,16.0523,76.1339,GRID_038_038,16.0,76.0,15.45,0.3005,2
District,KARNATAKA,CHICKBALLAPUR,N/A,N/A,IND_DIST_0626,16.0523,76.1339,GRID_039_039,16.25,76.25,25.24,0.1839,3
District,KARNATAKA,CHICKBALLAPUR,N/A,N/A,IND_DIST_0626,16.0523,76.1339,GRID_039_038,16.25,76.0,26.23,0.177,4
District,KERALA,ALAPPUZHA,N/A,N/A,IND_DIST_0627,10.4905,76.8111,GRID_016_041,10.5,76.75,6.76,0.5553,1
District,KERALA,ALAPPUZHA,N/A,N/A,IND_DIST_0627,10.4905,76.8111,GRID_016_042,10.5,77.0,20.68,0.1816,2
District,KERALA,ALAPPUZHA,N/A,N/A,IND_DIST_0627,10.4905,76.8111,GRID_015_041,10.25,76.75,27.56,0.1363,3
District,KERALA,ALAPPUZHA,N/A,N/A,IND_DIST_0627,10.4905,76.8111,GRID_017_041,10.75,76.75,29.62,0.1268,4
District,KERALA,CANNUR,N/A,N/A,IND_DIST_0628,11.4805,76.3761,GRID_020_040,11.5,76.5,13.67,0.3419,1
District,KERALA,CANNUR,N/A,N/A,IND_DIST_0628,11.4805,76.3761,GRID_020_039,11.5,76.25,13.91,0.336,2
District,KERALA,CANNUR,N/A,N/A,IND_DIST_0628,11.4805,76.3761,GRID_019_040,11.25,76.5,28.97,0.1614,3
District,KERALA,CANNUR,N/A,N/A,IND_DIST_0628,11.4805,76.3761,GRID_019_039,11.25,76.25,29.08,0.1607,4
District,KERALA,ERNAKULAM,N/A,N/A,IND_DIST_0629,10.4755,76.4061,GRID_016_040,10.5,76.5,10.62,0.4243,1
District,KERALA,ERNAKULAM,N/A,N/A,IND_DIST_0629,10.4755,76.4061,GRID_016_039,10.5,76.25,17.28,0.2608,2
District,KERALA,ERNAKULAM,N/A,N/A,IND_DIST_0629,10.4755,76.4061,GRID_015_040,10.25,76.5,27.1,0.1663,3
District,KERALA,ERNAKULAM,N/A,N/A,IND_DIST_0629,10.4755,76.4061,GRID_015_039,10.25,76.25,30.34,0.1486,4
District,KERALA,KOTTAYAM,N/A,N/A,IND_DIST_0630,10.5505,75.5511,GRID_016_036,10.5,75.5,7.92,0.5118,1
District,KERALA,KOTTAYAM,N/A,N/A,IND_DIST_0630,10.5505,75.5511,GRID_016_037,10.5,75.75,22.46,0.1805,2
District,KERALA,KOTTAYAM,N/A,N/A,IND_DIST_0630,10.5505,75.5511,GRID_017_036,10.75,75.5,22.88,0.1772,3
District,KERALA,KOTTAYAM,N/A,N/A,IND_DIST_0630,10.5505,75.5511,GRID_017_037,10.75,75.75,31.06,0.1305,4
District,KERALA,KOZHIKODE,N/A,N/A,IND_DIST_0631,10.3405,76.0461,GRID_015_038,10.25,76.0,11.26,0.4056,1
District,KERALA,KOZHIKODE,N/A,N/A,IND_DIST_0631,10.3405,76.0461,GRID_016_038,10.5,76.0,18.44,0.2476,2
District,KERALA,KOZHIKODE,N/A,N/A,IND_DIST_0631,10.3405,76.0461,GRID_015_039,10.25,76.25,24.47,0.1866,3
District,KERALA,KOZHIKODE,N/A,N/A,IND_DIST_0631,10.3405,76.0461,GRID_016_039,10.5,76.25,28.49,0.1602,4
District,KERALA,MALAPPURAM,N/A,N/A,IND_DIST_0632,10.4455,76.5261,GRID_016_040,10.5,76.5,6.7,0.5591,1
District,KERALA,MALAPPURAM,N/A,N/A,IND_DIST_0632,10.4455,76.5261,GRID_015_040,10.25,76.5,21.93,0.1708,2
District,KERALA,MALAPPURAM,N/A,N/A,IND_DIST_0632,10.4455,76.5261,GRID_016_041,10.5,76.75,25.22,0.1485,3
District,KERALA,MALAPPURAM,N/A,N/A,IND_DIST_0632,10.4455,76.5261,GRID_016_039,10.5,76.25,30.79,0.1216,4
District,KERALA,PALAKKAD,N/A,N/A,IND_DIST_0633,10.5355,76.0311,GRID_016_038,10.5,76.0,5.21,0.6253,1
District,KERALA,PALAKKAD,N/A,N/A,IND_DIST_0633,10.5355,76.0311,GRID_017_038,10.75,76.0,24.09,0.1352,2
District,KERALA,PALAKKAD,N/A,N/A,IND_DIST_0633,10.5355,76.0311,GRID_016_039,10.5,76.25,24.25,0.1343,3
District,KERALA,PALAKKAD,N/A,N/A,IND_DIST_0633,10.5355,76.0311,GRID_016_037,10.5,75.75,30.98,0.1051,4
District,KERALA,KOLLAM,N/A,N/A,IND_DIST_0634,10.6555,75.5811,GRID_017_036,10.75,75.5,13.75,0.3451,1
District,KERALA,KOLLAM,N/A,N/A,IND_DIST_0634,10.6555,75.5811,GRID_016_036,10.5,75.5,19.43,0.2441,2
District,KERALA,KOLLAM,N/A,N/A,IND_DIST_0634,10.6555,75.5811,GRID_017_037,10.75,75.75,21.24,0.2233,3
District,KERALA,KOLLAM,N/A,N/A,IND_DIST_0634,10.6555,75.5811,GRID_016_037,10.5,75.75,25.29,0.1875,4
District,KERALA,THRISSUR,N/A,N/A,IND_DIST_0635,11.1805,76.7961,GRID_019_041,11.25,76.75,9.22,0.4662,1
District,KERALA,THRISSUR,N/A,N/A,IND_DIST_0635,11.1805,76.7961,GRID_018_041,11.0,76.75,20.69,0.2077,2
District,KERALA,THRISSUR,N/A,N/A,IND_DIST_0635,11.1805,76.7961,GRID_019_042,11.25,77.0,23.54,0.1826,3
District,KERALA,THRISSUR,N/A,N/A,IND_DIST_0635,11.1805,76.7961,GRID_018_042,11.0,77.0,29.96,0.1435,4
District,KERALA,THIRUVANANTHA,N/A,N/A,IND_DIST_0636,11.3605,76.7811,GRID_019_041,11.25,76.75,12.75,0.3669,1
District,KERALA,THIRUVANANTHA,N/A,N/A,IND_DIST_0636,11.3605,76.7811,GRID_020_041,11.5,76.75,15.88,0.2945,2
District,KERALA,THIRUVANANTHA,N/A,N/A,IND_DIST_0636,11.3605,76.7811,GRID_019_042,11.25,77.0,26.85,0.1742,3
District,KERALA,THIRUVANANTHA,N/A,N/A,IND_DIST_0636,11.3605,76.7811,GRID_020_042,11.5,77.0,28.46,0.1643,4
District,KERALA,IDUKKI,N/A,N/A,IND_DIST_0637,11.5555,76.7661,GRID_020_041,11.5,76.75,6.42,0.5692,1
District,KERALA,IDUKKI,N/A,N/A,IND_DIST_0637,11.5555,76.7661,GRID_021_041,11.75,76.75,21.7,0.1683,2
District,KERALA,IDUKKI,N/A,N/A,IND_DIST_0637,11.5555,76.7661,GRID_020_042,11.5,77.0,26.22,0.1393,3
District,KERALA,IDUKKI,N/A,N/A,IND_DIST_0637,11.5555,76.7661,GRID_020_040,11.5,76.5,29.64,0.1232,4
District,KERALA,KASARGOD,N/A,N/A,IND_DIST_0638,10.7305,76.7811,GRID_017_041,10.75,76.75,4.03,0.6862,1
District,KERALA,KASARGOD,N/A,N/A,IND_DIST_0638,10.7305,76.7811,GRID_017_042,10.75,77.0,24.01,0.1152,2
District,KERALA,KASARGOD,N/A,N/A,IND_DIST_0638,10.7305,76.7811,GRID_016_041,10.5,76.75,25.85,0.107,3
District,KERALA,KASARGOD,N/A,N/A,IND_DIST_0638,10.7305,76.7811,GRID_018_041,11.0,76.75,30.16,0.0917,4
District,KERALA,PATHANAMTHITTA,N/A,N/A,IND_DIST_0639,10.7605,76.6311,GRID_017_041,10.75,76.75,13.04,0.3598,1
District,KERALA,PATHANAMTHITTA,N/A,N/A,IND_DIST_0639,10.7605,76.6311,GRID_017_040,10.75,76.5,14.37,0.3266,2
District,KERALA,PATHANAMTHITTA,N/A,N/A,IND_DIST_0639,10.7605,76.6311,GRID_018_041,11.0,76.75,29.63,0.1584,3
District,KERALA,PATHANAMTHITTA,N/A,N/A,IND_DIST_0639,10.7605,76.6311,GRID_018_040,11.0,76.5,30.24,0.1552,4
District,KERALA,WAYANAD,N/A,N/A,IND_DIST_0640,11.1055,76.2411,GRID_018_039,11.0,76.25,11.77,0.3961,1
District,KERALA,WAYANAD,N/A,N/A,IND_DIST_0640,11.1055,76.2411,GRID_019_039,11.25,76.25,16.1,0.2897,2
District,KERALA,WAYANAD,N/A,N/A,IND_DIST_0640,11.1055,76.2411,GRID_018_038,11.0,76.0,28.81,0.1618,3
District,KERALA,WAYANAD,N/A,N/A,IND_DIST_0640,11.1055,76.2411,GRID_018_040,11.0,76.5,30.59,0.1524,4
District,LAKSHADWEEP,LAKSHADWEEP,N/A,N/A,IND_DIST_0641,9.8317,73.0617,GRID_013_026,9.75,73.0,11.32,0.4035,1
District,LAKSHADWEEP,LAKSHADWEEP,N/A,N/A,IND_DIST_0641,9.8317,73.0617,GRID_014_026,10.0,73.0,19.9,0.2297,2
District,LAKSHADWEEP,LAKSHADWEEP,N/A,N/A,IND_DIST_0641,9.8317,73.0617,GRID_013_027,9.75,73.25,22.54,0.2027,3
District,LAKSHADWEEP,LAKSHADWEEP,N/A,N/A,IND_DIST_0641,9.8317,73.0617,GRID_014_027,10.0,73.25,27.85,0.1641,4
Block,UTTAR PRADESH,MEERUT,Meerut,N/A,UP_MEERUT_BLK_01,28.98,77.7,GRID_090_045,29.0,77.75,5.35,0.602,1
Block,UTTAR PRADESH,MEERUT,Meerut,N/A,UP_MEERUT_BLK_01,28.98,77.7,GRID_090_044,29.0,77.5,19.58,0.1644,2
Block,UTTAR PRADESH,MEERUT,Meerut,N/A,UP_MEERUT_BLK_01,28.98,77.7,GRID_089_045,28.75,77.75,26.03,0.1236,3
Block,UTTAR PRADESH,MEERUT,Meerut,N/A,UP_MEERUT_BLK_01,28.98,77.7,GRID_090_046,29.0,78.0,29.26,0.11,4
Block,UTTAR PRADESH,MEERUT,Rajpura,N/A,UP_MEERUT_BLK_02,28.97,77.82,GRID_090_045,29.0,77.75,7.58,0.5061,1
Block,UTTAR PRADESH,MEERUT,Rajpura,N/A,UP_MEERUT_BLK_02,28.97,77.82,GRID_090_046,29.0,78.0,17.82,0.2153,2
Block,UTTAR PRADESH,MEERUT,Rajpura,N/A,UP_MEERUT_BLK_02,28.97,77.82,GRID_089_045,28.75,77.75,25.39,0.1511,3
Block,UTTAR PRADESH,MEERUT,Rajpura,N/A,UP_MEERUT_BLK_02,28.97,77.82,GRID_089_046,28.75,78.0,30.09,0.1275,4
Block,UTTAR PRADESH,MEERUT,Machhra,N/A,UP_MEERUT_BLK_03,28.88,77.88,GRID_090_046,29.0,78.0,17.73,0.2604,1
Block,UTTAR PRADESH,MEERUT,Machhra,N/A,UP_MEERUT_BLK_03,28.88,77.88,GRID_090_045,29.0,77.75,18.39,0.2511,2
Block,UTTAR PRADESH,MEERUT,Machhra,N/A,UP_MEERUT_BLK_03,28.88,77.88,GRID_089_046,28.75,78.0,18.59,0.2483,3
Block,UTTAR PRADESH,MEERUT,Machhra,N/A,UP_MEERUT_BLK_03,28.88,77.88,GRID_089_045,28.75,77.75,19.22,0.2402,4
Block,UTTAR PRADESH,MEERUT,Kharkhoda,N/A,UP_MEERUT_BLK_04,28.83,77.74,GRID_089_045,28.75,77.75,8.95,0.4622,1
Block,UTTAR PRADESH,MEERUT,Kharkhoda,N/A,UP_MEERUT_BLK_04,28.83,77.74,GRID_090_045,29.0,77.75,18.93,0.2185,2
Block,UTTAR PRADESH,MEERUT,Kharkhoda,N/A,UP_MEERUT_BLK_04,28.83,77.74,GRID_089_044,28.75,77.5,25.02,0.1653,3
Block,UTTAR PRADESH,MEERUT,Kharkhoda,N/A,UP_MEERUT_BLK_04,28.83,77.74,GRID_089_046,28.75,78.0,26.85,0.154,4
Block,UTTAR PRADESH,MEERUT,Sarurpur,N/A,UP_MEERUT_BLK_05,29.08,77.52,GRID_090_044,29.0,77.5,9.11,0.4574,1
Block,UTTAR PRADESH,MEERUT,Sarurpur,N/A,UP_MEERUT_BLK_05,29.08,77.52,GRID_091_044,29.25,77.5,19.0,0.2192,2
Block,UTTAR PRADESH,MEERUT,Sarurpur,N/A,UP_MEERUT_BLK_05,29.08,77.52,GRID_090_045,29.0,77.75,24.06,0.1731,3
Block,UTTAR PRADESH,MEERUT,Sarurpur,N/A,UP_MEERUT_BLK_05,29.08,77.52,GRID_090_043,29.0,77.25,27.71,0.1503,4
Block,UTTAR PRADESH,MEERUT,Sardhana,N/A,UP_MEERUT_BLK_06,29.14,77.61,GRID_091_044,29.25,77.5,16.24,0.283,1
Block,UTTAR PRADESH,MEERUT,Sardhana,N/A,UP_MEERUT_BLK_06,29.14,77.61,GRID_091_045,29.25,77.75,18.28,0.2513,2
Block,UTTAR PRADESH,MEERUT,Sardhana,N/A,UP_MEERUT_BLK_06,29.14,77.61,GRID_090_044,29.0,77.5,18.88,0.2433,3
Block,UTTAR PRADESH,MEERUT,Sardhana,N/A,UP_MEERUT_BLK_06,29.14,77.61,GRID_090_045,29.0,77.75,20.68,0.2223,4
Block,UTTAR PRADESH,MEERUT,Daurala,N/A,UP_MEERUT_BLK_07,29.11,77.71,GRID_090_045,29.0,77.75,12.83,0.3522,1
Block,UTTAR PRADESH,MEERUT,Daurala,N/A,UP_MEERUT_BLK_07,29.11,77.71,GRID_091_045,29.25,77.75,16.04,0.2817,2
Block,UTTAR PRADESH,MEERUT,Daurala,N/A,UP_MEERUT_BLK_07,29.11,77.71,GRID_090_044,29.0,77.5,23.8,0.1899,3
Block,UTTAR PRADESH,MEERUT,Daurala,N/A,UP_MEERUT_BLK_07,29.11,77.71,GRID_091_044,29.25,77.5,25.65,0.1762,4
Block,UTTAR PRADESH,MEERUT,Mawana,N/A,UP_MEERUT_BLK_08,29.1,77.92,GRID_090_046,29.0,78.0,13.57,0.3337,1
Block,UTTAR PRADESH,MEERUT,Mawana,N/A,UP_MEERUT_BLK_08,29.1,77.92,GRID_091_046,29.25,78.0,18.4,0.2461,2
Block,UTTAR PRADESH,MEERUT,Mawana,N/A,UP_MEERUT_BLK_08,29.1,77.92,GRID_090_045,29.0,77.75,19.92,0.2273,3
Block,UTTAR PRADESH,MEERUT,Mawana,N/A,UP_MEERUT_BLK_08,29.1,77.92,GRID_091_045,29.25,77.75,23.47,0.1929,4
Block,UTTAR PRADESH,MEERUT,Parikshitgarh,N/A,UP_MEERUT_BLK_09,28.98,77.96,GRID_090_046,29.0,78.0,4.48,0.6453,1
Block,UTTAR PRADESH,MEERUT,Parikshitgarh,N/A,UP_MEERUT_BLK_09,28.98,77.96,GRID_090_045,29.0,77.75,20.55,0.1407,2
Block,UTTAR PRADESH,MEERUT,Parikshitgarh,N/A,UP_MEERUT_BLK_09,28.98,77.96,GRID_089_046,28.75,78.0,25.87,0.1118,3
Block,UTTAR PRADESH,MEERUT,Parikshitgarh,N/A,UP_MEERUT_BLK_09,28.98,77.96,GRID_090_047,29.0,78.25,28.29,0.1022,4
Block,UTTAR PRADESH,MEERUT,Hastinapur,N/A,UP_MEERUT_BLK_10,29.17,78.02,GRID_091_046,29.25,78.0,9.1,0.4572,1
Block,UTTAR PRADESH,MEERUT,Hastinapur,N/A,UP_MEERUT_BLK_10,29.17,78.02,GRID_090_046,29.0,78.0,19.0,0.2191,2
Block,UTTAR PRADESH,MEERUT,Hastinapur,N/A,UP_MEERUT_BLK_10,29.17,78.02,GRID_091_047,29.25,78.25,24.03,0.1732,3
Block,UTTAR PRADESH,MEERUT,Hastinapur,N/A,UP_MEERUT_BLK_10,29.17,78.02,GRID_091_045,29.25,77.75,27.67,0.1504,4
Block,UTTAR PRADESH,MEERUT,Rohta,N/A,UP_MEERUT_BLK_11,28.92,77.56,GRID_090_044,29.0,77.5,10.64,0.4067,1
Block,UTTAR PRADESH,MEERUT,Rohta,N/A,UP_MEERUT_BLK_11,28.92,77.56,GRID_089_044,28.75,77.5,19.79,0.2187,2
Block,UTTAR PRADESH,MEERUT,Rohta,N/A,UP_MEERUT_BLK_11,28.92,77.56,GRID_090_045,29.0,77.75,20.51,0.211,3
Block,UTTAR PRADESH,MEERUT,Rohta,N/A,UP_MEERUT_BLK_11,28.92,77.56,GRID_089_045,28.75,77.75,26.45,0.1636,4
Block,UTTAR PRADESH,MEERUT,Janikhurd,N/A,UP_MEERUT_BLK_12,28.93,77.62,GRID_090_044,29.0,77.5,14.03,0.3182,1
Block,UTTAR PRADESH,MEERUT,Janikhurd,N/A,UP_MEERUT_BLK_12,28.93,77.62,GRID_090_045,29.0,77.75,14.85,0.3007,2
Block,UTTAR PRADESH,MEERUT,Janikhurd,N/A,UP_MEERUT_BLK_12,28.93,77.62,GRID_089_044,28.75,77.5,23.18,0.1926,3
Block,UTTAR PRADESH,MEERUT,Janikhurd,N/A,UP_MEERUT_BLK_12,28.93,77.62,GRID_089_045,28.75,77.75,23.68,0.1885,4
Gram Panchayat,UTTAR PRADESH,MEERUT,Sardhana,Karnawal,UP_MEERUT_GP_01,29.12,77.58,GRID_090_044,29.0,77.5,15.44,0.2965,1
Gram Panchayat,UTTAR PRADESH,MEERUT,Sardhana,Karnawal,UP_MEERUT_GP_01,29.12,77.58,GRID_091_044,29.25,77.5,16.41,0.2791,2
Gram Panchayat,UTTAR PRADESH,MEERUT,Sardhana,Karnawal,UP_MEERUT_GP_01,29.12,77.58,GRID_090_045,29.0,77.75,21.24,0.2156,3
Gram Panchayat,UTTAR PRADESH,MEERUT,Sardhana,Karnawal,UP_MEERUT_GP_01,29.12,77.58,GRID_091_045,29.25,77.75,21.94,0.2087,4
Gram Panchayat,UTTAR PRADESH,MEERUT,Daurala,Lawar,UP_MEERUT_GP_02,29.11,77.76,GRID_090_045,29.0,77.75,12.27,0.3717,1
Gram Panchayat,UTTAR PRADESH,MEERUT,Daurala,Lawar,UP_MEERUT_GP_02,29.11,77.76,GRID_091_045,29.25,77.75,15.6,0.2924,2
Gram Panchayat,UTTAR PRADESH,MEERUT,Daurala,Lawar,UP_MEERUT_GP_02,29.11,77.76,GRID_090_046,29.0,78.0,26.34,0.1731,3
Gram Panchayat,UTTAR PRADESH,MEERUT,Daurala,Lawar,UP_MEERUT_GP_02,29.11,77.76,GRID_091_046,29.25,78.0,28.02,0.1628,4
Gram Panchayat,UTTAR PRADESH,MEERUT,Hastinapur,Bahsuma,UP_MEERUT_GP_03,29.21,77.97,GRID_091_046,29.25,78.0,5.32,0.6014,1
Gram Panchayat,UTTAR PRADESH,MEERUT,Hastinapur,Bahsuma,UP_MEERUT_GP_03,29.21,77.97,GRID_091_045,29.25,77.75,21.81,0.1466,2
Gram Panchayat,UTTAR PRADESH,MEERUT,Hastinapur,Bahsuma,UP_MEERUT_GP_03,29.21,77.97,GRID_090_046,29.0,78.0,23.53,0.1359,3
Gram Panchayat,UTTAR PRADESH,MEERUT,Hastinapur,Bahsuma,UP_MEERUT_GP_03,29.21,77.97,GRID_091_047,29.25,78.25,27.53,0.1161,4
Gram Panchayat,UTTAR PRADESH,MEERUT,Machhra,Kithaur,UP_MEERUT_GP_04,28.86,77.94,GRID_089_046,28.75,78.0,13.56,0.3348,1
Gram Panchayat,UTTAR PRADESH,MEERUT,Machhra,Kithaur,UP_MEERUT_GP_04,28.86,77.94,GRID_090_046,29.0,78.0,16.63,0.273,2
Gram Panchayat,UTTAR PRADESH,MEERUT,Machhra,Kithaur,UP_MEERUT_GP_04,28.86,77.94,GRID_089_045,28.75,77.75,22.19,0.2045,3
Gram Panchayat,UTTAR PRADESH,MEERUT,Machhra,Kithaur,UP_MEERUT_GP_04,28.86,77.94,GRID_090_045,29.0,77.75,24.17,0.1878,4
Gram Panchayat,UTTAR PRADESH,MEERUT,Mawana,Saini,UP_MEERUT_GP_05,29.08,77.86,GRID_090_045,29.0,77.75,13.91,0.3232,1
Gram Panchayat,UTTAR PRADESH,MEERUT,Mawana,Saini,UP_MEERUT_GP_05,29.08,77.86,GRID_090_046,29.0,78.0,16.26,0.2765,2
Gram Panchayat,UTTAR PRADESH,MEERUT,Mawana,Saini,UP_MEERUT_GP_05,29.08,77.86,GRID_091_045,29.25,77.75,21.71,0.2071,3
Gram Panchayat,UTTAR PRADESH,MEERUT,Mawana,Saini,UP_MEERUT_GP_05,29.08,77.86,GRID_091_046,29.25,78.0,23.28,0.1931,4
Gram Panchayat,UTTAR PRADESH,MEERUT,Parikshitgarh,Parikshitgarh Rural,UP_MEERUT_GP_06,28.99,77.98,GRID_090_046,29.0,78.0,2.24,0.788,1
Gram Panchayat,UTTAR PRADESH,MEERUT,Parikshitgarh,Parikshitgarh Rural,UP_MEERUT_GP_06,28.99,77.98,GRID_090_045,29.0,77.75,22.4,0.0788,2
Gram Panchayat,UTTAR PRADESH,MEERUT,Parikshitgarh,Parikshitgarh Rural,UP_MEERUT_GP_06,28.99,77.98,GRID_090_047,29.0,78.25,26.28,0.0672,3
Gram Panchayat,UTTAR PRADESH,MEERUT,Parikshitgarh,Parikshitgarh Rural,UP_MEERUT_GP_06,28.99,77.98,GRID_089_046,28.75,78.0,26.76,0.066,4
Gram Panchayat,UTTAR PRADESH,MEERUT,Sarurpur,Khiwai,UP_MEERUT_GP_07,29.06,77.49,GRID_090_044,29.0,77.5,6.74,0.5392,1
Gram Panchayat,UTTAR PRADESH,MEERUT,Sarurpur,Khiwai,UP_MEERUT_GP_07,29.06,77.49,GRID_091_044,29.25,77.5,21.15,0.1719,2
Gram Panchayat,UTTAR PRADESH,MEERUT,Sarurpur,Khiwai,UP_MEERUT_GP_07,29.06,77.49,GRID_090_043,29.0,77.25,24.27,0.1498,3
Gram Panchayat,UTTAR PRADESH,MEERUT,Sarurpur,Khiwai,UP_MEERUT_GP_07,29.06,77.49,GRID_090_045,29.0,77.75,26.14,0.1391,4
Gram Panchayat,UTTAR PRADESH,MEERUT,Meerut,Mohiuddinpur,UP_MEERUT_GP_08,28.9,77.66,GRID_090_045,29.0,77.75,14.15,0.3214,1
Gram Panchayat,UTTAR PRADESH,MEERUT,Meerut,Mohiuddinpur,UP_MEERUT_GP_08,28.9,77.66,GRID_089_045,28.75,77.75,18.84,0.2414,2
Gram Panchayat,UTTAR PRADESH,MEERUT,Meerut,Mohiuddinpur,UP_MEERUT_GP_08,28.9,77.66,GRID_090_044,29.0,77.5,19.13,0.2378,3
Gram Panchayat,UTTAR PRADESH,MEERUT,Meerut,Mohiuddinpur,UP_MEERUT_GP_08,28.9,77.66,GRID_089_044,28.75,77.5,22.83,0.1993,4
